Date,Close,High,Low,Open,Volume,daily_return_pct,ath_close,drawdown_pct,is_bear,regime
2014-09-17,457.3340148925781,468.1740112304688,452.4219970703125,465.864013671875,21056800,,457.3340148925781,0.0,False,bull
2014-09-18,424.4400024414063,456.8599853515625,413.10400390625,456.8599853515625,34483200,-7.192557601231164,457.3340148925781,-7.192557601231164,False,bull
2014-09-19,394.7959899902344,427.8349914550781,384.5320129394531,424.1029968261719,37919700,-6.984264508683835,457.3340148925781,-13.674474862105567,False,bull
2014-09-20,408.9039916992188,423.2959899902344,389.8829956054688,394.6730041503906,36863600,3.573491642945359,457.3340148925781,-10.589639435574217,False,bull
2014-09-21,398.8210144042969,412.4259948730469,393.1809997558594,408.0849914550781,26580100,-2.46585445473928,457.3340148925781,-12.79436879455057,False,bull
2014-09-22,402.1520080566406,406.9159851074219,397.1300048828125,399.1000061035156,24127600,0.8352101649706567,457.3340148925781,-12.066018498295838,False,bull
2014-09-23,435.7909851074219,441.5570068359375,396.1969909667969,402.0920104980469,45099500,8.364741783421215,457.3340148925781,-4.710568005796912,False,bull
2014-09-24,423.2049865722656,436.1119995117188,421.1319885253906,435.7510070800781,30627700,-2.8880814347395978,457.3340148925781,-7.462604400490303,False,bull
2014-09-25,411.5740051269531,423.5199890136719,409.4679870605469,423.156005859375,26814400,-2.7483091679796234,457.3340148925781,-10.005818127561195,False,bull
2014-09-26,404.4249877929688,414.93798828125,400.0090026855469,411.4289855957031,21460800,-1.736994378879475,457.3340148925781,-11.569012008004032,False,bull
2014-09-27,399.5199890136719,406.62298583984375,397.37200927734375,403.5559997558594,15029300,-1.2128327693262775,457.3340148925781,-12.641532008609946,False,bull
2014-09-28,377.1809997558594,401.0169982910156,374.3320007324219,399.4710083007813,23613300,-5.591457216687113,457.3340148925781,-17.526143371501824,False,bull
2014-09-29,375.4670104980469,385.21099853515625,372.239990234375,376.9280090332031,32497700,-0.454420890480145,457.3340148925781,-17.900921805206373,False,bull
2014-09-30,386.9440002441406,390.97698974609375,373.4429931640625,376.0880126953125,34707300,3.0567238732558177,457.3340148925781,-15.39137968230314,False,bull
2014-10-01,383.614990234375,391.3789978027344,380.7799987792969,387.427001953125,26229400,-0.8603337970520819,457.3340148925781,-16.119296238115766,False,bull
2014-10-02,375.0719909667969,385.49700927734375,372.9460144042969,383.9880065917969,21777700,-2.22697222086099,457.3340148925781,-17.987296209555627,False,bull
2014-10-03,359.5119934082031,377.6950073242188,357.8590087890625,375.1809997558594,30901200,-4.148536263261304,457.3340148925781,-21.389622966783296,True,bear
2014-10-04,328.8659973144531,364.4869995117188,325.885986328125,359.8919982910156,47236500,-8.524332054467354,457.3340148925781,-28.090632534363426,True,bear
2014-10-05,320.510009765625,341.8009948730469,289.2959899902344,328.9159851074219,83308096,-2.5408487399317115,457.3340148925781,-29.91774079150691,True,bear
2014-10-06,330.0790100097656,345.1340026855469,302.5599975585937,320.3890075683594,79011800,2.985554258083245,457.3340148925781,-27.825396917546808,True,bear
2014-10-07,336.18701171875,339.2470092773437,320.48199462890625,330.5840148925781,49199900,1.8504665621736027,457.3340148925781,-26.489830021124494,True,bear
2014-10-08,352.94000244140625,354.364013671875,327.18798828125,336.1159973144531,54736300,4.983235561959076,457.3340148925781,-22.82664508908061,True,bear
2014-10-09,365.0260009765625,382.72601318359375,347.68701171875,352.7479858398437,83641104,3.424377642532228,457.3340148925781,-20.18393797751903,True,bear
2014-10-10,361.56201171875,375.0669860839844,352.9630126953125,364.68701171875,43665700,-0.9489705523839986,457.3340148925781,-20.94136890218492,True,bear
2014-10-11,362.2990112304688,367.1910095214844,355.95098876953125,361.3619995117188,13345200,0.2038376510340001,457.3340148925781,-20.780217645615494,True,bear
2014-10-12,378.5490112304688,379.4330139160156,356.1440124511719,362.6059875488281,17552800,4.485245473017008,457.3340148925781,-17.227015943831535,False,bull
2014-10-13,390.41400146484375,397.22601318359375,368.8970031738281,377.9209899902344,35221400,3.1343339653187696,457.3340148925781,-14.632634190451155,False,bull
2014-10-14,400.8699951171875,411.697998046875,391.3240051269531,391.6919860839844,38491500,2.6781810112118443,457.3340148925781,-12.346341609568078,False,bull
2014-10-15,394.7730102539063,402.22698974609375,388.7659912109375,400.9549865722656,25267100,-1.5209381938148914,457.3340148925781,-13.679499578304188,False,bull
2014-10-16,382.5559997558594,398.8070068359375,373.0700073242188,394.51800537109375,26990000,-3.0946924386217045,457.3340148925781,-16.350853577834823,False,bull
2014-10-17,383.7579956054688,385.4779968261719,375.3890075683594,382.7560119628906,13600700,0.31420128043384565,457.3340148925781,-16.088026888704388,False,bull
2014-10-18,391.4419860839844,395.1579895019531,378.9710083007813,383.97601318359375,11416800,2.0023010768524196,457.3340148925781,-14.407856547488807,False,bull
2014-10-19,389.5459899902344,393.9389953613281,386.4570007324219,391.2539978027344,5914570,-0.4843619645193642,457.3340148925781,-14.822432334989621,False,bull
2014-10-20,382.8450012207031,390.0840148925781,378.25201416015625,389.2309875488281,16419000,-1.720204787552615,457.3340148925781,-16.287660931883995,False,bull
2014-10-21,386.4750061035156,392.64599609375,380.8340148925781,382.4209899902344,14188900,0.9481656731152865,457.3340148925781,-15.493929268678253,False,bull
2014-10-22,383.1579895019531,388.5759887695313,382.2489929199219,386.1180114746094,11641300,-0.858274545359361,457.3340148925781,-16.219223363048563,False,bull
2014-10-23,358.4169921875,385.0480041503906,356.4469909667969,382.9620056152344,26456900,-6.457126822962156,457.3340148925781,-21.62905436375916,True,bear
2014-10-24,358.3450012207031,364.3450012207031,353.30499267578125,358.59100341796875,15585700,-0.02008581299606238,457.3340148925781,-21.6447958053429,True,bear
2014-10-25,347.27099609375,359.8609924316406,342.87701416015625,358.6109924316406,18127500,-3.090319409850706,457.3340148925781,-24.066221889198538,True,bear
2014-10-26,354.7040100097656,359.22100830078125,343.9309997558594,347.48699951171875,11272500,2.140407347467921,457.3340148925781,-22.440929723304958,True,bear
2014-10-27,352.989013671875,358.6319885253906,349.8089904785156,354.7770080566406,13033000,-0.48350069057392364,457.3340148925781,-22.815928363695505,True,bear
2014-10-28,357.6180114746094,359.9840087890625,352.6789855957031,353.2149963378906,7845880,1.3113716357861849,457.3340148925781,-21.803758340912115,True,bear
2014-10-29,335.59100341796875,357.8330078125,335.3429870605469,357.0889892578125,18192700,-6.1593676352636795,457.3340148925781,-26.620152341654546,True,bear
2014-10-30,345.30499267578125,350.9129943847656,335.0719909667969,335.7090148925781,30177900,2.894591678226255,457.3340148925781,-24.49610537784097,True,bear
2014-10-31,338.3210144042969,348.0450134277344,337.1419982910156,345.0090026855469,12545400,-2.0225535163465924,457.3340148925781,-26.023212053500078,True,bear
2014-11-01,325.7489929199219,340.52899169921875,321.05499267578125,338.6499938964844,16677200,-3.7160037210550945,457.3340148925781,-28.772192246309046,True,bear
2014-11-02,325.8919982910156,329.04998779296875,320.6260070800781,326.07501220703125,8603620,0.043900479879277476,457.3340148925781,-28.740922896897693,True,bear
2014-11-03,327.5539855957031,334.00201416015625,325.4809875488281,325.5690002441406,12948500,0.5099810100901436,457.3340148925781,-28.37751513570638,True,bear
2014-11-04,330.49200439453125,331.7669982910156,325.0769958496094,327.1610107421875,15655500,0.8969571209719529,457.3340148925781,-27.735092157499032,True,bear
2014-11-05,339.4859924316406,343.3689880371094,330.6830139160156,330.6830139160156,19817200,2.721393533736638,457.3340148925781,-25.76847962831247,True,bear
2014-11-06,349.2900085449219,352.96600341796875,338.42401123046875,339.4580078125,18797000,2.887900040604885,457.3340148925781,-23.62474752135688,True,bear
2014-11-07,342.4150085449219,352.73199462890625,341.7760009765625,349.8179931640625,16834200,-1.9682784596788183,457.3340148925781,-25.12802516441932,True,bear
2014-11-08,345.4880065917969,347.0320129394531,342.15399169921875,342.15399169921875,8535470,0.8974484091493373,457.3340148925781,-24.456087817358707,True,bear
2014-11-09,363.2640075683594,363.6260070800781,344.2550048828125,345.3760070800781,24205600,5.14518612438124,457.3340148925781,-20.569212929922685,True,bear
2014-11-10,366.9240112304688,374.8160095214844,357.5610046386719,362.2650146484375,30450100,1.0075326995947043,457.3340148925781,-19.76892177664621,False,bull
2014-11-11,367.6950073242188,371.30999755859375,363.7349853515625,365.8569946289063,15838900,0.21012418652148757,457.3340148925781,-19.60033687619198,False,bull
2014-11-12,423.5610046386719,429.7179870605469,367.9849853515625,367.9849853515625,45783200,15.193569725354639,457.3340148925781,-7.384758000525959,False,bull
2014-11-13,420.7349853515625,457.0929870605469,401.12298583984375,427.2730102539063,58945000,-0.667204784236497,457.3340148925781,-8.00269132607866,False,bull
2014-11-14,397.8179931640625,419.25201416015625,384.78900146484375,418.4169921875,29589200,-5.446894835320326,457.3340148925781,-13.013687980872179,False,bull
2014-11-15,376.1329956054688,405.5280151367188,371.0079956054688,399.6499938964844,15727500,-5.450984603818732,457.3340148925781,-17.755298456464562,False,bull
2014-11-16,387.8819885253906,390.7990112304688,374.60198974609375,374.7300109863281,11905600,3.123627295980569,457.3340148925781,-15.18628050955293,False,bull
2014-11-17,387.4079895019531,410.1990051269531,377.50201416015625,388.3489990234375,41518800,-0.12220186486088247,457.3340148925781,-15.289924456428139,False,bull
2014-11-18,375.197998046875,392.4020080566406,371.1170043945313,387.7850036621094,32222500,-3.1517139000605376,457.3340148925781,-17.95974368208667,False,bull
2014-11-19,380.5549926757813,386.4809875488281,373.89599609375,373.89599609375,18931800,1.4277780416720232,457.3340148925781,-16.78839091704806,False,bull
2014-11-20,357.8399963378906,382.0249938964844,356.781005859375,380.3070068359375,25233200,-5.9689129758029535,457.3340148925781,-21.755219448974806,True,bear
2014-11-21,350.8479919433594,357.8789978027344,344.11199951171875,357.8789978027344,29850100,-1.9539471456759827,457.3340148925781,-23.284081105192,True,bear
2014-11-22,352.9200134277344,364.8410034179688,350.87799072265625,351.60400390625,15273000,0.5905752724699953,457.3340148925781,-22.831015858151126,True,bear
2014-11-23,367.572998046875,370.8450012207031,353.17498779296875,353.17498779296875,15151600,4.151927933138033,457.3340148925781,-19.627015249846835,False,bull
2014-11-24,376.9010009765625,387.2090148925781,366.66900634765625,366.947998046875,30930100,2.537728010287066,457.3340148925781,-17.58736750313844,False,bull
2014-11-25,375.3479919433594,394.7009887695313,374.7839965820313,376.885986328125,25442200,-0.4120469378375846,457.3340148925781,-17.92694623173311,False,bull
2014-11-26,368.3699951171875,377.697998046875,365.8160095214844,376.0190124511719,18601700,-1.859073972939984,457.3340148925781,-19.452745013135996,False,bull
2014-11-27,369.6700134277344,373.9920043945313,368.2820129394531,370.50201416015625,8748030,0.3529110209242958,457.3340148925781,-19.168484873235347,False,bull
2014-11-28,376.4469909667969,382.8380126953125,358.4549865722656,369.3739929199219,22946500,1.8332505458648285,457.3340148925781,-17.686640680943132,False,bull
2014-11-29,375.4909973144531,387.60101318359375,372.1449890136719,376.1520080566406,15375600,-0.25395173166042895,457.3340148925781,-17.895676882321744,False,bull
2014-11-30,378.0469970703125,382.5270080566406,373.3089904785156,375.510009765625,9194440,0.6807086652250272,457.3340148925781,-17.33678564033535,False,bull
2014-12-01,379.2449951171875,383.6619873046875,376.66900634765625,378.2489929199219,11763000,0.3168913008591234,457.3340148925781,-17.07483310501904,False,bull
2014-12-02,381.3150024414063,384.0379943847656,377.8630065917969,379.25,12364100,0.5458232411423625,457.3340148925781,-16.622208271350146,False,bull
2014-12-03,375.010009765625,383.0260009765625,374.3460083007813,381.7219848632813,13340100,-1.653486654186953,457.3340148925781,-18.000848930139156,False,bull
2014-12-04,369.60400390625,378.6549987792969,367.7590026855469,375.7179870605469,14529600,-1.4415630832770754,457.3340148925781,-19.182918420562878,False,bull
2014-12-05,376.85400390625,379.1919860839844,365.7560119628906,369.4419860839844,15181800,1.9615588368569137,457.3340148925781,-17.597643815151564,False,bull
2014-12-06,374.7850036621094,378.447998046875,370.9450073242188,376.7569885253906,7009320,-0.5490190425720742,457.3340148925781,-18.050048442134457,False,bull
2014-12-07,375.0950012207031,376.2919921875,373.2749938964844,374.83599853515625,6491650,0.08271343718790902,457.3340148925781,-17.98226482042712,False,bull
2014-12-08,361.9089965820313,376.0289916992188,361.885986328125,374.9649963378906,18898700,-3.5153773299456126,457.3340148925781,-20.86549768946465,True,bear
2014-12-09,352.218994140625,363.0669860839844,344.95098876953125,361.8949890136719,32915500,-2.6774693453109455,457.3340148925781,-22.98429973039361,True,bear
2014-12-10,346.364990234375,352.3840026855469,346.364990234375,352.2049865722656,16427700,-1.6620352688625162,457.3340148925781,-24.264327831435917,True,bear
2014-12-11,350.5060119628906,361.3569946289063,338.76300048828125,344.3399963378906,32431300,1.1955659045429279,457.3340148925781,-23.35885795741216,True,bear
2014-12-12,352.5419921875,352.9830017089844,349.2909851074219,350.8330078125,16989800,0.5808688453609046,457.3340148925781,-22.913673440557968,True,bear
2014-12-13,347.3760070800781,352.3810119628906,346.5880126953125,352.3810119628906,11675900,-1.4653531272593279,457.3340148925781,-24.043260337486096,True,bear
2014-12-14,351.6319885253906,353.3160095214844,345.4179992675781,346.7269897460937,12415200,1.2251800235389965,457.3340148925781,-23.11265353660946,True,bear
2014-12-15,345.3450012207031,351.81500244140625,344.9339904785156,351.3609924316406,17264200,-1.7879452125651896,457.3340148925781,-24.487357166770064,True,bear
2014-12-16,327.06201171875,345.8590087890625,327.06201171875,345.6730041503906,30864900,-5.294123105105797,457.3340148925781,-28.4850894382801,True,bear
2014-12-17,319.7760009765625,333.9540100097656,315.1520080566406,326.8550109863281,37567900,-2.227715381526163,457.3340148925781,-30.07823810094822,True,bear
2014-12-18,311.39599609375,323.7090148925781,304.23199462890625,319.7850036621094,39173000,-2.6205859280311383,457.3340148925781,-31.910597953906205,True,bear
2014-12-19,317.8429870605469,318.5329895019531,306.7690124511719,311.1789855957031,23823100,2.070351272228921,457.3340148925781,-30.500908152391837,True,bear
2014-12-20,329.9559936523437,330.32501220703125,316.04400634765625,317.6189880371094,20856700,3.811003257872536,457.3340148925781,-27.85229549788766,True,bear
2014-12-21,320.8429870605469,329.6289978027344,318.90301513671875,329.5429992675781,15207600,-2.761885453548907,457.3340148925781,-29.844932453600947,True,bear
2014-12-22,331.885986328125,334.11700439453125,320.42498779296875,321.0679931640625,22315100,3.4418702333968154,457.3340148925781,-27.43028606650202,True,bear
2014-12-23,334.5719909667969,336.2869873046875,329.6019897460937,332.0169982910156,16574200,0.809315472578076,457.3340148925781,-26.84296814323257,True,bear
2014-12-24,322.53399658203125,334.7409973144531,321.35699462890625,334.385009765625,15092300,-3.5980281403652503,457.3340148925781,-29.47517873609503,True,bear
2014-12-25,319.00799560546875,322.6700134277344,316.9580078125,322.2860107421875,9883640,-1.093218393697526,457.3340148925781,-30.24616905427434,True,bear
2014-12-26,327.92401123046875,331.42401123046875,316.62701416015625,319.1520080566406,16410500,2.7949191706237997,457.3340148925781,-28.296605860927738,True,bear
2014-12-27,315.8630065917969,328.9110107421875,312.6300048828125,327.5830078125,15185200,-3.6779876512901266,457.3340148925781,-30.933847842918695,True,bear
2014-12-28,317.239013671875,320.02801513671875,311.0780029296875,316.1600036621094,11676600,0.43563413611660273,457.3340148925781,-30.632972107620215,True,bear
2014-12-29,312.6700134277344,320.2669982910156,312.3070068359375,317.70098876953125,12302500,-1.4402390775512863,457.3340148925781,-31.632023150262167,True,bear
2014-12-30,310.73699951171875,314.8089904785156,309.3729858398437,312.718994140625,12528300,-0.6182281104684106,457.3340148925781,-32.05469320170579,True,bear
2014-12-31,320.1929931640625,320.1929931640625,310.21099853515625,310.9140014648437,13942900,3.0430858466170996,457.3340148925781,-29.98705918708633,True,bear
2015-01-01,314.2489929199219,320.4349975585937,314.00299072265625,320.4349975585937,8036550,-1.856380486469611,457.3340148925781,-31.286765758340774,True,bear
2015-01-02,315.0320129394531,315.8389892578125,313.56500244140625,314.0790100097656,7860650,0.24917184690256278,457.3340148925781,-31.115551723514358,True,bear
2015-01-03,281.0820007324219,315.1499938964844,281.0820007324219,314.84600830078125,33054400,-10.776686435849992,457.3340148925781,-38.5390127173365,True,bear
2015-01-04,264.19500732421875,287.2300109863281,257.61199951171875,281.14599609375,55629100,-6.00785299812876,457.3340148925781,-42.23149848447753,True,bear
2015-01-05,274.4739990234375,278.34100341796875,265.0840148925781,265.0840148925781,43962800,3.890683553533014,457.3340148925781,-39.98390889689062,True,bear
2015-01-06,286.1889953613281,287.5530090332031,272.6960144042969,274.6109924316406,23245700,4.268162514326268,457.3340148925781,-37.4223245938638,True,bear
2015-01-07,294.3370056152344,298.7539978027344,283.0790100097656,286.0769958496094,24866800,2.8470732229305185,457.3340148925781,-35.64069235384332,True,bear
2015-01-08,283.3489990234375,294.135009765625,282.17498779296875,294.135009765625,19982500,-3.733137995621494,457.3340148925781,-38.04331412130092,True,bear
2015-01-09,290.4079895019531,291.114013671875,280.5329895019531,282.38299560546875,18718600,2.4912706601556422,457.3340148925781,-36.4998053840001,True,bear
2015-01-10,274.7959899902344,288.12701416015625,273.96600341796875,287.3030090332031,15264300,-5.375884988044987,457.3340148925781,-39.913502813740976,True,bear
2015-01-11,265.6600036621094,279.63800048828125,265.0390014648437,274.6080017089844,18200800,-3.324643248414827,457.3340148925781,-41.9111644856529,True,bear
2015-01-12,267.7959899902344,272.2030029296875,265.20001220703125,266.14599609375,18880300,0.804030075540374,457.3340148925781,-41.44411277758637,True,bear
2015-01-13,225.86099243164065,268.2770080566406,219.906005859375,267.3940124511719,72843904,-15.659307504986518,457.3340148925781,-50.61355922001724,True,bear
2015-01-14,178.10299682617188,223.8939971923828,171.50999450683594,223.8939971923828,97638704,-21.144862196566883,457.3340148925781,-61.05625406673369,True,bear
2015-01-15,209.843994140625,229.06700134277344,176.89700317382812,176.89700317382812,81773504,17.82170871915887,457.3340148925781,-54.115813102177704,True,bear
2015-01-16,208.0970001220703,221.59100341796875,199.77099609375,209.07000732421875,38421000,-0.832520380537527,457.3340148925781,-54.497808309546,True,bear
2015-01-17,199.25999450683597,211.7310028076172,194.875,207.83399963378903,23469700,-4.246580013191215,457.3340148925781,-56.430095287436785,True,bear
2015-01-18,210.3390045166016,218.69500732421875,194.5059967041016,200.0500030517578,30085100,5.560077444138201,457.3340148925781,-54.00757484308104,True,bear
2015-01-19,214.86099243164065,216.72799682617188,207.3179931640625,211.4709930419922,18658300,2.1498570488300173,457.3340148925781,-53.01880344891714,True,bear
2015-01-20,211.31500244140625,215.24099731445312,205.1529998779297,212.9069976806641,24051100,-1.6503647079460393,457.3340148925781,-53.794164536166974,True,bear
2015-01-21,226.89700317382807,227.7879943847656,211.2120056152344,211.3780059814453,29924600,7.373826066486888,457.3340148925781,-50.38702659649682,True,bear
2015-01-22,233.406005859375,237.0189971923828,226.4340057373047,227.32200622558597,33544600,2.8687036825075785,457.3340148925781,-48.963777401469024,True,bear
2015-01-23,232.8789978027344,234.84500122070312,225.1959991455078,233.5169982910156,24621700,-0.22579027249115535,457.3340148925781,-49.07901222754343,True,bear
2015-01-24,247.8470001220703,248.2100067138672,230.02200317382807,232.6999969482422,24782500,6.427373211222287,457.3340148925781,-45.806130300566785,True,bear
2015-01-25,253.71800231933597,255.07400512695312,243.88999938964844,247.3520050048828,33582700,2.368800991891784,457.3340148925781,-44.52238537758206,True,bear
2015-01-26,273.4729919433594,309.3840026855469,254.07899475097656,254.07899475097656,106794000,7.786199419605744,457.3340148925781,-40.20278766984025,True,bear
2015-01-27,263.4750061035156,275.4800109863281,250.6529998779297,273.1669921875,44399000,-3.6559317133278313,457.3340148925781,-42.38893291910454,True,bear
2015-01-28,233.9149932861328,266.5350036621094,227.04600524902344,263.3510131835937,44352200,-11.219285371519872,457.3340148925781,-48.85248294048794,True,bear
2015-01-29,233.51300048828125,238.70599365234372,220.7120056152344,233.34800720214844,32213400,-0.1718542245643162,457.3340148925781,-48.94038210931447,True,bear
2015-01-30,226.4250030517578,242.8509979248047,225.8390045166016,232.77200317382807,26605200,-3.035375941254781,457.3340148925781,-50.49023346646495,True,bear
2015-01-31,217.4640045166016,233.5039978027344,216.3090057373047,226.4409942626953,23348200,-3.957601154633905,457.3340148925781,-52.4496325584527,True,bear
2015-02-01,226.9720001220703,231.57400512695312,212.01499938964844,216.86700439453125,29128500,4.372215818707081,457.3340148925781,-50.370627871320025,True,bear
2015-02-02,238.22900390625,242.1750030517578,222.65899658203125,226.49099731445312,30612100,4.959644263664864,457.3340148925781,-47.909187563447055,True,bear
2015-02-03,227.26800537109372,245.95700073242188,224.4830017089844,237.45399475097656,40783700,-4.601034448126962,457.3340148925781,-50.305903787962045,True,bear
2015-02-04,226.85299682617188,230.05799865722656,221.11300659179688,227.5110015869141,26594300,-0.1826075536871974,457.3340148925781,-50.39664896138182,True,bear
2015-02-05,217.11099243164065,239.40499877929688,214.7250061035156,227.6649932861328,22516400,-4.294412915336587,457.3340148925781,-52.526821674823985,True,bear
2015-02-06,222.26600646972656,230.50999450683597,216.23199462890625,216.92300415039065,24435300,2.374368050345965,457.3340148925781,-51.399633696187244,True,bear
2015-02-07,227.7539978027344,230.2989959716797,222.60699462890625,222.63299560546875,21604200,2.4691096133746093,457.3340148925781,-50.19963737964452,True,bear
2015-02-08,223.41200256347656,229.43800354003903,221.07699584960935,227.6929931640625,17145200,-1.906440844572399,457.3340148925781,-51.14905183338414,True,bear
2015-02-09,220.1100006103516,223.9770050048828,217.0189971923828,223.38900756835935,27791300,-1.477987715627227,457.3340148925781,-51.871062846254155,True,bear
2015-02-10,219.8390045166016,221.8070068359375,215.33200073242188,220.2819976806641,21115100,-0.12311848303054873,457.3340148925781,-51.930318463576576,True,bear
2015-02-11,219.18499755859372,223.406005859375,218.07400512695312,219.73199462890625,17201900,-0.29749359511791473,457.3340148925781,-52.07332268734102,True,bear
2015-02-12,221.76400756835935,222.19900512695312,217.61399841308597,219.2079925537109,15206200,1.1766361924821833,457.3340148925781,-51.509400056226106,True,bear
2015-02-13,235.427001953125,240.25900268554688,221.26199340820312,221.968994140625,42744400,6.161051351199998,457.3340148925781,-48.52186929318525,True,bear
2015-02-14,257.3210144042969,259.8080139160156,235.5279998779297,235.5279998779297,49732500,9.299703207167,457.3340148925781,-43.73455592085398,True,bear
2015-02-15,234.8249969482422,265.6109924316406,227.6840057373047,257.5069885253906,56552400,-8.742394206758973,457.3340148925781,-48.65350284443646,True,bear
2015-02-16,233.84300231933597,239.52099609375,229.02200317382807,234.8249969482422,28153700,-0.41818147201878597,457.3340148925781,-48.868224382071666,True,bear
2015-02-17,243.6100006103516,245.7749938964844,232.31399536132807,233.4219970703125,27363100,4.176733190278581,457.3340148925781,-46.732586539058886,True,bear
2015-02-18,236.3260040283203,244.25100708007807,232.33999633789065,243.77999877929688,25200800,-2.990023629482219,457.3340148925781,-48.32529478835502,True,bear
2015-02-19,240.2830047607422,242.6719970703125,235.5919952392578,236.41000366210935,18270500,1.6743822791281504,457.3340148925781,-47.46006268149953,True,bear
2015-02-20,243.7790069580078,247.1009979248047,239.2989959716797,240.25100708007807,23876700,1.4549519225243168,457.3340148925781,-46.69563185339093,True,bear
2015-02-21,244.53399658203125,255.32000732421875,243.1840057373047,243.7519989013672,12284200,0.3097024774383117,457.3340148925781,-46.530546904658046,True,bear
2015-02-22,235.9770050048828,246.3919982910156,233.8509979248047,244.54400634765625,19527000,-3.499305494022753,457.3340148925781,-48.401606414447265,True,bear
2015-02-23,238.8919982910156,240.10899353027344,232.42100524902344,235.9949951171875,16400000,1.2352870086102197,457.3340148925781,-47.76421816183337,True,bear
2015-02-24,238.7350006103516,239.9010009765625,236.4019927978516,238.9980010986328,14200400,-0.0657191039411642,457.3340148925781,-47.79854704959408,True,bear
2015-02-25,237.47000122070312,239.33999633789065,235.52999877929688,238.88999938964844,11496200,-0.5298759655745333,457.3340148925781,-48.075150002458976,True,bear
2015-02-26,236.42599487304688,237.7100067138672,234.2570037841797,237.3370056152344,13619400,-0.43963715091994704,457.3340148925781,-48.303430933607615,True,bear
2015-02-27,253.8280029296875,256.65301513671875,236.43600463867188,236.43600463867188,44013900,7.360446158209011,457.3340148925781,-44.49833280183447,True,bear
2015-02-28,254.26300048828125,254.69200134277344,249.47900390625,253.5200042724609,13949300,0.17137492852363767,457.3340148925781,-44.403216859344184,True,bear
2015-03-01,260.2019958496094,261.6600036621094,245.93299865722656,254.2830047607422,25213700,2.335768613570588,457.3340148925781,-43.10460464858983,True,bear
2015-03-02,275.6700134277344,276.3009948730469,258.31298828125,260.35699462890625,40465700,5.944619113169725,457.3340148925781,-39.72239010201641,True,bear
2015-03-03,281.7019958496094,285.7959899902344,268.1610107421875,275.0459899902344,50461300,2.188116997881684,457.3340148925781,-38.40344547392183,True,bear
2015-03-04,273.0920104980469,284.2250061035156,268.1260070800781,281.989990234375,41383000,-3.0564161697168357,457.3340148925781,-40.286092526445316,True,bear
2015-03-05,276.1780090332031,281.6669921875,264.7690124511719,272.739013671875,41302400,1.1300215372570532,457.3340148925781,-39.6113125112564,True,bear
2015-03-06,272.7229919433594,277.6080017089844,270.0150146484375,275.6000061035156,28918900,-1.2510109338315867,457.3340148925781,-40.36678159453797,True,bear
2015-03-07,276.260986328125,277.85400390625,270.13299560546875,272.29400634765625,17825900,1.2972849702017175,457.3340148925781,-39.593168814916346,True,bear
2015-03-08,274.35400390625,277.8580017089844,272.56500244140625,276.4330139160156,22067900,-0.6902829267430466,457.3340148925781,-40.01014685717348,True,bear
2015-03-09,289.60699462890625,292.70098876953125,273.8930053710937,274.81201171875,59178200,5.55960201254011,457.3340148925781,-36.67494977452503,True,bear
2015-03-10,291.760009765625,300.04400634765625,289.7430114746094,289.86199951171875,67770800,0.7434264975117566,457.3340148925781,-36.20417457158622,True,bear
2015-03-11,296.3789978027344,297.3909912109375,290.50799560546875,291.5249938964844,33963900,1.583146381445455,457.3340148925781,-35.194193269803044,True,bear
2015-03-12,294.35400390625,297.0880126953125,292.4129943847656,296.12701416015625,32585200,-0.6832447344437664,457.3340148925781,-35.6369755319009,True,bear
2015-03-13,285.3370056152344,294.4979858398437,285.3370056152344,294.1180114746094,31421500,-3.063317696159995,457.3340148925781,-37.608619450215976,True,bear
2015-03-14,281.885009765625,286.3420104980469,280.9760131835937,284.4419860839844,22612300,-1.2097960592830526,457.3340148925781,-38.36342791343955,True,bear
2015-03-15,286.3930053710937,286.52899169921875,280.9960021972656,281.42498779296875,11970100,1.5992321156832245,457.3340148925781,-37.37771605762503,True,bear
2015-03-16,290.5929870605469,294.11199951171875,285.6849975585937,285.6849975585937,21516100,1.4665098695448409,457.3340148925781,-36.45935408307571,True,bear
2015-03-17,285.5050048828125,292.364990234375,284.3739929199219,290.5950012207031,21497200,-1.750896409855296,457.3340148925781,-37.571884971234006,True,bear
2015-03-18,256.29901123046875,285.33599853515625,249.8699951171875,285.0669860839844,57008000,-10.229590778743635,457.3340148925781,-43.95802566956012,True,bear
2015-03-19,260.9280090332031,264.2439880371094,248.6360015869141,255.8800048828125,52732000,1.8060927275961758,457.3340148925781,-42.945855646776735,True,bear
2015-03-20,261.7489929199219,264.8479919433594,259.1619873046875,260.9559936523437,18456700,0.3146399996537985,457.3340148925781,-42.76634048718127,True,bear
2015-03-21,260.0249938964844,262.1960144042969,255.6499938964844,261.6440124511719,17130100,-0.6586459050732407,457.3340148925781,-43.14330764188601,True,bear
2015-03-22,267.9599914550781,269.7470092773437,259.5899963378906,259.9169921875,18438100,3.051628783713256,457.3340148925781,-41.4082524524185,True,bear
2015-03-23,266.739990234375,277.2969970703125,261.7449951171875,267.8949890136719,22811900,-0.4552923046751367,457.3340148925781,-41.67501617017733,True,bear
2015-03-24,245.59500122070312,267.00299072265625,244.15499877929688,266.5769958496094,40073700,-7.927191192851335,457.3340148925781,-46.298549151566995,True,bear
2015-03-25,246.19700622558597,249.19000244140625,236.51499938964844,247.4720001220703,35866900,0.24512103336413738,457.3340148925781,-46.16691560031578,True,bear
2015-03-26,248.5319976806641,254.35400390625,244.90499877929688,246.2760009765625,25730000,0.948423984058766,457.3340148925781,-45.65634971651058,True,bear
2015-03-27,247.0290069580078,256.8110046386719,245.21299743652344,248.5659942626953,17274900,-0.604747371236869,457.3340148925781,-45.98499151303413,True,bear
2015-03-28,252.79800415039065,254.2050018310547,246.9750061035156,246.9750061035156,16040900,2.3353521367486696,457.3340148925781,-44.72355085816881,True,bear
2015-03-29,242.71299743652344,253.13900756835935,240.8500061035156,252.7400054931641,21699400,-3.9893537719022487,457.3340148925781,-46.928723966982076,True,bear
2015-03-30,247.5260009765625,249.24200439453125,239.2140045166016,242.8789978027344,23009600,1.9830019780040065,457.3340148925781,-45.87631951349537,True,bear
2015-03-31,244.2239990234375,248.72999572753903,242.73899841308597,247.45399475097656,22672000,-1.3340020604290626,457.3340148925781,-46.59833052636538,True,bear
2015-04-01,247.27200317382807,247.5410003662109,241.16000366210935,244.22300720214844,22877200,1.2480362956050373,457.3340148925781,-45.931858308875384,True,bear
2015-04-02,253.0050048828125,254.46099853515625,245.4160003662109,247.0890045166016,26272600,2.318500127551526,457.3340148925781,-44.67828837480192,True,bear
2015-04-03,254.32200622558597,256.0429992675781,251.8789978027344,253.07400512695312,23146600,0.5205435929551916,457.3340148925781,-44.3903147494238,True,bear
2015-04-04,253.69700622558597,255.25799560546875,251.1000061035156,254.2910003662109,12493500,-0.2457514429347607,457.3340148925781,-44.52697635333857,True,bear
2015-04-05,260.5979919433594,260.67498779296875,251.94200134277344,253.7610015869141,19649200,2.720168369522291,457.3340148925781,-43.01801671048446,True,bear
2015-04-06,255.49200439453125,261.7980041503906,254.5749969482422,260.72100830078125,20034200,-1.9593349552508799,457.3340148925781,-44.134484627271156,True,bear
2015-04-07,253.17999267578125,255.80499267578125,252.2050018310547,255.2740020751953,18467400,-0.9049252731916368,457.3340148925781,-44.64002579487774,True,bear
2015-04-08,245.02200317382807,253.8470001220703,244.21499633789065,253.06399536132807,30086400,-3.2222093917192662,457.3340148925781,-46.423840082968546,True,bear
2015-04-09,243.67599487304688,246.1179962158203,239.3999938964844,244.75100708007807,21643500,-0.5493418074075107,457.3340148925781,-46.718156328196315,True,bear
2015-04-10,236.07200622558597,243.69400024414065,232.77099609375,243.69400024414065,28882000,-3.1205325134396333,457.3340148925781,-48.38083358373502,True,bear
2015-04-11,236.552001953125,239.53700256347656,234.1750030517578,236.01600646972656,16365200,0.2033259831241363,457.3340148925781,-48.27587840613867,True,bear
2015-04-12,236.1529998779297,237.72799682617188,233.4949951171875,236.53500366210935,12387900,-0.16867414855967766,457.3340148925781,-48.36312362783709,True,bear
2015-04-13,224.5870056152344,236.93499755859372,221.9960021972656,235.9499969482422,31181800,-4.8976698448352955,457.3340148925781,-50.892127350731386,True,bear
2015-04-14,219.15899658203125,224.9759979248047,216.322998046875,224.75900268554688,31719000,-2.4168847250684244,457.3340148925781,-52.079008023597616,True,bear
2015-04-15,223.8329925537109,223.8329925537109,218.6490020751953,219.072998046875,22562000,2.132696373215137,457.3340148925781,-51.05699876570817,True,bear
2015-04-16,228.572998046875,229.6719970703125,223.91700744628903,223.91700744628903,24805400,2.117652737018516,457.3340148925781,-50.02055596049119,True,bear
2015-04-17,222.8820037841797,228.906005859375,221.94200134277344,228.5749969482422,20429800,-2.48979289387814,457.3340148925781,-51.26494060658667,True,bear
2015-04-18,223.3560028076172,224.3159942626953,220.87600708007807,222.85299682617188,12939000,0.21266814520228827,457.3340148925781,-51.161296659711475,True,bear
2015-04-19,222.6000061035156,226.35299682617188,222.3730010986328,223.45599365234372,15021500,-0.33847163031152094,457.3340148925781,-51.32660181513036,True,bear
2015-04-20,224.62600708007807,226.3509979248047,221.9770050048828,222.61199951171875,18364700,0.9101531540930408,457.3340148925781,-50.8835993463465,True,bear
2015-04-21,235.2689971923828,235.2689971923828,224.30099487304688,224.6199951171875,24978000,4.738093442808955,457.3340148925781,-48.556418387631965,True,bear
2015-04-22,234.17599487304688,237.90899658203125,233.4759979248047,235.6020050048828,23847900,-0.4645755847049293,457.3340148925781,-48.79541270770078,True,bear
2015-04-23,236.4620056152344,236.4750061035156,233.19900512695312,234.0529937744141,17036000,0.9761934580129861,457.3340148925781,-48.2955568763508,True,bear
2015-04-24,231.26800537109372,236.30499267578125,229.93299865722656,235.97000122070312,21448700,-2.1965474878836266,457.3340148925781,-49.43126952290754,True,bear
2015-04-25,226.38999938964844,232.56100463867188,226.3370056152344,231.2350006103516,13957200,-2.1092437640122363,457.3340148925781,-50.497887317035776,True,bear
2015-04-26,219.42999267578125,226.94400024414065,214.87399291992188,226.41000366210935,28943700,-3.074343713340466,457.3340148925781,-52.0197524062752,True,bear
2015-04-27,229.28599548339844,233.30499267578125,218.0229949951172,219.4290008544922,38574000,4.491638853663882,457.3340148925781,-49.864652963271325,True,bear
2015-04-28,225.85499572753903,229.4949951171875,223.06900024414065,228.968994140625,21469200,-1.4963843511793695,457.3340148925781,-50.6148704507384,True,bear
2015-04-29,225.80799865722656,227.0399932861328,223.42999267578125,225.59100341796875,18936500,-0.020808514844261605,457.3340148925781,-50.62514676275151,True,bear
2015-04-30,236.1450042724609,239.56300354003903,224.9929962158203,225.6929931640625,33818600,4.577785409154522,457.3340148925781,-48.3648719354653,True,bear
2015-05-01,232.07899475097656,238.96600341796875,232.07899475097656,235.93899536132807,18815300,-1.7218274568252312,457.3340148925781,-49.25393974784733,True,bear
2015-05-02,234.92999267578125,235.7270050048828,232.34100341796875,232.34100341796875,12535500,1.2284601318028887,457.3340148925781,-48.630544629188954,True,bear
2015-05-03,240.3580017089844,243.2400054931641,234.0829925537109,234.8800048828125,18494100,2.3104793778690347,457.3340148925781,-47.44366395632274,True,bear
2015-05-04,239.01800537109372,242.63800048828125,237.80999755859372,240.3560028076172,21223400,-0.5575001990210771,457.3340148925781,-47.736665634364414,True,bear
2015-05-05,236.1210021972656,239.20399475097656,232.0540008544922,238.8520050048828,23929100,-1.2120439082948242,457.3340148925781,-48.37012019481486,True,bear
2015-05-06,229.7819976806641,236.45399475097656,229.2310028076172,236.24899291992188,29587200,-2.684642389966496,457.3340148925781,-49.75619783395361,True,bear
2015-05-07,237.33399963378903,239.10499572753903,228.572998046875,229.66200256347656,29064400,3.2865942629762612,457.3340148925781,-48.10488791446319,True,bear
2015-05-08,243.86300659179688,246.2749938964844,236.2740020751953,237.20399475097656,27445500,2.750978354589839,457.3340148925781,-46.677264613899936,True,bear
2015-05-09,241.83200073242188,247.8040008544922,239.63900756835935,243.7689971923828,19790500,-0.8328470512031005,457.3340148925781,-47.12136144318391,True,bear
2015-05-10,240.29600524902344,244.0679931640625,238.8489990234375,241.72900390625,15019100,-0.6351498059588678,457.3340148925781,-47.45722001337121,True,bear
2015-05-11,242.1580047607422,244.2700042724609,239.37600708007807,240.2989959716797,20892300,0.774877430770915,457.3340148925781,-47.050077869755214,True,bear
2015-05-12,241.11199951171875,242.8809967041016,240.0989990234375,242.1450042724609,19282600,-0.4319515475265434,457.3340148925781,-47.27879587781091,True,bear
2015-05-13,236.3769989013672,243.70399475097656,235.0449981689453,241.3979949951172,27180100,-1.9638179020291524,457.3340148925781,-48.314144322527795,True,bear
2015-05-14,236.9290008544922,237.7989959716797,234.0570068359375,236.2140045166016,24413700,0.23352608574040978,457.3340148925781,-48.19344436688275,True,bear
2015-05-15,237.60499572753903,238.7530059814453,236.7949981689453,236.9550018310547,16329400,0.28531537743747837,457.3340148925781,-48.04563229714077,True,bear
2015-05-16,236.1529998779297,237.69700622558597,235.2949981689453,237.6439971923828,11089700,-0.6110965155271209,457.3340148925781,-48.36312362783709,True,bear
2015-05-17,236.802001953125,238.0249938964844,236.00999450683597,236.00999450683597,11134300,0.2748227105015877,457.3340148925781,-48.22121376457276,True,bear
2015-05-18,233.1280059814453,237.2100067138672,232.4600067138672,236.88699340820312,16780300,-1.551505452393498,457.3340148925781,-49.02456445619858,True,bear
2015-05-19,231.94700622558597,234.1510009765625,231.81700134277344,233.03700256347656,14241900,-0.5065885374378132,457.3340148925781,-49.28280016957248,True,bear
2015-05-20,234.01800537109372,234.68299865722656,231.8419952392578,231.88999938964844,15499400,0.8928759974998535,457.3340148925781,-48.829958465682566,True,bear
2015-05-21,235.343994140625,236.24200439453125,233.8350067138672,234.01600646972656,15108900,0.5666182682946053,457.3340148925781,-48.54001966245518,True,bear
2015-05-22,240.34800720214844,240.968994140625,235.05999755859372,235.3209991455078,27003000,2.126254838070518,457.3340148925781,-47.44584934085799,True,bear
2015-05-23,238.8719940185547,241.0249938964844,238.6909942626953,240.28599548339844,14605000,-0.614115007973548,457.3340148925781,-47.76859226736882,True,bear
2015-05-24,240.9530029296875,241.97799682617188,238.81100463867188,238.9759979248047,11508000,0.8711816216392387,457.3340148925781,-47.31356184247868,True,bear
2015-05-25,237.1100006103516,241.02099609375,236.63699340820312,240.927001953125,14423900,-1.5949177941796955,457.3340148925781,-48.15386721977247,True,bear
2015-05-26,237.11599731445312,238.24200439453125,235.69200134277344,237.10400390625,16425000,0.0025290810535594233,457.3340148925781,-48.15255598905133,True,bear
2015-05-27,237.2830047607422,238.6360015869141,236.69500732421875,237.06500244140625,18837000,0.07043280427325715,457.3340148925781,-48.116038380290405,True,bear
2015-05-28,237.4080047607422,237.82400512695312,236.6519927978516,237.2570037841797,13829600,0.052679710511105426,457.3340148925781,-48.08870605950746,True,bear
2015-05-29,237.0959930419922,237.52200317382807,235.7310028076172,237.3769989013672,14805000,-0.13142426223767822,457.3340148925781,-48.156930094586784,True,bear
2015-05-30,233.34500122070312,237.09300231933597,232.04600524902344,237.0919952392578,14098600,-1.5820561845702352,457.3340148925781,-48.97711658829644,True,bear
2015-05-31,230.19000244140625,233.2519989013672,229.54200744628903,233.13499450683597,14730800,-1.3520747231747232,457.3340148925781,-49.66698409794099,True,bear
2015-06-01,222.92599487304688,231.71299743652344,221.29600524902344,230.2330017089844,26090500,-3.155657279341828,457.3340148925781,-51.2553215781666,True,bear
2015-06-02,225.8029937744141,226.4160003662109,222.41900634765625,222.8939971923828,20459000,1.2905623245084596,457.3340148925781,-50.6262411232516,True,bear
2015-06-03,225.87399291992188,227.4040069580078,223.92999267578125,225.73599243164065,17752400,0.03144296021988513,457.3340148925781,-50.610716551888935,True,bear
2015-06-04,224.32400512695312,226.58099365234372,224.0540008544922,225.77200317382807,14728100,-0.6862179097875454,457.3340148925781,-50.949634660425616,True,bear
2015-06-05,224.95199584960935,225.96800231933597,223.1790008544922,224.1540069580078,18056500,0.27994806989151133,457.3340148925781,-50.81231910938274,True,bear
2015-06-06,225.61900329589844,225.718994140625,224.3789978027344,225.0050048828125,11131500,0.2965110150589645,457.3340148925781,-50.66647221749001,True,bear
2015-06-07,222.8809967041016,226.19400024414065,222.6519927978516,225.5959930419922,13318400,-1.2135531811591105,457.3340148925781,-51.26516081327266,True,bear
2015-06-08,228.48899841308597,229.4640045166016,222.8390045166016,222.8789978027344,23378400,2.516141704278896,457.3340148925781,-50.038923199982165,True,bear
2015-06-09,229.04800415039065,230.95399475097656,227.9290008544922,228.5379943847656,28353100,0.2446532398439949,457.3340148925781,-49.91669180692998,True,bear
2015-06-10,228.8029937744141,229.7819976806641,228.00999450683597,228.9949951171875,15904800,-0.10696900716746782,457.3340148925781,-49.97026542446073,True,bear
2015-06-11,229.7050018310547,230.28700256347656,228.7669982910156,228.85499572753903,14416000,0.3942291321283653,457.3340148925781,-49.773033636037454,True,bear
2015-06-12,229.98199462890625,231.0570068359375,229.31300354003903,229.7050018310547,14017700,0.12058631533644615,457.3340148925781,-49.71246678799388,True,bear
2015-06-13,232.4019927978516,232.6519927978516,229.2100067138672,229.9199981689453,13305300,1.0522554919354388,457.3340148925781,-49.18331345801168,True,bear
2015-06-14,233.54299926757807,234.8580017089844,232.0039978027344,232.44200134277344,12165900,0.49096242936219614,457.3340148925781,-48.93382261924377,True,bear
2015-06-15,236.822998046875,237.83599853515625,233.4219970703125,233.4219970703125,19912100,1.4044517667339385,457.3340148925781,-48.21662278881625,True,bear
2015-06-16,250.8950042724609,251.74200439453125,236.1219940185547,236.76499938964844,41612000,5.941993109470145,457.3340148925781,-45.13965808307678,True,bear
2015-06-17,249.28399658203125,256.8529968261719,246.4759979248047,250.822998046875,43858400,-0.6421043316909514,457.3340148925781,-45.49191871490581,True,bear
2015-06-18,249.0070037841797,252.1080017089844,244.1269989013672,249.4279937744141,30980200,-0.11111535503660619,457.3340148925781,-45.552485562949386,True,bear
2015-06-19,244.6060028076172,250.9770050048828,243.78700256347656,249.04299926757807,23965300,-1.7674205583297353,457.3340148925781,-46.51480212660937,True,bear
2015-06-20,245.2120056152344,245.8280029296875,240.6269989013672,244.52999877929688,20608100,0.24774649872099097,457.3340148925781,-46.38229442154406,True,bear
2015-06-21,243.94400024414065,245.2239990234375,241.8820037841797,245.1000061035156,10600900,-0.5171057460715778,457.3340148925781,-46.65955465800199,True,bear
2015-06-22,246.9900054931641,247.91700744628903,243.7790069580078,243.968994140625,17692500,1.248649380995226,457.3340148925781,-45.993519517419045,True,bear
2015-06-23,244.29600524902344,247.3040008544922,243.13299560546875,246.927001953125,15108700,-1.0907324929045448,457.3340148925781,-46.58258574831671,True,bear
2015-06-24,240.51499938964844,244.34100341796875,240.51499938964844,244.2819976806641,17344900,-1.547714976149872,457.3340148925781,-47.40933506856202,True,bear
2015-06-25,242.7989959716797,243.33200073242188,240.3650054931641,240.3650054931641,16133100,0.9496275025787648,457.3340148925781,-46.909919650584044,True,bear
2015-06-26,243.593994140625,243.74899291992188,241.5529937744141,242.60400390625,13983500,0.32743058337771913,457.3340148925781,-46.73608649078025,True,bear
2015-06-27,250.9900054931641,251.3390045166016,243.11700439453125,243.5489959716797,20488600,3.03620431145335,457.3340148925781,-45.11888525236453,True,bear
2015-06-28,249.0110015869141,251.1719970703125,247.4340057373047,250.9550018310547,15137600,-0.7884791676710412,457.3340148925781,-45.551611409135276,True,bear
2015-06-29,257.0639953613281,257.1730041503906,248.58099365234372,248.7209930419922,34742900,3.2339911582594194,457.3340148925781,-43.79075533629197,True,bear
2015-06-30,263.0719909667969,267.86700439453125,255.9459991455078,257.0360107421875,44533800,2.3371595065360795,457.3340148925781,-42.477055631082,True,bear
2015-07-01,258.6210021972656,265.1719970703125,255.7740020751953,263.3450012207031,27029800,-1.6919280358101751,457.3340148925781,-43.45030245388322,True,bear
2015-07-02,255.41200256347656,261.6310119628906,254.11599731445312,258.552001953125,21551900,-1.240811692215693,457.3340148925781,-44.151977712948046,True,bear
2015-07-03,256.33599853515625,257.0769958496094,253.5050048828125,255.45899963378903,19033800,0.36176685606230663,457.3340148925781,-43.94993807854719,True,bear
2015-07-04,260.885986328125,261.4570007324219,254.1999969482422,256.4909973144531,15620400,1.7750092920892246,457.3340148925781,-42.955044271219634,True,bear
2015-07-05,271.9129943847656,274.5060119628906,258.70098876953125,260.80499267578125,44156100,4.226753691082363,457.3340148925781,-40.54389449937712,True,bear
2015-07-06,269.0299987792969,277.4219970703125,267.6000061035156,271.1080017089844,49154800,-1.0602640054006462,457.3340148925781,-41.17428618501325,True,bear
2015-07-07,266.2070007324219,271.34100341796875,264.8320007324219,269.9630126953125,28857600,-1.0493246328231565,457.3340148925781,-41.791558890507964,True,bear
2015-07-08,270.7850036621094,272.97100830078125,264.385986328125,265.98199462890625,36980200,1.7197154534223102,457.3340148925781,-40.7905393335518,True,bear
2015-07-09,269.2279968261719,272.3349914550781,267.08599853515625,270.8269958496094,40301200,-0.5749974388834178,457.3340148925781,-41.130992215960575,True,bear
2015-07-10,284.8940124511719,294.59100341796875,268.802001953125,269.156005859375,100390000,5.818865723357458,457.3340148925781,-37.70548370033446,True,bear
2015-07-11,293.114990234375,298.5060119628906,283.5299987792969,284.8800048828125,41109900,2.8856267327177054,457.3340148925781,-35.90789648497413,True,bear
2015-07-12,310.86700439453125,314.3940124511719,292.5050048828125,293.1400146484375,56405000,6.056331048085162,457.3340148925781,-32.02626652042273,True,bear
2015-07-13,292.0539855957031,310.947998046875,281.010986328125,310.8269958496094,62053900,-6.051790165209015,457.3340148925781,-36.13989423806518,True,bear
2015-07-14,287.4639892578125,296.1470031738281,286.63800048828125,292.03399658203125,28727200,-1.5716259884378525,457.3340148925781,-37.14353625646365,True,bear
2015-07-15,285.8290100097656,293.2479858398437,285.36700439453125,288.0450134277344,27486600,-0.5687596739571199,457.3340148925781,-37.50103847471237,True,bear
2015-07-16,278.0889892578125,291.1830139160156,275.239990234375,286.0419921875,49482600,-2.7079199384585473,457.3340148925781,-39.19346031518517,True,bear
2015-07-17,279.47198486328125,280.2799987792969,272.0429992675781,278.09100341796875,27591400,0.49732123848549303,457.3340148925781,-38.89105647894448,True,bear
2015-07-18,274.9010009765625,282.5270080566406,274.07501220703125,279.3309936523437,25187100,-1.6355785675458256,457.3340148925781,-39.89054126202854,True,bear
2015-07-19,273.614013671875,275.6700134277344,272.51300048828125,274.7669982910156,15332500,-0.46816392087172254,457.3340148925781,-40.171952060871,True,bear
2015-07-20,278.9809875488281,278.9809875488281,272.9599914550781,273.4989929199219,22711400,1.961512791296327,457.3340148925781,-38.998417247762085,True,bear
2015-07-21,275.8330078125,280.5469970703125,275.41900634765625,278.8819885253906,22930700,-1.1283850430048203,457.3340148925781,-39.68674998353454,True,bear
2015-07-22,277.22198486328125,277.6659851074219,274.3810119628906,275.6570129394531,19389800,0.5035572289903145,457.3340148925781,-39.38303825303764,True,bear
2015-07-23,276.04901123046875,278.1109924316406,275.71600341796875,277.34100341796875,18531300,-0.4231171035699033,457.3340148925781,-39.63951898585345,True,bear
2015-07-24,288.27801513671875,289.25299072265625,275.2539978027344,276.0050048828125,37199400,4.43001184888876,457.3340148925781,-36.965542524880526,True,bear
2015-07-25,288.6969909667969,290.7330017089844,286.00201416015625,288.1640014648437,20662200,0.14533742015652162,457.3340148925781,-36.873929870576525,True,bear
2015-07-26,292.6860046386719,293.052001953125,287.7059936523437,288.6400146484375,16032300,1.3817302558355227,457.3340148925781,-36.00169786027833,True,bear
2015-07-27,293.6239929199219,297.77398681640625,287.45001220703125,292.6390075683594,30592000,0.32047595935034145,457.3340148925781,-35.79659868752812,True,bear
2015-07-28,294.427001953125,296.64898681640625,293.4230041503906,293.63299560546875,25453600,0.2734820902126067,457.3340148925781,-35.62101388363118,True,bear
2015-07-29,289.5899963378906,294.5360107421875,288.7770080566406,294.4840087890625,24672600,-1.642853944491296,457.3340148925781,-36.678666596467444,True,bear
2015-07-30,287.72198486328125,290.1260070800781,286.5679931640625,289.1029968261719,21635800,-0.6450538686529117,457.3340148925781,-37.08712330726953,True,bear
2015-07-31,284.6499938964844,288.9590148925781,282.343994140625,287.6960144042969,23629100,-1.0676942077459284,457.3340148925781,-37.75884044764416,True,bear
2015-08-01,281.6010131835937,284.9320068359375,278.11199951171875,284.6860046386719,18995000,-1.0711332437264964,457.3340148925781,-38.42552619889029,True,bear
2015-08-02,282.614013671875,283.0320129394531,277.52899169921875,280.4490051269531,17722200,0.35972899274365755,457.3340148925781,-38.20402496449834,True,bear
2015-08-03,281.2269897460937,285.47100830078125,280.2330017089844,282.8059997558594,21474100,-0.4907838460522007,457.3340148925781,-38.50730962748303,True,bear
2015-08-04,285.2179870605469,285.7149963378906,281.2250061035156,281.2250061035156,21908700,1.4191373730012335,457.3340148925781,-37.634643876742714,True,bear
2015-08-05,281.8819885253906,285.5010070800781,281.4880065917969,284.84698486328125,20128000,-1.1696311896514655,457.3340148925781,-38.364088533497544,True,bear
2015-08-06,278.5769958496094,281.906005859375,278.40301513671875,281.906005859375,18792100,-1.1724738757061592,457.3340148925781,-39.086753493495664,True,bear
2015-08-07,279.5849914550781,280.3919982910156,276.3659973144531,278.7409973144531,42484800,0.36183734496617603,457.3340148925781,-38.86634661960383,True,bear
2015-08-08,260.9970092773437,279.9280090332031,260.7099914550781,279.74200439453125,58533000,-6.648419173359321,457.3340148925781,-42.93076815232112,True,bear
2015-08-09,265.0830078125,267.00299072265625,260.4679870605469,261.1159973144531,23789600,1.5655346191397967,457.3340148925781,-42.03732957086855,True,bear
2015-08-10,264.4700012207031,267.0320129394531,262.59600830078125,265.4779968261719,20979400,-0.23125080587227398,457.3340148925781,-42.171368713341,True,bear
2015-08-11,270.385986328125,270.385986328125,264.093994140625,264.3420104980469,25433900,2.236921042127915,457.3340148925781,-40.877787891715165,True,bear
2015-08-12,266.3760070800781,270.6730041503906,265.468994140625,270.5979919433594,26815400,-1.4830573516412149,457.3340148925781,-41.75460420483999,True,bear
2015-08-13,264.0799865722656,266.23199462890625,262.84100341796875,266.1830139160156,27685500,-0.8619471899818154,457.3340148925781,-42.25664875719016,True,bear
2015-08-14,265.67999267578125,267.46600341796875,261.4779968261719,264.1319885253906,27091200,0.6058793490122394,457.3340148925781,-41.90679371658238,True,bear
2015-08-15,261.5509948730469,266.6669921875,261.2959899902344,265.52899169921875,19321100,-1.554124479284047,457.3340148925781,-42.80963445623396,True,bear
2015-08-16,258.5069885253906,262.44000244140625,257.0409851074219,261.8659973144531,29717000,-1.163829007468986,457.3340148925781,-43.47523251990986,True,bear
2015-08-17,257.9760131835937,260.5050048828125,257.11700439453125,258.489990234375,21617900,-0.20540076878609037,457.3340148925781,-43.59133482686851,True,bear
2015-08-18,211.07899475097656,257.9930114746094,211.07899475097656,257.9259948730469,42147200,-18.178829052312683,457.3340148925781,-53.84576963938352,True,bear
2015-08-19,226.6840057373047,237.40899658203125,222.76600646972656,225.67100524902344,60869200,7.3929720030827095,457.3340148925781,-50.43360031058485,True,bear
2015-08-20,235.3500061035156,237.3650054931641,226.8990020751953,226.8990020751953,32275000,3.8229430162150857,457.3340148925781,-48.538705095269094,True,bear
2015-08-21,232.56900024414065,236.4320068359375,231.7239990234375,235.35499572753903,23173800,-1.1816468184631113,457.3340148925781,-49.146795849250765,True,bear
2015-08-22,230.38999938964844,234.95700073242188,222.70399475097656,232.66200256347656,23205900,-0.9369266119752861,457.3340148925781,-49.62325305198125,True,bear
2015-08-23,228.16900634765625,232.7050018310547,225.5800018310547,230.37600708007807,18406600,-0.9640145179374393,457.3340148925781,-50.108892206224766,True,bear
2015-08-24,210.4949951171875,228.13900756835935,210.4429931640625,228.11199951171875,59220700,-7.746017530329796,457.3340148925781,-53.97346616200633,True,bear
2015-08-25,221.60899353027344,226.3209991455078,199.56700134277344,210.0679931640625,61089200,5.279934758970639,457.3340148925781,-51.543295203544716,True,bear
2015-08-26,225.83099365234372,231.18299865722656,220.20399475097656,222.0760040283203,31808000,1.905157392221768,457.3340148925781,-50.62011871008796,True,bear
2015-08-27,224.7689971923828,228.64300537109372,223.6840057373047,226.0500030517578,21905400,-0.4702616070475285,457.3340148925781,-50.85233333340007,True,bear
2015-08-28,231.39599609375,235.218994140625,220.92599487304688,224.7010040283203,31336600,2.9483598646369513,457.3340148925781,-49.40328325499648,True,bear
2015-08-29,229.77999877929688,233.2220001220703,227.3300018310547,231.5489959716797,17142500,-0.6983687452389642,457.3340148925781,-49.75663491086066,True,bear
2015-08-30,228.7610015869141,232.0679931640625,226.2469940185547,229.8950042724609,19412600,-0.4434664452068082,457.3340148925781,-49.97944737597375,True,bear
2015-08-31,230.05599975585935,231.95599365234372,225.9149932861328,229.11399841308597,20710700,0.5660921922713502,457.3340148925781,-49.69628493303816,True,bear
2015-09-01,228.1210021972656,231.21600341796875,226.8600006103516,230.2559967041016,20575200,-0.8410984980383951,457.3340148925781,-50.11938872492389,True,bear
2015-09-02,229.28399658203125,230.57699584960935,226.4750061035156,228.0269927978516,18760400,0.5098146920115454,457.3340148925781,-49.86509004017837,True,bear
2015-09-03,227.18299865722656,229.60499572753903,226.66700744628903,229.32400512695312,17482000,-0.9163299471941166,457.3340148925781,-50.324491234139025,True,bear
2015-09-04,230.29800415039065,230.8999938964844,227.05099487304688,227.21499633789065,20962400,1.3711437526467307,457.3340148925781,-49.64336859910045,True,bear
2015-09-05,235.0189971923828,236.14300537109372,229.4429931640625,230.19900512695312,20671400,2.0499496117687643,457.3340148925781,-48.61108302919788,True,bear
2015-09-06,239.83999633789065,242.91200256347656,234.68099975585935,234.8699951171875,25473700,2.051323170935593,457.3340148925781,-47.55693026808295,True,bear
2015-09-07,239.8470001220703,242.1060028076172,238.7220001220703,239.9340057373047,21192200,0.0029201902462583362,457.3340148925781,-47.55539883067581,True,bear
2015-09-08,243.60699462890625,245.781005859375,239.6779937744141,239.8459930419922,26879200,1.567663762699678,457.3340148925781,-46.733243822651936,True,bear
2015-09-09,238.16799926757807,244.4160003662109,237.8209991455078,243.4149932861328,23635700,-2.23269260786767,457.3340148925781,-47.922526750274486,True,bear
2015-09-10,238.4770050048828,241.29299926757807,235.7910003662109,238.33599853515625,21215500,0.1297427606794299,457.3340148925781,-47.854959998788196,True,bear
2015-09-11,240.10699462890625,241.16900634765625,238.32899475097656,238.32899475097656,19224700,0.6834997042964641,457.3340148925781,-47.49854880457464,True,bear
2015-09-12,235.22900390625,240.12399291992188,234.7539978027344,239.85499572753903,17962600,-2.031590429173191,457.3340148925781,-48.56516326223793,True,bear
2015-09-13,230.51199340820312,235.93499755859372,229.33200073242188,235.24200439453125,18478800,-2.0052843908342277,457.3340148925781,-49.59657801479135,True,bear
2015-09-14,230.6439971923828,232.44000244140625,227.96099853515625,230.60899353027344,20997800,0.05726547336126764,457.3340148925781,-49.56771425660125,True,bear
2015-09-15,230.3040008544922,259.1820068359375,229.82200622558597,230.49200439453125,19177800,-0.1474117436522926,457.3340148925781,-49.64205736837929,True,bear
2015-09-16,229.09100341796875,231.21499633789065,227.4019927978516,230.25,20144200,-0.5266940357192551,457.3340148925781,-49.907289648730966,True,bear
2015-09-17,229.80999755859372,230.28500366210935,228.92599487304688,229.0760040283203,18935400,0.3138465194607365,457.3340148925781,-49.75007542078996,True,bear
2015-09-18,232.9750061035156,234.35299682617188,232.18499755859372,233.52099609375,20242200,1.3772283967388832,457.3340148925781,-49.05801919014521,True,bear
2015-09-19,231.4929962158203,233.2050018310547,231.0890045166016,232.8580017089844,12712600,-0.6361239827747056,457.3340148925781,-49.38207334737719,True,bear
2015-09-20,231.2120056152344,232.3650054931641,230.91000366210935,231.3990020751953,14444700,-0.12138190147400474,457.3340148925781,-49.44351434923485,True,bear
2015-09-21,227.0850067138672,231.2169952392578,226.52099609375,231.2169952392578,19678800,-1.7849414395180951,457.3340148925781,-50.345918011979386,True,bear
2015-09-22,230.6179962158203,232.3860015869141,225.11700439453125,226.968994140625,25009300,1.555800426051368,457.3340148925781,-49.57339959285786,True,bear
2015-09-23,230.2830047607422,231.8350067138672,229.59100341796875,230.93600463867188,17254100,-0.1452581587625179,457.3340148925781,-49.646648344135805,True,bear
2015-09-24,234.5290069580078,235.6490020751953,230.2949981689453,230.3580017089844,25097800,1.843819174444561,457.3340148925781,-48.71822359132949,True,bear
2015-09-25,235.1439971923828,237.427001953125,233.6840057373047,234.36199951171875,22363600,0.2622235272096374,457.3340148925781,-48.58375070841492,True,bear
2015-09-26,234.33999633789065,235.4029998779297,233.3580017089844,235.0760040283203,13724100,-0.34191851124923955,457.3340148925781,-48.75955238253291,True,bear
2015-09-27,232.7570037841797,234.5260009765625,232.4759979248047,234.13900756835935,14179900,-0.6755110431206468,457.3340148925781,-49.10568726473335,True,bear
2015-09-28,239.1419982910156,239.3390045166016,232.4669952392578,232.83599853515625,24713000,2.7432018813733805,457.3340148925781,-47.70955352026747,True,bear
2015-09-29,236.6869964599609,239.802001953125,235.9279937744141,239.01600646972656,22691300,-1.026587487182895,457.3340148925781,-48.24636070082047,True,bear
2015-09-30,236.05999755859372,237.73399353027344,235.6289978027344,236.63999938964844,19743500,-0.2649063576558808,457.3340148925781,-48.38345938164228,True,bear
2015-10-01,237.5489959716797,238.44500732421875,235.61599731445312,236.0039978027344,20488800,0.6307711719417242,457.3340148925781,-48.05787712346808,True,bear
2015-10-02,237.29299926757807,238.5410003662109,236.60299682617188,237.26400756835935,19677900,-0.10776585396813365,457.3340148925781,-48.11385299575516,True,bear
2015-10-03,238.72999572753903,239.31500244140625,236.94400024414065,237.20199584960935,16482700,0.6055789527699362,457.3340148925781,-47.79964141009418,True,bear
2015-10-04,238.25900268554688,238.96800231933597,237.94000244140625,238.531005859375,12999000,-0.19729110309610887,457.3340148925781,-47.90262807337634,True,bear
2015-10-05,240.38299560546875,240.38299560546875,237.03500366210935,238.14700317382807,23335900,0.8914638674640596,457.3340148925781,-47.43819882675212,True,bear
2015-10-06,246.06300354003903,246.93499755859372,240.1360015869141,240.36399841308597,27535100,2.362899222660775,457.3340148925781,-46.19621643541295,True,bear
2015-10-07,242.968994140625,246.68099975585935,242.5850067138672,246.1699981689453,22999200,-1.2574053615949543,457.3340148925781,-46.87274809469501,True,bear
2015-10-08,242.3040008544922,244.25100708007807,242.1790008544922,243.0749969482422,18515300,-0.2736947109176935,457.3340148925781,-47.01815457321575,True,bear
2015-10-09,243.93099975585935,244.22799682617188,242.1219940185547,242.4980010986328,17353100,0.6714700936135909,457.3340148925781,-46.66239732613031,True,bear
2015-10-10,244.9409942626953,245.31900024414065,243.07400512695312,243.7400054931641,15912700,0.4140492630484882,457.3340148925781,-46.441553375331424,True,bear
2015-10-11,247.0500030517578,247.2429962158203,244.1519927978516,244.74200439453125,16827300,0.8610272834936872,457.3340148925781,-45.980400537277625,True,bear
2015-10-12,245.30799865722656,247.45399475097656,245.1790008544922,246.875,17388300,-0.7051221910595595,457.3340148925781,-46.36130472061076,True,bear
2015-10-13,249.50799560546875,250.23599243164065,243.7570037841797,245.1999969482422,28198500,1.712132083434792,457.3340148925781,-45.44293940959652,True,bear
2015-10-14,251.98899841308597,254.2749938964844,248.9029998779297,249.4929962158203,27462600,0.9943580371429395,457.3340148925781,-44.900446892786896,True,bear
2015-10-15,254.32000732421875,255.9620056152344,252.04600524902344,252.10699462890625,25223500,0.9250439208903671,457.3340148925781,-44.39075182633086,True,bear
2015-10-16,262.8689880371094,266.135009765625,253.92599487304688,254.29600524902344,35901500,3.3615053738151213,457.3340148925781,-42.521443960634784,True,bear
2015-10-17,270.6400146484375,273.5780029296875,262.36700439453125,262.7470092773437,43199600,2.9562356021361813,457.3340148925781,-40.82224242340528,True,bear
2015-10-18,261.6430053710937,271.6679992675781,260.7770080566406,270.9070129394531,22434300,-3.324345547730978,457.3340148925781,-42.78951557264984,True,bear
2015-10-19,263.43701171875,264.82000732421875,260.95098876953125,261.8609924316406,25258800,0.6856695232925647,457.3340148925781,-42.397240716803466,True,bear
2015-10-20,269.4630126953125,270.8349914550781,263.2269897460937,263.5719909667969,30889800,2.2874541953110006,457.3340148925781,-41.079603982965075,True,bear
2015-10-21,266.2720031738281,270.7699890136719,263.8389892578125,269.3059997558594,25637300,-1.1842105859227958,457.3340148925781,-41.77734554986644,True,bear
2015-10-22,274.02301025390625,276.510009765625,266.135009765625,266.4960021972656,37808600,2.910935805375714,457.3340148925781,-40.08252145463732,True,bear
2015-10-23,276.4960021972656,278.6839904785156,273.5429992675781,273.64898681640625,29442500,0.9024760150864397,457.3340148925781,-39.54178058192086,True,bear
2015-10-24,281.65399169921875,281.7059936523437,276.5039978027344,276.5039978027344,25942400,1.8654842966854712,457.3340148925781,-38.413941992620934,True,bear
2015-10-25,283.67999267578125,294.0589904785156,281.44500732421875,281.44500732421875,45717100,0.719322656973409,457.3340148925781,-37.970939523837075,True,bear
2015-10-26,285.29998779296875,285.29998779296875,280.510009765625,283.62799072265625,32108800,0.5710642833521851,457.3340148925781,-37.61671371415878,True,bear
2015-10-27,293.7879943847656,296.2120056152344,285.00799560546875,285.1809997558594,46331800,2.975116352951379,457.3340148925781,-35.76073836236024,True,bear
2015-10-28,304.6180114746094,306.3309936523437,293.7030029296875,293.7030029296875,50808100,3.686337528027095,457.3340148925781,-33.392662352884415,True,bear
2015-10-29,313.8550109863281,318.1700134277344,301.822998046875,304.3240051269531,64495900,3.0323221752396767,457.3340148925781,-31.372913283074155,True,bear
2015-10-30,328.0150146484375,334.16900634765625,313.94000244140625,313.9429931640625,78305000,4.51163854851635,457.3340148925781,-28.276707184029593,True,bear
2015-10-31,314.1659851074219,332.7770080566406,309.2510070800781,328.5119934082031,48598100,-4.222071832857665,457.3340148925781,-31.304916127610703,True,bear
2015-11-01,325.4309997558594,327.47198486328125,311.8810119628906,315.0050048828125,37001100,3.58568883406829,457.3340148925781,-28.84172417564459,True,bear
2015-11-02,361.1889953613281,365.3599853515625,323.2090148925781,325.9419860839844,101918000,10.987888563872117,457.3340148925781,-21.022932124091675,True,bear
2015-11-03,403.4169921875,417.8999938964844,357.6470031738281,361.87298583984375,206162000,11.691385221725149,457.3340148925781,-11.789418881895886,False,bull
2015-11-04,411.56298828125,495.56201171875,380.5480041503906,403.66400146484375,263900000,2.0192496229717305,457.3340148925781,-10.008227055247387,False,bull
2015-11-05,386.35400390625,447.5610046386719,374.58099365234375,408.0769958496094,151824992,-6.1251825583919945,457.3340148925781,-15.520387435647098,False,bull
2015-11-06,374.4700012207031,395.83599853515625,354.0249938964844,388.0469970703125,122687000,-3.075936204981211,457.3340148925781,-18.118926424341886,False,bull
2015-11-07,386.4819946289063,390.58599853515625,372.4330139160156,374.2690124511719,56625100,3.2077318260598453,457.3340148925781,-15.492401167736025,False,bull
2015-11-08,373.3680114746094,389.8949890136719,368.7000122070313,384.2780151367188,51817600,-3.393167944832398,457.3340148925781,-18.359885922259966,False,bull
2015-11-09,380.2569885253906,385.2780151367188,362.8949890136719,374.3240051269531,68224400,1.8450903235050609,457.3340148925781,-16.853552077313093,False,bull
2015-11-10,336.8190002441406,381.3869934082031,329.1080017089844,379.9840087890625,95797904,-11.423324118170564,457.3340148925781,-26.35164031626751,True,bear
2015-11-11,311.0840148925781,340.5849914550781,300.9970092773437,339.82000732421875,107070000,-7.64059786796728,457.3340148925781,-31.978815316055652,True,bear
2015-11-12,338.1520080566406,345.0809936523437,313.3559875488281,314.0790100097656,78477800,8.701184203697988,457.3340148925781,-26.060166739168046,True,bear
2015-11-13,336.75299072265625,340.9140014648437,326.07501220703125,338.4979858398437,52003000,-0.413724390407888,457.3340148925781,-26.36607386359504,True,bear
2015-11-14,332.906005859375,338.1809997558594,329.9700012207031,336.6239929199219,38612000,-1.1423758568634534,457.3340148925781,-27.207250058237996,True,bear
2015-11-15,320.1659851074219,334.6619873046875,317.489990234375,333.0509948730469,44213100,-3.826912259833104,457.3340148925781,-29.992964730028937,True,bear
2015-11-16,330.7510070800781,331.6260070800781,315.9049987792969,319.7349853515625,47980100,3.3061044786206084,457.3340148925781,-27.678459001618915,True,bear
2015-11-17,335.093994140625,338.3500061035156,329.614013671875,330.36199951171875,51001600,1.313068431412323,457.3340148925781,-26.728827677658252,True,bear
2015-11-18,334.5899963378906,336.531005859375,330.6400146484375,334.5929870605469,43783800,-0.15040490475721757,457.3340148925781,-26.839031114604172,True,bear
2015-11-19,326.14898681640625,335.3340148925781,325.27301025390625,334.6789855957031,45011100,-2.5227919584780656,457.3340148925781,-28.68473015438958,True,bear
2015-11-20,322.0220031738281,326.4729919433594,312.2170104980469,326.4110107421875,53152900,-1.2653676109382728,457.3340148925781,-29.587130480669156,True,bear
2015-11-21,326.927001953125,328.15899658203125,319.5950012207031,322.0920104980469,28200500,1.5231874626433939,457.3340148925781,-28.51461048006325,True,bear
2015-11-22,324.5360107421875,327.010009765625,321.2590026855469,326.9750061035156,23439400,-0.7313532368550923,457.3340148925781,-29.03742119019579,True,bear
2015-11-23,323.0459899902344,325.1180114746094,321.2900085449219,324.3500061035156,27478900,-0.4591233954424845,457.3340148925781,-29.363226991520907,True,bear
2015-11-24,320.0459899902344,323.0580139160156,318.1180114746094,323.0140075683594,29362600,-0.9286603434051854,457.3340148925781,-30.019202690311797,True,bear
2015-11-25,328.2059936523437,329.1340026855469,316.7699890136719,320.0450134277344,41666900,2.549634714172888,457.3340148925781,-28.23494798884901,True,bear
2015-11-26,352.6839904785156,366.7569885253906,328.22900390625,328.3030090332031,106105000,7.45811999158692,457.3340148925781,-22.88262429783261,True,bear
2015-11-27,358.0419921875,363.5889892578125,347.8699951171875,351.8609924316406,55179100,1.5192075210770817,457.3340148925781,-21.71105132610802,True,bear
2015-11-28,357.3810119628906,359.5360107421875,352.1719970703125,357.1409912109375,36816600,-0.18460969356444146,457.3340148925781,-21.85558031434972,True,bear
2015-11-29,371.29400634765625,371.9389953613281,355.6659851074219,357.47198486328125,40409300,3.8930424166492505,457.3340148925781,-18.813384909742947,False,bull
2015-11-30,377.3210144042969,382.3630065917969,370.3829956054688,371.43701171875,71701600,1.6232441013328103,457.3340148925781,-17.49552796921857,False,bull
2015-12-01,362.4880065917969,378.9309997558594,356.56298828125,377.41400146484375,60452200,-3.9311374787640463,457.3340148925781,-20.738892190877024,True,bear
2015-12-02,359.18701171875,362.2319946289063,349.4649963378906,361.8450012207031,54160500,-0.9106494043992441,457.3340148925781,-21.460682997061042,True,bear
2015-12-03,361.0459899902344,370.2749938964844,357.4119873046875,359.3309936523437,50714900,0.5175516404640979,457.3340148925781,-21.05420147350303,True,bear
2015-12-04,363.1830139160156,363.5159912109375,355.7569885253906,361.2619934082031,35784100,0.5918979811516678,457.3340148925781,-20.586922885820634,True,bear
2015-12-05,388.9490051269531,389.7850036621094,363.22900390625,363.7210083007813,66282200,7.09449236987052,457.3340148925781,-14.952968189275783,False,bull
2015-12-06,388.7829895019531,402.8089904785156,387.0889892578125,389.5549926757813,77762000,-0.04268313398714252,457.3340148925781,-14.989268927815647,False,bull
2015-12-07,395.5360107421875,399.968994140625,385.4110107421875,389.9779968261719,63455800,1.7369641734802377,457.3340148925781,-13.512662985478174,False,bull
2015-12-08,415.56298828125,415.56298828125,389.9500122070313,395.7539978027344,57801400,5.063250120130314,457.3340148925781,-9.133592790192878,False,bull
2015-12-09,417.56298828125,423.1199951171875,406.2909851074219,414.4410095214844,90917200,0.48127481426387675,457.3340148925781,-8.69627565766562,False,bull
2015-12-10,415.47900390625,419.5090026855469,411.5480041503906,417.9880065917969,52138900,-0.49908263746698545,457.3340148925781,-9.15195669321892,False,bull
2015-12-11,451.93798828125,451.93798828125,415.281005859375,415.281005859375,110944000,8.775168909191544,457.3340148925781,-1.179887442353389,False,bull
2015-12-12,434.99700927734375,469.1029968261719,410.7409973144531,452.3349914550781,131969000,-3.748518478903251,457.3340148925781,-4.88417762244977,False,bull
2015-12-13,433.7550048828125,441.6799926757813,426.26800537109375,431.6600036621094,55050600,-0.2855202146319513,457.3340148925781,-5.155752522651092,False,bull
2015-12-14,444.1820068359375,447.1419982910156,430.45599365234375,433.2720031738281,130496000,2.4038920210135872,457.3340148925781,-2.875799225152731,False,bull
2015-12-15,465.3210144042969,465.3210144042969,443.87799072265625,443.87799072265625,83121104,4.759086870479035,465.3210144042969,0.0,False,bull
2015-12-16,454.9339904785156,465.2080078125,443.85101318359375,465.2080078125,107944000,-2.2322275599520713,465.3210144042969,-2.2322275599520713,False,bull
2015-12-17,456.0780029296875,457.8599853515625,448.8580017089844,454.7770080566406,47978400,0.25146778985860596,465.3210144042969,-1.986373103403094,False,bull
2015-12-18,463.6159973144531,465.177001953125,454.9400024414063,455.8469848632813,60220100,1.6527862199764431,465.3210144042969,-0.36641738435700955,False,bull
2015-12-19,462.3219909667969,465.58099365234375,456.7650146484375,463.552001953125,47892700,-0.27911166895705497,465.3210144042969,-0.6445063396372408,False,bull
2015-12-20,442.68499755859375,462.6449890136719,434.3380126953125,462.2340087890625,75409400,-4.2474711979715085,465.3210144042969,-4.864602316463551,False,bull
2015-12-21,438.6390075683594,444.72900390625,427.31201171875,442.8380126953125,77639696,-0.9139659153908575,465.3210144042969,-5.734107424762613,False,bull
2015-12-22,436.5719909667969,443.68798828125,435.5159912109375,437.4360046386719,50840400,-0.4712341050152391,465.3210144042969,-6.178320459974163,False,bull
2015-12-23,442.4010009765625,444.5289916992188,436.6189880371094,436.7200012207031,47161400,1.3351772743957158,465.3210144042969,-4.925634716299355,False,bull
2015-12-24,454.9849853515625,458.45599365234375,443.0769958496094,443.0910034179688,57157200,2.8444746614998406,465.3210144042969,-2.221268486222683,False,bull
2015-12-25,455.6530151367188,458.3049926757813,452.0750122070313,454.8550109863281,39078500,0.14682457809902516,465.3210144042969,-2.077705276207009,False,bull
2015-12-26,417.2739868164063,457.489013671875,405.760009765625,455.7560119628906,116166000,-8.422862802476327,465.3210144042969,-10.325565813828607,False,bull
2015-12-27,422.822998046875,424.0069885253906,408.8829956054688,416.5140075683594,53591200,1.329824385364864,465.3210144042969,-9.13305332058294,False,bull
2015-12-28,422.2789916992188,429.7690124511719,418.4809875488281,423.3429870605469,49638600,-0.12866053884701412,465.3210144042969,-9.249963223814506,False,bull
2015-12-29,432.9830017089844,432.9830017089844,420.62701416015625,422.0979919433594,51596500,2.534819448794612,465.3210144042969,-6.949613641823493,False,bull
2015-12-30,426.6199951171875,434.3869934082031,422.0840148925781,433.2999877929688,46889400,-1.4695742250116273,465.3210144042969,-8.317058136016996,False,bull
2015-12-31,430.5669860839844,432.9209899902344,418.7349853515625,425.875,45996600,0.9251772096881439,465.3210144042969,-7.4688284527198,False,bull
2016-01-01,434.3340148925781,436.2460021972656,427.5150146484375,430.7210083007813,36278900,0.8748995929425352,465.3210144042969,-6.659273609507677,False,bull
2016-01-02,433.43798828125,436.06201171875,431.8699951171875,434.62200927734375,30096600,-0.20629897281927434,465.3210144042969,-6.8518345692733185,False,bull
2016-01-03,430.010986328125,433.7430114746094,424.70599365234375,433.5780029296875,39633800,-0.790655652199379,465.3210144042969,-7.588315804171386,False,bull
2016-01-04,433.0910034179688,434.5169982910156,429.0840148925781,430.0610046386719,38477500,0.7162647438718084,465.3210144042969,-6.926403491058508,False,bull
2016-01-05,431.9599914550781,434.1820068359375,429.6759948730469,433.0690002441406,34522600,-0.26114880105213567,465.3210144042969,-7.1694640724377035,False,bull
2016-01-06,429.1050109863281,431.8559875488281,426.3410034179688,431.8559875488281,34042500,-0.6609363193875617,465.3210144042969,-7.783014799865084,False,bull
2016-01-07,458.0480041503906,458.7659912109375,429.0769958496094,430.010986328125,87562200,6.744967414278147,465.3210144042969,-1.5630091976862825,False,bull
2016-01-08,453.2300109863281,462.9339904785156,447.93798828125,457.5379943847656,56993000,-1.051853325504415,465.3210144042969,-2.59842195896689,False,bull
2016-01-09,447.6109924316406,454.6400146484375,446.8890075683594,453.3829956054688,32278000,-1.2397719520954253,465.3210144042969,-3.8059794044179585,False,bull
2016-01-10,447.9909973144531,448.3089904785156,440.35101318359375,448.2380065917969,35995900,0.08489623562373261,465.3210144042969,-3.7243143020371905,False,bull
2016-01-11,448.4280090332031,450.6619873046875,443.8550109863281,448.697998046875,40450000,0.09754921892843882,465.3210144042969,-3.630398122620815,False,bull
2016-01-12,435.6900024414063,448.1820068359375,435.6900024414063,448.1820068359375,115607000,-2.8405912064368044,465.3210144042969,-6.36786455922781,False,bull
2016-01-13,432.3710021972656,435.1860046386719,424.4429931640625,434.6650085449219,173888000,-0.7617802165628129,465.3210144042969,-7.0811356433609145,False,bull
2016-01-14,430.3059997558594,433.3240051269531,427.8450012207031,432.2879943847656,43945500,-0.4775996611502853,465.3210144042969,-7.5249158246729175,False,bull
2016-01-15,364.33099365234375,430.2550048828125,364.33099365234375,430.2550048828125,153351008,-15.332113923800161,465.3210144042969,-21.703301081564163,True,bear
2016-01-16,387.5360107421875,390.5570068359375,354.9140014648437,365.072998046875,120352000,6.369213021713627,465.3210144042969,-16.716417538479234,False,bull
2016-01-17,382.2990112304688,390.9649963378906,380.0920104980469,387.1520080566406,45319600,-1.351358161965155,465.3210144042969,-17.84187702764998,False,bull
2016-01-18,387.1679992675781,388.10400390625,376.6650085449219,381.7330017089844,54403900,1.273607279662592,465.3210144042969,-16.795505192639993,False,bull
2016-01-19,380.1489868164063,387.7300109863281,378.9719848632813,387.0260009765625,46819800,-1.812911310968357,465.3210144042969,-18.303928890236698,False,bull
2016-01-20,420.2300109863281,425.2669982910156,376.5989990234375,379.739990234375,121720000,10.543504141779824,465.3210144042969,-9.69030024910742,False,bull
2016-01-21,410.2619934082031,422.87701416015625,406.2999877929688,419.6319885253906,68338000,-2.3720384830985597,465.3210144042969,-11.832481081169355,False,bull
2016-01-22,382.4920043945313,410.4100036621094,375.2820129394531,409.7510070800781,91546600,-6.768842705359058,465.3210144042969,-17.800401754002692,False,bull
2016-01-23,387.4909973144531,394.5429992675781,381.9809875488281,382.4339904785156,56247400,1.3069535735354743,465.3210144042969,-16.726091167294822,False,bull
2016-01-24,402.9710083007813,405.4849853515625,387.510009765625,388.10198974609375,54824800,3.994934358117752,465.3210144042969,-13.399353171989436,False,bull
2016-01-25,391.72601318359375,402.3169860839844,388.5539855957031,402.3169860839844,59062400,-2.790522118354033,465.3210144042969,-15.81596337636273,False,bull
2016-01-26,392.1530151367188,397.7659912109375,390.5750122070313,392.00201416015625,58147000,0.10900525845980447,465.3210144042969,-15.724198349659236,False,bull
2016-01-27,394.9719848632813,396.8429870605469,391.7820129394531,392.4440002441406,47424400,0.7188443331437089,465.3210144042969,-15.118386525284333,False,bull
2016-01-28,380.28900146484375,395.50201416015625,379.7349853515625,395.14599609375,59247900,-3.7174746465929775,465.3210144042969,-18.27383898582594,False,bull
2016-01-29,379.4739990234375,384.3789978027344,365.4519958496094,380.1080017089844,86125296,-0.21431133644858047,465.3210144042969,-18.44898741372353,False,bull
2016-01-30,378.2550048828125,380.9169921875,376.4909973144531,378.864990234375,30284400,-0.3212325860960319,465.3210144042969,-18.710955840441923,False,bull
2016-01-31,368.7669982910156,380.3469848632813,367.8349914550781,378.2929992675781,37894300,-2.5083624722259446,465.3210144042969,-20.749979718171453,True,bear
2016-02-01,373.0559997558594,378.0719909667969,367.9570007324219,369.3500061035156,51656700,1.1630654274163321,465.3210144042969,-19.82825013105307,False,bull
2016-02-02,374.447998046875,375.8829956054688,372.9200134277344,372.9200134277344,40378700,0.37313387049842106,465.3210144042969,-19.52910217772076,False,bull
2016-02-03,369.9490051269531,374.9500122070313,368.0450134277344,374.64599609375,45933400,-1.2015000596581338,465.3210144042969,-20.495960063062878,True,bear
2016-02-04,389.593994140625,391.6080017089844,369.9930114746094,370.1740112304688,69285504,5.310188361482537,465.3210144042969,-16.274145787423222,False,bull
2016-02-05,386.5490112304688,391.093994140625,385.5719909667969,388.8980102539063,43825000,-0.7815785037633582,465.3210144042969,-16.928529066040966,False,bull
2016-02-06,376.5220031738281,386.6310119628906,372.3869934082031,386.5889892578125,49249300,-2.593981038710347,465.3210144042969,-19.083387270645634,False,bull
2016-02-07,376.6199951171875,380.8710021972656,374.9030151367188,376.5140075683594,37076300,0.026025555620479146,465.3210144042969,-19.062328272593543,False,bull
2016-02-08,373.4469909667969,379.8789978027344,373.3340148925781,376.7569885253906,47671100,-0.8424948732218329,465.3210144042969,-19.744224007402067,False,bull
2016-02-09,376.0289916992188,377.2460021972656,372.8980102539063,373.4230041503906,55318500,0.6913968501225609,465.3210144042969,-19.189338100147822,False,bull
2016-02-10,381.6489868164063,385.4830017089844,375.7829895019531,376.14599609375,85130896,1.4945643131907493,465.3210144042969,-17.9815707861394,False,bull
2016-02-11,379.6539916992188,383.1300048828125,376.3989868164063,382.114013671875,74375600,-0.5227303585499055,465.3210144042969,-18.410306015246025,False,bull
2016-02-12,384.2630004882813,384.9540100097656,379.6000061035156,379.6860046386719,67042800,1.2140024574571084,465.3210144042969,-17.419805125239375,False,bull
2016-02-13,391.8599853515625,391.8599853515625,384.6409912109375,384.6409912109375,61911700,1.9770274144603306,465.3210144042969,-15.787172033650588,False,bull
2016-02-14,407.2300109863281,407.2300109863281,392.9320068359375,392.9320068359375,74469800,3.922325884072131,465.3210144042969,-12.484070484617327,False,bull
2016-02-15,400.18499755859375,410.3810119628906,397.7489929199219,407.5679931640625,74070496,-1.7299838513058163,465.3210144042969,-13.99808193255362,False,bull
2016-02-16,407.4880065917969,408.9450073242188,401.4320068359375,401.4320068359375,73093104,1.8249082493738022,465.3210144042969,-12.4286258351211,False,bull
2016-02-17,416.3219909667969,421.1669921875,406.7839965820313,407.656005859375,83193600,2.1679127316867275,465.3210144042969,-10.530154865287667,False,bull
2016-02-18,422.37298583984375,425.9960021972656,415.6380004882813,416.5719909667969,76752600,1.4534410875089776,465.3210144042969,-9.229763375169098,False,bull
2016-02-19,420.7850036621094,423.10400390625,417.60400390625,422.7300109863281,55711300,-0.3759667949825962,465.3210144042969,-9.571029324605595,False,bull
2016-02-20,437.16400146484375,441.9840087890625,421.60101318359375,421.60101318359375,93992096,3.892486105775461,465.3210144042969,-6.051094205470109,False,bull
2016-02-21,438.7980041503906,448.0459899902344,429.0769958496094,437.7730102539063,89820704,0.3737733848330871,465.3210144042969,-5.699938200268251,False,bull
2016-02-22,437.74798583984375,439.0450134277344,432.9169921875,438.989013671875,85385200,-0.23929423119869453,465.3210144042969,-5.925592808171809,False,bull
2016-02-23,420.7359924316406,439.8580017089844,417.8210144042969,438.2550048828125,85244896,-3.886252811778146,465.3210144042969,-9.581562102827856,False,bull
2016-02-24,424.9549865722656,425.5499877929688,413.9070129394531,420.95599365234375,67743696,1.002765205857803,465.3210144042969,-8.674877467914865,False,bull
2016-02-25,424.54400634765625,427.718994140625,420.4150085449219,425.0369873046875,70798000,-0.09671147241367972,465.3210144042969,-8.763199338599236,False,bull
2016-02-26,432.1520080566406,432.1520080566406,421.6199951171875,424.6289978027344,61486000,1.7920407767467728,465.3210144042969,-7.128198667347774,False,bull
2016-02-27,432.5190124511719,434.2309875488281,428.1029968261719,432.8389892578125,41893600,0.08492483841082699,465.3210144042969,-7.049327440136799,False,bull
2016-02-28,433.5039978027344,435.6830139160156,423.8200073242188,432.5710144042969,53033400,0.22773226683849845,465.3210144042969,-6.837648766474603,False,bull
2016-02-29,437.6969909667969,441.5069885253906,431.6929931640625,433.43798828125,60694700,0.9672328710496725,465.3210144042969,-5.936551881901186,False,bull
2016-03-01,435.12298583984375,439.6530151367188,432.3190002441406,437.9169921875,74895800,-0.5880792374806099,465.3210144042969,-6.4897194903420825,False,bull
2016-03-02,423.989013671875,435.9169921875,423.989013671875,435.1310119628906,74955296,-2.558810389315269,465.3210144042969,-8.88247026310106,False,bull
2016-03-03,421.6510009765625,425.37298583984375,419.4110107421875,423.9119873046875,100484000,-0.5514323767648155,465.3210144042969,-9.384921822978631,False,bull
2016-03-04,410.9389953613281,425.1780090332031,410.9389953613281,421.83599853515625,90856096,-2.540490972492626,465.3210144042969,-11.686989703782992,False,bull
2016-03-05,400.5700073242188,411.2569885253906,394.0350036621094,410.781005859375,135384992,-2.5232426598970292,465.3210144042969,-13.915341253816393,False,bull
2016-03-06,407.7070007324219,411.9070129394531,395.7780151367188,400.5249938964844,91212496,1.78170938355513,465.3210144042969,-12.38156281113424,False,bull
2016-03-07,414.3210144042969,415.9169921875,406.3089904785156,407.7569885253906,85762400,1.6222467752560865,465.3210144042969,-10.960175539308082,False,bull
2016-03-08,413.9719848632813,416.2430114746094,411.093994140625,414.4649963378906,70311696,-0.08424133193374317,465.3210144042969,-11.035183873385234,False,bull
2016-03-09,414.8599853515625,416.0320129394531,411.6059875488281,413.8940124511719,70012304,0.21450738715433904,465.3210144042969,-10.844347770825369,False,bull
2016-03-10,417.1310119628906,417.5119934082031,413.2510070800781,414.7439880371094,81022896,0.5474200191670997,465.3210144042969,-10.35629188230388,False,bull
2016-03-11,421.6900024414063,423.9259948730469,417.0130004882813,417.2380065917969,73969696,1.0929397114499917,465.3210144042969,-9.376540197469252,False,bull
2016-03-12,411.6239929199219,421.7950134277344,410.093994140625,421.6050109863281,92712896,-2.387063829639424,465.3210144042969,-11.53978002758329,False,bull
2016-03-13,414.0650024414063,416.60400390625,411.6419982910156,411.6480102539063,74322800,0.5930192514213672,465.3210144042969,-11.01519389329717,False,bull
2016-03-14,416.43798828125,416.6839904785156,414.2009887695313,414.2009887695313,95259400,0.5730950034057658,465.3210144042969,-10.505226415709345,False,bull
2016-03-15,416.8299865722656,418.1310119628906,414.9849853515625,416.3880004882813,66781700,0.09413125172212933,465.3210144042969,-10.420983865108557,False,bull
2016-03-16,417.010986328125,417.6860046386719,415.9119873046875,416.8880004882813,65185800,0.04342292102057499,465.3210144042969,-10.382086039681294,False,bull
2016-03-17,420.6210021972656,420.99700927734375,417.8890075683594,417.8890075683594,83528600,0.8656884320788816,465.3210144042969,-9.606274125456405,False,bull
2016-03-18,409.5480041503906,420.5469970703125,406.1369934082031,420.5469970703125,104940000,-2.632535700554939,465.3210144042969,-11.98592123016553,False,bull
2016-03-19,410.4440002441406,410.9840087890625,407.2300109863281,409.2650146484375,58423000,0.21877681850965836,465.3210144042969,-11.793366828792317,False,bull
2016-03-20,413.7550048828125,414.625,410.4010009765625,410.4010009765625,45947900,0.8066885218695807,465.3210144042969,-11.081814043472571,False,bull
2016-03-21,413.3070068359375,413.4179992675781,410.3810119628906,413.4179992675781,61655400,-0.10827616381386962,465.3210144042969,-11.178091244159184,False,bull
2016-03-22,418.0889892578125,418.375,412.531005859375,413.1319885253906,66813300,1.1570049243740943,465.3210144042969,-10.150417385931032,False,bull
2016-03-23,418.0409851074219,419.26800537109375,417.364013671875,418.1610107421875,61444200,-0.01148180211008043,465.3210144042969,-10.16073373720351,False,bull
2016-03-24,416.3940124511719,418.6799926757813,415.4859924316406,418.4240112304688,68346704,-0.39397396784595085,465.3210144042969,-10.51467705918273,False,bull
2016-03-25,417.177001953125,418.0799865722656,415.5580139160156,416.5079956054688,52560000,0.1880405285714648,465.3210144042969,-10.346408384930939,False,bull
2016-03-26,417.9450073242188,418.9869995117188,416.2590026855469,417.364990234375,44650400,0.18409580765434974,465.3210144042969,-10.181359881356045,False,bull
2016-03-27,426.7650146484375,428.7969970703125,417.71099853515625,418.1400146484375,71229400,2.110327236754528,465.3210144042969,-8.285892655249771,False,bull
2016-03-28,424.2309875488281,426.8569946289063,423.2929992675781,426.5480041503906,68522800,-0.5937757343340011,465.3210144042969,-8.830468769623945,False,bull
2016-03-29,416.5159912109375,426.2030029296875,412.6809997558594,424.3039855957031,75411504,-1.818583876313995,465.3210144042969,-10.488463164690609,False,bull
2016-03-30,414.8160095214844,416.8340148925781,412.4960021972656,416.8340148925781,66034100,-0.40814319865865034,465.3210144042969,-10.853798414298765,False,bull
2016-03-31,416.72900390625,418.3689880371094,415.2569885253906,415.2569885253906,60215200,0.46116696097924237,465.3210144042969,-10.44268558561755,False,bull
2016-04-01,417.9599914550781,418.1730041503906,415.83099365234375,416.760009765625,51235700,0.2953928181838483,465.3210144042969,-10.178139710679146,False,bull
2016-04-02,420.87298583984375,422.08099365234375,418.4219970703125,418.4219970703125,45681200,0.6969553173317822,465.3210144042969,-9.552121479266395,False,bull
2016-04-03,420.9039916992188,421.5799865722656,419.6969909667969,421.1730041503906,38053700,0.007367034810568107,465.3210144042969,-9.545458152570363,False,bull
2016-04-04,421.4440002441406,422.3429870605469,419.60101318359375,421.2990112304688,50634300,0.1282973209025151,465.3210144042969,-9.429407398745472,False,bull
2016-04-05,424.0299987792969,424.2569885253906,420.614013671875,421.0169982910156,60718000,0.6136043065408936,465.3210144042969,-8.873662342084565,False,bull
2016-04-06,423.4129943847656,424.5270080566406,422.72900390625,424.2839965820313,59091000,-0.14550960929827772,465.3210144042969,-9.006259919978433,False,bull
2016-04-07,422.7449951171875,423.6570129394531,420.51800537109375,423.6199951171875,57858600,-0.15776541495821084,465.3210144042969,-9.149816571601676,False,bull
2016-04-08,420.3489990234375,425.3609924316406,419.635009765625,422.9070129394531,63454700,-0.5667710135955129,465.3210144042969,-9.664729077072199,False,bull
2016-04-09,419.4110107421875,420.8909912109375,416.5150146484375,420.8110046386719,49792700,-0.22314512070426007,465.3210144042969,-9.86630782641168,False,bull
2016-04-10,421.5639953613281,422.43499755859375,419.2569885253906,419.5920104980469,73478600,0.5133352639766775,465.3210144042969,-9.403619799760477,False,bull
2016-04-11,422.4830017089844,422.739013671875,420.5329895019531,421.87200927734375,50747500,0.21799924988104014,465.3210144042969,-9.206120370504578,False,bull
2016-04-12,425.1900024414063,427.2770080566406,422.8429870605469,422.8429870605469,70728800,0.640736011028098,465.3210144042969,-8.624371287908893,False,bull
2016-04-13,423.7340087890625,426.6579895019531,422.9159851074219,425.6319885253906,69060400,-0.34243365177535345,465.3210144042969,-8.937272190140389,False,bull
2016-04-14,424.2820129394531,425.3710021972656,423.0130004882813,423.93499755859375,45281000,0.12932739384234893,465.3210144042969,-8.819503137502139,False,bull
2016-04-15,429.7130126953125,429.9280090332031,424.427001953125,424.427001953125,54801500,1.2800447792337577,465.3210144042969,-7.652351947734337,False,bull
2016-04-16,430.5719909667969,432.625,428.9840087890625,429.5750122070313,39392800,0.19989580164132548,465.3210144042969,-7.467752876363354,False,bull
2016-04-17,427.3989868164063,431.3710021972656,426.0790100097656,430.635986328125,52125900,-0.7369276722496432,465.3210144042969,-8.149648611171855,False,bull
2016-04-18,428.5910034179688,429.2739868164063,427.08599853515625,427.6109924316406,55670900,0.27890019357359463,465.3210144042969,-7.8934778033503905,False,bull
2016-04-19,435.5090026855469,436.0199890136719,428.10400390625,428.7030029296875,52810500,1.614126104469693,465.3210144042969,-6.406762384655096,False,bull
2016-04-20,441.3890075683594,443.0539855957031,434.406005859375,435.3240051269531,72890096,1.3501454267428992,465.3210144042969,-5.143117567250899,False,bull
2016-04-21,449.4249877929688,450.5480041503906,440.9519958496094,441.4159851074219,68204704,1.8206117703021496,465.3210144042969,-3.416142000738598,False,bull
2016-04-22,445.7369995117188,449.80999755859375,444.1499938964844,449.68798828125,58804400,-0.8206015200358463,465.3210144042969,-4.2087106075897935,False,bull
2016-04-23,450.2820129394531,450.2820129394531,444.33099365234375,445.8609924316406,50485400,1.0196625886370603,465.3210144042969,-3.2319626664823353,False,bull
2016-04-24,458.5549926757813,460.14599609375,448.9280090332031,450.55999755859375,68198400,1.8372885211030088,465.3210144042969,-1.4540546244569241,False,bull
2016-04-25,461.4259948730469,466.6199951171875,453.5920104980469,459.1210021972656,87091800,0.6260976858004641,465.3210144042969,-0.8370607410104647,False,bull
2016-04-26,466.0889892578125,467.9649963378906,461.6210021972656,461.6480102539063,78971904,1.0105617014595225,466.0889892578125,0.0,False,bull
2016-04-27,444.68701171875,467.0790100097656,444.1340026855469,466.2619934082031,93564896,-4.591822169655291,466.0889892578125,-4.591822169655291,False,bull
2016-04-28,449.010986328125,449.5509948730469,436.6499938964844,445.0379943847656,74064704,0.9723635940394271,466.0889892578125,-3.664107782696613,False,bull
2016-04-29,455.0969848632813,455.3840026855469,446.0169982910156,449.4079895019531,49258500,1.3554230788261457,466.0889892578125,-2.358348866390203,False,bull
2016-04-30,448.3179931640625,455.5870056152344,447.6969909667969,455.1780090332031,69322600,-1.4895707782496825,466.0889892578125,-3.812790369076957,False,bull
2016-05-01,451.875,452.47900390625,447.927001953125,448.4840087890625,40660100,0.7934115717358248,466.0889892578125,-3.049629917335417,False,bull
2016-05-02,444.66900634765625,452.4450073242188,441.7760009765625,451.9330139160156,92127000,-1.5946873919432947,466.0889892578125,-4.595685245486026,False,bull
2016-05-03,450.3039855957031,451.0969848632813,442.6170043945313,444.72698974609375,59366400,1.267230044731571,466.0889892578125,-3.3866931049465476,False,bull
2016-05-04,446.7219848632813,450.37799072265625,445.6300048828125,450.1830139160156,50407300,-0.7954628089030136,466.0889892578125,-4.155216029748033,False,bull
2016-05-05,447.97601318359375,448.5060119628906,445.8829956054688,446.71099853515625,50440800,0.2807178430441981,466.0889892578125,-3.8861626195163645,False,bull
2016-05-06,459.6029968261719,461.375,447.0679931640625,447.9419860839844,72796800,2.5954478142589776,466.0889892578125,-1.3915781280241624,False,bull
2016-05-07,458.5360107421875,460.6749877929688,457.3240051269531,459.6390075683594,38364500,-0.23215385699234536,466.0889892578125,-1.6205013827192416,False,bull
2016-05-08,458.5480041503906,459.4169921875,455.9830017089844,458.4289855957031,40315000,0.002615586981646878,466.0889892578125,-1.617928181360806,False,bull
2016-05-09,460.4830017089844,462.4809875488281,456.531005859375,458.20599365234375,55493100,0.4219836398980714,466.0889892578125,-1.2027719336933806,False,bull
2016-05-10,450.8949890136719,461.9289855957031,448.9540100097656,460.51800537109375,58956100,-2.0821643056809114,466.0889892578125,-3.259892551492183,False,bull
2016-05-11,452.7279968261719,454.5759887695313,450.864013671875,450.864013671875,50605200,0.406526543244512,466.0889892578125,-2.866618336750737,False,bull
2016-05-12,454.7659912109375,454.9490051269531,449.25,452.4469909667969,59849300,0.4501586822668102,466.0889892578125,-2.429363985814259,False,bull
2016-05-13,455.6700134277344,457.0549926757813,453.4530029296875,454.8500061035156,60845000,0.1987884393882755,466.0889892578125,-2.235404841180444,False,bull
2016-05-14,455.6709899902344,456.83599853515625,454.7860107421875,455.822998046875,37209000,0.00021431353198764214,466.0889892578125,-2.235195318423522,False,bull
2016-05-15,457.5679931640625,458.6919860839844,455.4590148925781,455.7590026855469,28514000,0.4163098409817101,466.0889892578125,-1.828190815517572,False,bull
2016-05-16,454.1629943847656,458.2000122070313,452.9450073242188,457.58599853515625,59171500,-0.7441514332660049,466.0889892578125,-2.5587377406270595,False,bull
2016-05-17,453.7829895019531,455.0719909667969,453.6050109863281,454.0090026855469,64100300,-0.08367147643265627,466.0889892578125,-2.6402682834141045,False,bull
2016-05-18,454.6189880371094,455.99798583984375,453.2990112304688,453.6910095214844,86850096,0.18422870722276663,466.0889892578125,-2.460903708317086,False,bull
2016-05-19,438.7149963378906,454.6329956054688,438.7149963378906,454.5239868164063,96027400,-3.4983122389776966,466.0889892578125,-5.873125851677274,False,bull
2016-05-20,442.6759948730469,444.0539855957031,437.3890075683594,437.7929992675781,81987904,0.9028637197771028,466.0889892578125,-5.023288454431807,False,bull
2016-05-21,443.18798828125,443.7780151367188,441.70599365234375,442.9660034179688,42762300,0.1156587242436613,466.0889892578125,-4.913439601529623,False,bull
2016-05-22,439.322998046875,443.427001953125,439.0350036621094,443.2179870605469,39657600,-0.8720882191243562,466.0889892578125,-5.742678292735248,False,bull
2016-05-23,444.1549987792969,444.3450012207031,438.822998046875,439.3479919433594,50582500,1.0998742961110253,466.0889892578125,-4.705966239074366,False,bull
2016-05-24,445.9809875488281,447.1000061035156,443.9299926757813,444.2909851074219,65783100,0.41111521305619014,466.0889892578125,-4.314197969148292,False,bull
2016-05-25,449.5989990234375,450.2980041503906,446.06201171875,446.06201171875,65231000,0.8112479176510368,466.0889892578125,-3.5379488926853275,False,bull
2016-05-26,453.3840026855469,453.6440124511719,447.89599609375,449.6719970703125,65203800,0.8418621194288045,466.0889892578125,-2.725871424788795,False,bull
2016-05-27,473.4639892578125,478.1489868164063,453.52099609375,453.52099609375,164780992,4.428913780222743,473.4639892578125,0.0,False,bull
2016-05-28,530.0399780273438,533.4730224609375,472.6990051269531,473.0289916992188,181199008,11.949375254117633,530.0399780273438,0.0,False,bull
2016-05-29,526.2329711914062,553.9600219726562,512.1790161132812,527.4769897460938,148736992,-0.7182489988974194,530.0399780273438,-0.7182489988974194,False,bull
2016-05-30,533.864013671875,544.3489990234375,522.9630126953125,528.4710083007812,87958704,1.4501262555236538,533.864013671875,0.0,False,bull
2016-05-31,531.385986328125,546.6179809570312,520.6619873046875,534.1909790039062,138450000,-0.4641682676279957,533.864013671875,-0.4641682676279957,False,bull
2016-06-01,536.9199829101562,543.0800170898438,525.635986328125,531.1069946289062,86061800,1.041426895780817,536.9199829101562,0.0,False,bull
2016-06-02,537.9719848632812,540.3519897460938,533.0780029296875,536.5150146484375,60378200,0.1959327249142495,537.9719848632812,0.0,False,bull
2016-06-03,569.1939697265625,574.6380004882812,536.9199829101562,537.6820068359375,122020000,5.8036451231221475,569.1939697265625,0.0,False,bull
2016-06-04,572.7269897460938,590.1320190429688,564.2379760742188,569.7050170898438,94925296,0.6207058063578019,572.7269897460938,0.0,False,bull
2016-06-05,574.9769897460938,582.8079833984375,569.177978515625,573.3079833984375,68874096,0.3928573369656352,574.9769897460938,0.0,False,bull
2016-06-06,585.5369873046875,586.469970703125,574.6019897460938,574.6019897460938,72138896,1.8365948110822705,585.5369873046875,0.0,False,bull
2016-06-07,576.5969848632812,590.2589721679688,567.5139770507812,585.4450073242188,107770000,-1.5268040508522596,585.5369873046875,-1.5268040508522596,False,bull
2016-06-08,581.64501953125,582.8389892578125,573.1300048828125,577.1669921875,80265800,0.8754875243001337,585.5369873046875,-0.6646835055378442,False,bull
2016-06-09,574.6300048828125,582.2030029296875,570.9509887695312,582.2030029296875,71301000,-1.2060645948779758,585.5369873046875,-1.8627315879875428,False,bull
2016-06-10,577.469970703125,579.1270141601562,573.3250122070312,575.8369750976562,66991900,0.494225118107372,585.5369873046875,-1.377712557270916,False,bull
2016-06-11,606.7269897460938,607.1160278320312,578.6740112304688,578.6740112304688,82357000,5.066413930986835,606.7269897460938,0.0,False,bull
2016-06-12,672.7839965820312,684.843994140625,607.0390014648438,609.6840209960938,277084992,10.887435032943138,672.7839965820312,0.0,False,bull
2016-06-13,704.3759765625,716.0040283203125,664.4869995117188,671.6539916992188,243295008,4.695709193584663,704.3759765625,0.0,False,bull
2016-06-14,685.5590209960938,704.5040283203125,662.8040161132812,704.5040283203125,186694000,-2.6714363056839163,704.3759765625,-2.6714363056839163,False,bull
2016-06-15,694.468994140625,696.302978515625,672.5609741210938,685.6849975585938,99223800,1.2996653638348121,704.3759765625,-1.4064906742309868,False,bull
2016-06-16,766.3079833984375,773.7219848632812,696.5230102539062,696.5230102539062,271633984,10.34444876069811,766.3079833984375,0.0,False,bull
2016-06-17,748.9089965820312,775.3560180664062,716.5560302734375,768.4869995117188,363320992,-2.270495309111209,766.3079833984375,-2.270495309111209,False,bull
2016-06-18,756.2269897460938,777.989990234375,733.9290161132812,748.7559814453125,252718000,0.9771538594757656,766.3079833984375,-1.315527682177653,False,bull
2016-06-19,763.781005859375,766.6209716796875,745.6279907226562,756.68798828125,136184992,0.9989085573125944,766.3079833984375,-0.32976004345612875,False,bull
2016-06-20,737.2260131835938,764.083984375,732.7269897460938,763.927001953125,174511008,-3.4767809715171794,766.3079833984375,-3.79507598053076,False,bull
2016-06-21,666.6519775390625,735.8829956054688,639.0700073242188,735.8829956054688,309944000,-9.572917176344397,766.3079833984375,-13.004693676479606,False,bull
2016-06-22,596.1160278320312,678.6699829101562,587.4829711914062,665.9149780273438,266392992,-10.580625586293745,766.3079833984375,-22.20934131622062,True,bear
2016-06-23,623.9769897460938,629.3270263671875,558.1389770507812,597.4429931640625,253462000,4.673748165334168,766.3079833984375,-18.573601833186114,False,bull
2016-06-24,665.2990112304688,681.7269897460938,625.27197265625,625.5750122070312,224316992,6.62236302995558,766.3079833984375,-13.181250144362611,False,bull
2016-06-25,665.1229858398438,691.7310180664062,646.5590209960938,665.281005859375,126656000,-0.026458086913350165,766.3079833984375,-13.204220724656501,False,bull
2016-06-26,629.3670043945312,665.97998046875,616.9340209960938,665.9310302734375,109225000,-5.375845100310849,766.3079833984375,-17.870227372106672,False,bull
2016-06-27,655.2750244140625,655.2750244140625,620.5239868164062,629.3489990234375,122134000,4.116520224071096,766.3079833984375,-14.489338671895846,False,bull
2016-06-28,647.0009765625,659.2479858398438,637.7730102539062,658.1019897460938,138384992,-1.2626832312067848,766.3079833984375,-15.569067453379837,False,bull
2016-06-29,639.8900146484375,644.6820068359375,628.2839965820312,644.1220092773438,142456000,-1.0990650975278071,766.3079833984375,-16.49701836451698,False,bull
2016-06-30,673.3369750976562,675.4030151367188,636.6079711914062,640.5910034179688,138980000,5.226985838745257,766.3079833984375,-12.132329339500236,False,bull
2016-07-01,676.2960205078125,686.1539916992188,669.593994140625,672.5150146484375,134431008,0.43945981278201707,766.3079833984375,-11.746186238519684,False,bull
2016-07-02,703.7020263671875,703.7020263671875,676.3989868164062,676.7340087890625,112354000,4.052368345860824,766.3079833984375,-8.169816625634496,False,bull
2016-07-03,658.6640014648438,704.968017578125,649.0089721679688,704.968017578125,129512000,-6.400155636164562,766.3079833984375,-14.047091282569202,False,bull
2016-07-04,683.6619873046875,683.6619873046875,650.5079956054688,658.8040161132812,92008400,3.7952561221273884,766.3079833984375,-10.784958252324339,False,bull
2016-07-05,670.6270141601562,683.4910278320312,665.0659790039062,683.208984375,130476000,-1.906640033610929,766.3079833984375,-12.485967954288224,False,bull
2016-07-06,677.3309936523438,681.8980102539062,670.4180297851562,670.4180297851562,134960992,0.9996584316817492,766.3079833984375,-11.61112655403861,False,bull
2016-07-07,640.56201171875,682.4320068359375,611.833984375,678.0900268554688,258091008,-5.428510178653701,766.3079833984375,-16.409325545849963,False,bull
2016-07-08,666.5230102539062,666.7069702148438,636.4669799804688,640.68798828125,141970000,4.052847040600782,766.3079833984375,-13.021523370016707,False,bull
2016-07-09,650.9600219726562,666.3839721679688,633.3989868164062,666.3839721679688,180536000,-2.334951388298123,766.3079833984375,-15.052428517609052,False,bull
2016-07-10,649.3599853515625,652.2940063476562,641.2639770507812,650.5989990234375,102532000,-0.24579644941098433,766.3079833984375,-15.26122663217363,False,bull
2016-07-11,647.6589965820312,659.6290283203125,644.97998046875,648.4840087890625,107910000,-0.26194850435854455,766.3079833984375,-15.483198581622426,False,bull
2016-07-12,664.551025390625,675.2589721679688,646.7789916992188,648.2830200195312,138172992,2.6081670906665577,766.3079833984375,-13.278859180944291,False,bull
2016-07-13,654.468017578125,668.7000122070312,654.468017578125,664.7969970703125,131449000,-1.5172661582416813,766.3079833984375,-14.594649702632934,False,bull
2016-07-14,658.0780029296875,662.9019775390625,652.9229736328125,652.9229736328125,98511400,0.5515907965864209,766.3079833984375,-14.12356165060027,False,bull
2016-07-15,663.2550048828125,667.0770263671875,659.0399780273438,659.1710205078125,81673104,0.7866851543552045,766.3079833984375,-13.44798445901655,False,bull
2016-07-16,660.7670288085938,666.4600219726562,659.333984375,663.781005859375,50330200,-0.37511606484723625,766.3079833984375,-13.772654973759856,False,bull
2016-07-17,679.458984375,682.364990234375,661.9929809570312,661.9929809570312,74407904,2.828826916516869,766.3079833984375,-11.33343262825971,False,bull
2016-07-18,673.1060180664062,681.5549926757812,668.625,679.8090209960938,69465000,-0.935003650652666,766.3079833984375,-12.162468270093886,False,bull
2016-07-19,672.864013671875,673.2769775390625,667.6320190429688,672.7379760742188,61203300,-0.03595338446481522,766.3079833984375,-12.194048835581139,False,bull
2016-07-20,665.6849975585938,672.9290161132812,663.3599853515625,672.8060302734375,94636400,-1.0669341750207062,766.3079833984375,-13.130880536256317,False,bull
2016-07-21,665.0120239257812,666.218994140625,660.4149780273438,665.22802734375,60491800,-0.10109490754345307,766.3079833984375,-13.218700792262005,False,bull
2016-07-22,650.6190185546875,666.5830078125,646.7219848632812,664.9219970703125,134169000,-2.1643225766245777,766.3079833984375,-15.096928043303205,False,bull
2016-07-23,655.5560302734375,656.3660278320312,648.5239868164062,650.7260131835938,69532200,0.7588176149103898,766.3079833984375,-14.45266857769576,False,bull
2016-07-24,661.2849731445312,663.1099853515625,652.7930297851562,655.4099731445312,118184000,0.8739059068229693,766.3079833984375,-13.705065395266814,False,bull
2016-07-25,654.0969848632812,661.8280029296875,653.39501953125,661.2630004882812,78176496,-1.0869728745036777,766.3079833984375,-14.64306792649096,False,bull
2016-07-26,651.7839965820312,656.2249755859375,645.8790283203125,654.2260131835938,225135008,-0.35361549353930544,766.3079833984375,-14.944903263112707,False,bull
2016-07-27,654.3519897460938,657.4559936523438,648.447021484375,651.6270141601562,147460992,0.3939945100722264,766.3079833984375,-14.609790851432757,False,bull
2016-07-28,655.0349731445312,657.594970703125,654.4920043945312,654.4920043945312,86428400,0.1043755362771126,766.3079833984375,-14.520664362705782,False,bull
2016-07-29,656.9920043945312,657.7960205078125,654.7860107421875,655.1110229492188,60703500,0.2987674445236399,766.3079833984375,-14.265279936026454,False,bull
2016-07-30,655.0469970703125,658.2230224609375,654.208984375,657.0120239257812,38456100,-0.29604733561579,766.3079833984375,-14.519095290473505,False,bull
2016-07-31,624.6810302734375,655.2849731445312,624.364990234375,655.0999755859375,110818000,-4.635692848404204,766.3079833984375,-18.481727476844235,False,bull
2016-08-01,606.27197265625,626.1190185546875,605.8839721679688,624.6019897460938,121887000,-2.946953200920699,766.3079833984375,-20.884032818300636,True,bear
2016-08-02,547.4650268554688,612.8480224609375,531.333984375,606.39697265625,330932992,-9.699763217344737,766.3079833984375,-28.558094302037638,True,bear
2016-08-03,566.35498046875,573.3599853515625,541.5469970703125,548.656005859375,207982000,3.450440244883124,766.3079833984375,-26.093034036123708,True,bear
2016-08-04,578.2890014648438,579.4959716796875,565.7769775390625,566.3289794921875,125292000,2.1071627173149254,766.3079833984375,-24.535694003834273,True,bear
2016-08-05,575.0430297851562,578.281005859375,569.9819946289062,578.281005859375,66127900,-0.5613061413004994,766.3079833984375,-24.95927978788055,True,bear
2016-08-06,587.7780151367188,588.39599609375,569.468994140625,575.030029296875,80797296,2.2146143317866906,766.3079833984375,-23.297417243387,True,bear
2016-08-07,592.6900024414062,597.5130004882812,586.8159790039062,587.77099609375,82398400,0.8356874837424755,766.3079833984375,-22.656423359582767,True,bear
2016-08-08,591.0540161132812,592.9940185546875,588.0469970703125,592.7360229492188,61194100,-0.2760273197432106,766.3079833984375,-22.86991276117685,True,bear
2016-08-09,587.801025390625,591.0910034179688,584.7930297851562,591.0380249023438,92228096,-0.5503711393499366,766.3079833984375,-23.294414501094764,True,bear
2016-08-10,592.10302734375,599.9840087890625,586.3709716796875,587.6480102539062,102905000,0.7318806479226669,766.3079833984375,-22.733021164952504,True,bear
2016-08-11,589.1199951171875,597.5419921875,589.1199951171875,592.1240234375,74514400,-0.5038029006446343,766.3079833984375,-23.122294445563952,True,bear
2016-08-12,587.5590209960938,589.9099731445312,583.8109741210938,588.7979736328125,69218000,-0.2649670922785896,766.3079833984375,-23.325995066582028,True,bear
2016-08-13,585.5880126953125,589.7739868164062,584.97900390625,587.3569946289062,43563000,-0.3354570741573859,766.3079833984375,-23.58320344017095,True,bear
2016-08-14,570.4730224609375,585.666015625,564.781005859375,585.5889892578125,60851100,-2.581164557109794,766.3079833984375,-25.555646708651956,True,bear
2016-08-15,567.239990234375,573.5800170898438,563.239990234375,570.4940185546875,57262300,-0.5667283288201208,766.3079833984375,-25.977543947960967,True,bear
2016-08-16,577.4390258789062,581.7379760742188,566.7160034179688,567.2429809570312,58405200,1.7980106868553447,766.3079833984375,-24.646612277472503,True,bear
2016-08-17,573.2160034179688,580.8939819335938,571.4299926757812,577.760986328125,54443000,-0.7313365172209707,766.3079833984375,-25.197699118850448,True,bear
2016-08-18,574.3179931640625,577.7919921875,573.4299926757812,573.7069702148438,59896600,0.19224685625014448,766.3079833984375,-25.053894047003666,True,bear
2016-08-19,575.6300048828125,578.2379760742188,574.1820068359375,574.3389892578125,50631600,0.22844691170509357,766.3079833984375,-24.882681982510825,True,bear
2016-08-20,581.697021484375,582.8179931640625,575.4569702148438,576.083984375,45301400,1.0539785192048123,766.3079833984375,-24.090961586403715,True,bear
2016-08-21,581.3079833984375,584.1580200195312,580.218017578125,581.9390258789062,38299400,-0.0668798483693056,766.3079833984375,-24.141729436193316,True,bear
2016-08-22,586.7529907226562,588.447998046875,580.593994140625,581.3109741210938,72844000,0.9366820136180065,766.3079833984375,-23.431178659980457,True,bear
2016-08-23,583.4149780273438,589.4739990234375,581.6339721679688,586.77099609375,85349200,-0.5688957275192363,766.3079833984375,-23.86677541319566,True,bear
2016-08-24,580.1820068359375,583.5900268554688,579.85498046875,583.4119873046875,56328200,-0.5541460732354953,766.3079833984375,-24.28866468767099,True,bear
2016-08-25,577.760986328125,580.4509887695312,575.1669921875,580.1799926757812,136130000,-0.4172863824260409,766.3079833984375,-24.604597779882265,True,bear
2016-08-26,579.6510009765625,580.6229858398438,576.8579711914062,577.7529907226562,48856800,0.32712742693985497,766.3079833984375,-24.35795874056864,True,bear
2016-08-27,569.947021484375,579.844970703125,568.6300048828125,579.4520263671875,59698300,-1.6741072603754348,766.3079833984375,-25.624287645188957,True,bear
2016-08-28,573.9119873046875,574.0380249023438,569.739990234375,569.8300170898438,86301600,0.6956726977862093,766.3079833984375,-25.106876120552535,True,bear
2016-08-29,574.1069946289062,576.2780151367188,573.4650268554688,574.0709838867188,110398000,0.03397861144782688,766.3079833984375,-25.0814284769884,True,bear
2016-08-30,577.5029907226562,578.3569946289062,574.114013671875,574.114013671875,70342400,0.5915266884956027,766.3079833984375,-24.638265131790117,True,bear
2016-08-31,575.4719848632812,577.8610229492188,573.6420288085938,577.5910034179688,75840896,-0.3516875050003643,766.3079833984375,-24.903302936873118,True,bear
2016-09-01,572.302978515625,576.3109741210938,571.8140258789062,575.5460205078125,76923400,-0.5506795171634882,766.3079833984375,-25.316845065666072,True,bear
2016-09-02,575.5369873046875,575.6430053710938,570.8109741210938,572.4099731445312,79910800,0.5650868352023108,766.3079833984375,-24.894820389018403,True,bear
2016-09-03,598.2119750976562,599.5,574.0560302734375,575.5549926757812,159014000,3.939796797275985,766.3079833984375,-21.935828928116575,True,bear
2016-09-04,608.6339721679688,611.8369750976562,596.8480224609375,598.5900268554688,97942896,1.7421913141426382,766.3079833984375,-20.57580172024478,True,bear
2016-09-05,606.5900268554688,609.0549926757812,602.2420043945312,608.989990234375,82446800,-0.33582504525986323,766.3079833984375,-20.842528070065047,True,bear
2016-09-06,610.4359741210938,610.8300170898438,605.0910034179688,606.5059814453125,78529104,0.634027447757779,766.3079833984375,-20.340647971078095,True,bear
2016-09-07,614.5440063476562,614.5449829101562,608.5130004882812,610.572998046875,75032400,0.6729669286737572,766.3079833984375,-19.804566876327634,False,bull
2016-09-08,626.3159790039062,628.77001953125,613.843994140625,614.635009765625,86713000,1.9155621948398593,766.3079833984375,-18.268373477422482,False,bull
2016-09-09,622.8610229492188,626.8300170898438,620.2630004882812,626.3519897460938,64550200,-0.5516314720538151,766.3079833984375,-18.719230851942502,False,bull
2016-09-10,623.5089721679688,625.094970703125,622.39501953125,622.927001953125,45016800,0.10402789625236775,766.3079833984375,-18.63467617774004,False,bull
2016-09-11,606.718994140625,628.8179931640625,600.5059814453125,623.4240112304688,73610800,-2.692820597106127,766.3079833984375,-20.825698376527956,True,bear
2016-09-12,608.2429809570312,608.458984375,605.4110107421875,607.0050048828125,72812304,0.25118495236247096,766.3079833984375,-20.626824444711712,True,bear
2016-09-13,609.2410278320312,611.1929931640625,606.9249877929688,608.0250244140625,86920600,0.1640868709129384,766.3079833984375,-20.496583484598794,True,bear
2016-09-14,610.6840209960938,611.9520263671875,608.4099731445312,608.8410034179688,47877700,0.23685095030407943,766.3079833984375,-20.308278887057863,True,bear
2016-09-15,607.155029296875,611.0859985351562,607.155029296875,610.5880126953125,59464600,-0.5778752313614799,766.3079833984375,-20.768797604815216,True,bear
2016-09-16,606.9730224609375,609.260986328125,606.7349853515625,607.2459716796875,64963400,-0.029976995520941685,766.3079833984375,-20.792548738808414,True,bear
2016-09-17,605.9840087890625,607.8599853515625,605.1920166015625,607.218017578125,37140300,-0.16294194886373736,766.3079833984375,-20.9216109035387,True,bear
2016-09-18,609.8740234375,610.1580200195312,605.8560180664062,606.2830200195312,48679400,0.6419335480833732,766.3079833984375,-20.41398019464461,True,bear
2016-09-19,609.2269897460938,610.9320068359375,608.27001953125,609.8709716796875,54796400,-0.10609300716880599,766.3079833984375,-20.498415396342075,True,bear
2016-09-20,608.31201171875,609.5250244140625,607.93798828125,609.2540283203125,72710896,-0.15018671902981007,766.3079833984375,-20.617816217835017,True,bear
2016-09-21,597.1489868164062,603.5880126953125,595.8829956054688,603.5880126953125,82776200,-1.8350821103800485,766.3079833984375,-22.074544471250533,True,bear
2016-09-22,596.2979736328125,598.4869995117188,596.2130126953125,597.2789916992188,67085300,-0.14251270660791127,766.3079833984375,-22.185598147061093,True,bear
2016-09-23,602.8419799804688,603.2050170898438,595.7860107421875,596.198974609375,51067000,1.0974389712895327,766.3079833984375,-21.3316325758511,True,bear
2016-09-24,602.625,604.5800170898438,602.0449829101562,602.9609985351562,35359500,-0.03599284516910828,766.3079833984375,-21.359947559535144,True,bear
2016-09-25,600.8259887695312,603.3809814453125,599.7109985351562,602.7490234375,33977800,-0.29852914009023124,766.3079833984375,-21.594711031852164,True,bear
2016-09-26,608.0430297851562,608.1430053710938,600.3489990234375,600.8070068359375,59153800,1.2011865582587822,766.3079833984375,-20.652917239802825,True,bear
2016-09-27,606.166015625,608.2479858398438,604.1099853515625,608.02197265625,49422400,-0.30869758688286675,766.3079833984375,-20.8978597695455,True,bear
2016-09-28,604.72802734375,606.5900268554688,604.6069946289062,606.2429809570312,48722600,-0.23722680654858497,766.3079833984375,-21.085511250725798,True,bear
2016-09-29,605.6929931640625,606.823974609375,604.8480224609375,605.0189819335938,55658600,0.15957021614345646,766.3079833984375,-20.959587230460073,True,bear
2016-09-30,609.7349853515625,609.7349853515625,604.1420288085938,605.7150268554688,56122400,0.6673334895926697,766.3079833984375,-20.432124085736657,True,bear
2016-10-01,613.9829711914062,615.2369995117188,609.9290161132812,609.9290161132812,56357000,0.6966938000768419,766.3079833984375,-19.877779627389145,False,bull
2016-10-02,610.8920288085938,614.0050048828125,609.6820068359375,613.947998046875,39249800,-0.5034247736243724,766.3079833984375,-20.28113473392278,True,bear
2016-10-03,612.1329956054688,612.5679931640625,610.4550170898438,610.968017578125,46798300,0.20314011942423882,766.3079833984375,-20.11919373581762,True,bear
2016-10-04,610.2039794921875,612.0540161132812,609.47900390625,612.052001953125,49801600,-0.3151302293994518,766.3079833984375,-20.370922303844065,True,bear
2016-10-05,612.510986328125,613.8140258789062,609.6170043945312,610.218017578125,68077504,0.3780714176687905,766.3079833984375,-20.069867520921626,True,bear
2016-10-06,613.02099609375,613.8189697265625,611.468994140625,612.469970703125,56812100,0.0832654069900629,766.3079833984375,-20.00331337080522,True,bear
2016-10-07,617.1209716796875,617.9119873046875,611.8209838867188,612.6079711914062,64071400,0.6688148712789665,766.3079833984375,-19.468283634098725,False,bull
2016-10-08,619.1079711914062,619.8489990234375,617.3410034179688,617.3410034179688,42345900,0.3219789316688537,766.3079833984375,-19.208988474089207,False,bull
2016-10-09,616.7520141601562,619.197998046875,616.6069946289062,619.1719970703125,39243400,-0.3805405746458379,766.3079833984375,-19.516431053612095,False,bull
2016-10-10,618.9940185546875,621.3179931640625,616.197021484375,616.822021484375,67481104,0.3635179688199708,766.3079833984375,-19.223858818544358,False,bull
2016-10-11,641.072021484375,642.0800170898438,618.5,619.2379760742188,103590000,3.5667554560928183,766.3079833984375,-16.342771395733557,False,bull
2016-10-12,636.1920166015625,641.3369750976562,635.9650268554688,640.8709716796875,92370200,-0.7612256843642973,766.3079833984375,-16.979591706696596,False,bull
2016-10-13,636.7860107421875,638.8330078125,635.0289916992188,636.030029296875,61620700,0.09336711639325035,766.3079833984375,-16.90207794545523,False,bull
2016-10-14,640.3779907226562,641.2849731445312,637.0079956054688,637.0079956054688,58144600,0.5640795997202019,766.3079833984375,-16.43333951935415,False,bull
2016-10-15,638.64599609375,642.1019897460938,637.3900146484375,640.3109741210938,39035400,-0.2704644216381835,766.3079833984375,-16.65935760430547,False,bull
2016-10-16,641.6309814453125,642.8980102539062,638.9010009765625,639.0830078125,40298100,0.4673927919097709,766.3079833984375,-16.269829449016704,False,bull
2016-10-17,639.1929931640625,642.3280029296875,638.6630249023438,641.8179931640625,58063600,-0.37996735690011274,766.3079833984375,-16.587976764987232,False,bull
2016-10-18,637.9600219726562,640.7360229492188,635.9959716796875,639.4110107421875,65546700,-0.1928949792304402,766.3079833984375,-16.748874369882095,False,bull
2016-10-19,630.52001953125,638.8740234375,628.0130004882812,638.1339721679688,69381696,-1.1662176602227792,766.3079833984375,-17.719763699314782,False,bull
2016-10-20,630.8569946289062,631.9169921875,628.2579956054688,630.6630249023438,56957300,0.05344399657709609,766.3079833984375,-17.67578985264261,False,bull
2016-10-21,632.8280029296875,634.093994140625,630.6939697265625,630.8250122070312,55951000,0.31243345442188986,766.3079833984375,-17.418581479053685,False,bull
2016-10-22,657.2940063476562,658.197021484375,632.8499755859375,633.135986328125,78556496,3.8661379244760097,766.3079833984375,-14.225869939045133,False,bull
2016-10-23,657.0709838867188,661.1290283203125,653.885986328125,657.6209716796875,54474600,-0.03393039625855243,766.3079833984375,-14.254973441262141,False,bull
2016-10-24,653.760986328125,657.2520141601562,652.594970703125,657.1610107421875,62218200,-0.5037503770162544,766.3079833984375,-14.686914335824463,False,bull
2016-10-25,657.5880126953125,664.4240112304688,653.697998046875,654.0020141601562,90378800,0.5853861651613945,766.3079833984375,-14.187503335274098,False,bull
2016-10-26,678.3040161132812,679.72802734375,657.677978515625,657.677978515625,88877104,3.1503012551975074,766.3079833984375,-11.484151175728918,False,bull
2016-10-27,688.31298828125,688.593994140625,678.0399780273438,678.2139892578125,96105296,1.475587926682298,766.3079833984375,-10.17802199727762,False,bull
2016-10-28,689.6510009765625,690.4439697265625,684.1619873046875,688.0,81145504,0.19439015652655822,766.3079833984375,-10.003416913642882,False,bull
2016-10-29,714.47900390625,720.4019775390625,690.052001953125,690.2890014648438,134760992,3.6000822002042243,766.3079833984375,-6.763465945158931,False,bull
2016-10-30,701.864013671875,714.1179809570312,696.4749755859375,714.1179809570312,100665000,-1.765620846155791,766.3079833984375,-8.409669626664352,False,bull
2016-10-31,700.9719848632812,709.2890014648438,691.6820068359375,702.6400146484375,97064400,-0.12709425062655821,766.3079833984375,-8.526075670698729,False,bull
2016-11-01,729.7930297851562,736.4520263671875,701.3369750976562,701.3369750976562,130527000,4.111582993933238,766.3079833984375,-4.76504935409181,False,bull
2016-11-02,740.8289794921875,740.8289794921875,722.3489990234375,730.0659790039062,84865200,1.5122026734456728,766.3079833984375,-3.3249038843697343,False,bull
2016-11-03,688.7000122070312,745.7730102539062,678.156005859375,742.3460083007812,172808000,-7.036572370709482,766.3079833984375,-10.127516986998996,False,bull
2016-11-04,703.2349853515625,706.9299926757812,685.56298828125,689.1240234375,99907696,2.1104941029334467,766.3079833984375,-8.23076353284976,False,bull
2016-11-05,703.4180297851562,707.510009765625,697.739013671875,703.5250244140625,53752300,0.02602891457430534,766.3079833984375,-8.206876996684242,False,bull
2016-11-06,711.52197265625,714.2579956054688,699.5599975585938,703.81201171875,59902200,1.1520806302859343,766.3079833984375,-7.149346206628493,False,bull
2016-11-07,703.1309814453125,710.7360229492188,699.9030151367188,710.7360229492188,65047100,-1.1793017690813201,766.3079833984375,-8.244335609417297,False,bull
2016-11-08,709.8480224609375,712.9869995117188,702.3900146484375,703.0889892578125,79660800,0.9553043732787758,766.3079833984375,-7.367789734763075,False,bull
2016-11-09,723.2730102539062,740.0460205078125,708.6099853515625,709.8250122070312,132429000,1.8912481782264123,766.3079833984375,-5.615884745670918,False,bull
2016-11-10,715.5339965820312,723.0180053710938,711.2100219726562,722.843994140625,68807800,-1.0699989578151436,766.3079833984375,-6.62579379523528,False,bull
2016-11-11,716.4110107421875,718.3179931640625,714.4099731445312,715.5549926757812,63119700,0.12256778354984288,766.3079833984375,-6.511347100282827,False,bull
2016-11-12,705.0540161132812,717.1480102539062,704.0349731445312,716.7520141601562,64622500,-1.585262434358825,766.3079833984375,-7.993387595090162,False,bull
2016-11-13,702.031005859375,705.2570190429688,687.3150024414062,705.1959838867188,80318096,-0.4287629294803641,766.3079833984375,-8.387877841753088,False,bull
2016-11-14,705.02099609375,706.2839965820312,699.8079833984375,701.9970092773438,62993000,0.42590572345375666,766.3079833984375,-7.997696570103674,False,bull
2016-11-15,711.6190185546875,715.718017578125,705.260009765625,705.7940063476562,72038496,0.9358618392210527,766.3079833984375,-7.136682121098925,False,bull
2016-11-16,744.197998046875,747.614990234375,709.0390014648438,711.1669921875,141294000,4.5781490717260676,766.3079833984375,-2.885260995651995,False,bull
2016-11-17,740.9769897460938,755.64501953125,739.510986328125,744.8759765625,108579000,-0.4328160394457825,766.3079833984375,-3.305589162728717,False,bull
2016-11-18,751.5850219726562,752.8820190429688,736.8900146484375,740.7050170898438,87363104,1.4316277527319121,766.3079833984375,-1.9212851418417443,False,bull
2016-11-19,751.6160278320312,756.2369995117188,744.4669799804688,751.8330078125,110608000,0.004125396125331804,766.3079833984375,-1.9172390063392108,False,bull
2016-11-20,731.0260009765625,755.47998046875,717.9439697265625,751.8790283203125,154116000,-2.7394342447511155,766.3079833984375,-4.60415174919695,False,bull
2016-11-21,739.2479858398438,741.7219848632812,730.510009765625,731.2650146484375,60802400,1.1247185260575776,766.3079833984375,-3.5312169708303864,False,bull
2016-11-22,751.3469848632812,753.8699951171875,736.5269775390625,739.6430053710938,129906000,1.636663102935887,766.3079833984375,-1.9523479931406906,False,bull
2016-11-23,744.593994140625,752.25,738.9240112304688,751.7410278320312,76543800,-0.898784564083277,766.3079833984375,-2.833585154824414,False,bull
2016-11-24,740.2890014648438,746.8319702148438,733.489990234375,744.6199951171875,85919296,-0.5781664517385599,766.3079833984375,-3.3953687678163424,False,bull
2016-11-25,741.6489868164062,741.6489868164062,734.5910034179688,740.4420166015625,67807600,0.18371005767632287,766.3079833984375,-3.217896344061699,False,bull
2016-11-26,735.3820190429688,742.2139892578125,729.625,741.510986328125,54962700,-0.845004562109497,766.3079833984375,-4.035709535259924,False,bull
2016-11-27,732.0349731445312,739.0180053710938,731.0850219726562,735.43701171875,52601800,-0.4551438316092282,766.3079833984375,-4.472485083857746,False,bull
2016-11-28,735.81298828125,738.0059814453125,732.4840087890625,732.4840087890625,61888600,0.5160976285722985,766.3079833984375,-3.979469844741501,False,bull
2016-11-29,735.60400390625,737.4710083007812,734.5590209960938,736.3289794921875,68511104,-0.028401832847246844,766.3079833984375,-4.006741435215233,False,bull
2016-11-30,745.6909790039062,747.9290161132812,736.2650146484375,736.2839965820312,84070800,1.371250706098892,766.3079833984375,-2.6904331993382824,False,bull
2016-12-01,756.7739868164062,758.2750244140625,746.0460205078125,746.0460205078125,80461904,1.48627355359785,766.3079833984375,-1.244146842859406,False,bull
2016-12-02,777.9439697265625,781.2960205078125,757.5449829101562,757.5449829101562,127605000,2.7973983354282694,777.9439697265625,0.0,False,bull
2016-12-03,771.155029296875,778.2479858398438,764.8560180664062,778.2479858398438,69547296,-0.8726772998926546,777.9439697265625,-0.8726772998926546,False,bull
2016-12-04,773.8720092773438,773.8720092773438,768.1610107421875,771.6380004882812,60557900,0.3523260404520778,777.9439697265625,-0.5234259288172116,False,bull
2016-12-05,758.7000122070312,773.468017578125,751.7130126953125,773.3939819335938,106363000,-1.9605305384388316,777.9439697265625,-2.4736945420754775,False,bull
2016-12-06,764.2239990234375,765.6220092773438,758.719970703125,758.719970703125,116218000,0.7280857687529396,777.9439697265625,-1.7636193912457965,False,bull
2016-12-07,768.1320190429688,771.5430297851562,759.75,764.2109985351562,96426096,0.5113710148497264,777.9439697265625,-1.2612670147751803,False,bull
2016-12-08,770.8099975585938,774.697998046875,765.9459838867188,768.0759887695312,80111904,0.34863518890431155,777.9439697265625,-0.9170290465104092,False,bull
2016-12-09,772.7940063476562,774.5280151367188,769.6489868164062,769.9439697265625,68705296,0.25739271614879655,777.9439697265625,-0.6619966963323121,False,bull
2016-12-10,774.6500244140625,777.0919799804688,772.9099731445312,773.0230102539062,53843100,0.24016983195536135,777.9439697265625,-0.42341678073007927,False,bull
2016-12-11,769.7310180664062,774.7979736328125,765.4119873046875,774.7520141601562,57313400,-0.6349972494194334,777.9439697265625,-1.0557253452382898,False,bull
2016-12-12,780.0869750976562,781.9219970703125,770.0399780273438,770.0399780273438,76571000,1.3453994691891902,780.0869750976562,0.0,False,bull
2016-12-13,780.5560302734375,788.4600219726562,777.9619750976562,780.64697265625,81645600,0.06012857421731077,780.5560302734375,0.0,False,bull
2016-12-14,781.4810180664062,782.0339965820312,776.8389892578125,780.0050048828125,75979000,0.11850370211665684,781.4810180664062,0.0,False,bull
2016-12-15,778.0880126953125,781.4349975585938,777.802001953125,780.0700073242188,81580096,-0.4341763002112309,781.4810180664062,-0.4341763002112309,False,bull
2016-12-16,784.906982421875,785.031982421875,778.9630126953125,778.9630126953125,83608200,0.8763751163498146,784.906982421875,0.0,False,bull
2016-12-17,790.8289794921875,792.5089721679688,784.864013671875,785.166015625,78989800,0.7544839328655017,790.8289794921875,0.0,False,bull
2016-12-18,790.530029296875,794.7369995117188,788.0260009765625,791.0079956054688,60524400,-0.037802129545694285,790.8289794921875,-0.037802129545694285,False,bull
2016-12-19,792.7139892578125,793.6110229492188,790.3200073242188,790.6920166015625,74886400,0.2762652751951755,792.7139892578125,0.0,False,bull
2016-12-20,800.8759765625,801.3369750976562,791.4970092773438,792.2470092773438,99629296,1.0296257433692224,800.8759765625,0.0,False,bull
2016-12-21,834.281005859375,834.281005859375,799.405029296875,800.6439819335938,155576000,4.1710614719965955,834.281005859375,0.0,False,bull
2016-12-22,864.5399780273438,875.781982421875,834.1489868164062,834.1799926757812,200027008,3.626952064766198,864.5399780273438,0.0,False,bull
2016-12-23,921.9840087890624,925.1170043945312,864.677001953125,864.8880004882812,275564000,6.644462051690314,921.9840087890624,0.0,False,bull
2016-12-24,898.822021484375,923.47900390625,886.3350219726562,922.1799926757812,137727008,-2.5121897000261906,921.9840087890624,-2.5121897000261906,False,bull
2016-12-25,896.1829833984375,899.6519775390625,862.4240112304688,899.6519775390625,143664992,-0.2936107508335395,921.9840087890624,-2.798424391819121,False,bull
2016-12-26,907.6099853515624,913.1840209960938,896.8980102539062,896.905029296875,123771000,1.2750746404257995,921.9840087890624,-1.5590317511448903,False,bull
2016-12-27,933.197998046875,940.0479736328124,904.2550048828124,908.35400390625,167308000,2.819274039322206,933.197998046875,0.0,False,bull
2016-12-28,975.9210205078124,975.9210205078124,934.8309936523438,934.8309936523438,236630000,4.5781305307506015,975.9210205078124,0.0,False,bull
2016-12-29,973.4970092773438,979.39697265625,954.5029907226562,975.125,199320000,-0.24838190586440323,975.9210205078124,-0.24838190586440323,False,bull
2016-12-30,961.2379760742188,972.5349731445312,934.8330078125,972.5349731445312,187474000,-1.2592779521968134,975.9210205078124,-1.5045320394834194,False,bull
2016-12-31,963.7429809570312,963.7429809570312,947.2360229492188,960.6270141601562,99135104,0.26060194719346175,975.9210205078124,-1.247850932080996,False,bull
2017-01-01,998.3250122070312,1003.0800170898438,958.698974609375,963.6580200195312,147775008,3.588304343929827,998.3250122070312,0.0,False,bull
2017-01-02,1021.75,1031.3900146484375,996.7020263671876,998.6170043945312,222184992,2.346429019261209,1021.75,0.0,False,bull
2017-01-03,1043.8399658203125,1044.0799560546875,1021.5999755859376,1021.5999755859376,185168000,2.161973655034255,1043.8399658203125,0.0,False,bull
2017-01-04,1154.72998046875,1159.4200439453125,1044.4000244140625,1044.4000244140625,344945984,10.623277348965399,1154.72998046875,0.0,False,bull
2017-01-05,1013.3800048828124,1191.0999755859375,910.4169921875,1156.72998046875,510199008,-12.24095485323401,1154.72998046875,-12.24095485323401,False,bull
2017-01-06,902.2009887695312,1046.81005859375,883.9439697265625,1014.239990234375,351876000,-10.971108130965924,1154.72998046875,-21.869094590988915,True,bear
2017-01-07,908.5850219726562,908.5850219726562,823.5560302734375,903.4869995117188,279550016,0.707606540293404,1154.72998046875,-21.316235194324296,True,bear
2017-01-08,911.198974609375,942.7239990234376,887.2490234375,908.1749877929688,158715008,0.2876948852891692,1154.72998046875,-21.08986602742541,True,bear
2017-01-09,902.8280029296876,913.6859741210938,879.8070068359375,913.2440185546876,141876992,-0.9186765912764572,1154.72998046875,-21.81479495637634,True,bear
2017-01-10,907.6790161132812,914.8729858398438,901.0599975585938,902.4400024414062,115808000,0.5373131059129843,1154.72998046875,-21.394695602792012,True,bear
2017-01-11,777.7570190429688,919.447998046875,762.7650146484375,908.114990234375,310928992,-14.313649953773721,1154.72998046875,-32.64598371930667,True,bear
2017-01-12,804.833984375,826.2459716796875,755.7559814453125,775.177978515625,222326000,3.481417032449219,1154.72998046875,-30.301109524471993,True,bear
2017-01-13,823.9840087890625,829.0009765625,780.0029907226562,803.7369995117188,168968000,2.3793757204392474,1154.72998046875,-28.642711047081736,True,bear
2017-01-14,818.4119873046875,835.0850219726562,812.4559936523438,825.1420288085938,93063296,-0.676229323013644,1154.72998046875,-29.12524995908895,True,bear
2017-01-15,821.7979736328125,823.3070068359375,812.8709716796875,818.1420288085938,71013600,0.4137263848341455,1154.72998046875,-28.832022417984447,True,bear
2017-01-16,831.5339965820312,834.530029296875,820.27099609375,821.7830200195312,82755200,1.1847221898321436,1154.72998046875,-27.98887959551556,True,bear
2017-01-17,907.93798828125,910.5609741210938,830.7960205078125,830.9459838867188,155095008,9.188318458808965,1154.72998046875,-21.372268526995164,True,bear
2017-01-18,886.6179809570312,917.4990234375,858.3040161132812,909.3729858398438,225676992,-2.348178796282996,1154.72998046875,-23.218588245442596,True,bear
2017-01-19,899.072998046875,904.614013671875,884.3380126953125,888.3350219726562,105625000,1.40477831009016,1154.72998046875,-22.13997962693355,True,bear
2017-01-20,895.0260009765625,899.3980102539062,887.0079956054688,898.1719970703125,86728400,-0.45012997599795934,1154.72998046875,-22.49045091795083,True,bear
2017-01-21,921.7890014648438,927.3670043945312,895.5349731445312,895.5490112304688,111158000,2.9901925149750097,1154.72998046875,-20.172766182908532,True,bear
2017-01-22,924.6729736328124,937.5250244140624,897.5640258789062,922.2050170898438,116573000,0.31286684516582675,1154.72998046875,-19.923013234881847,False,bull
2017-01-23,921.0120239257812,928.2659912109376,916.7379760742188,925.4990234375,73588600,-0.39591832046828035,1154.72998046875,-20.240052695963907,True,bear
2017-01-24,892.68701171875,924.14501953125,892.2860107421875,910.677001953125,111349000,-3.075422629804214,1154.72998046875,-22.693008164872154,True,bear
2017-01-25,901.5419921875,903.2520141601562,891.68701171875,891.9240112304688,120831000,0.9919468248676511,1154.72998046875,-21.926163913962903,True,bear
2017-01-26,917.5859985351562,919.3259887695312,902.2239990234376,902.39501953125,131958000,1.7796183080420969,1154.72998046875,-20.536747633185016,True,bear
2017-01-27,919.75,923.2230224609376,915.8460083007812,918.3590087890624,125594000,0.23583636501629535,1154.72998046875,-20.349344387279388,True,bear
2017-01-28,921.5900268554688,923.9110107421876,919.8109741210938,919.8109741210938,68979600,0.2000572824646607,1154.72998046875,-20.189997450195296,True,bear
2017-01-29,919.4959716796876,923.4180297851562,919.1480102539062,922.0670166015624,60851700,-0.22722198751717881,1154.72998046875,-20.371343324226476,True,bear
2017-01-30,920.3820190429688,923.0479736328124,919.4739990234376,920.1510009765624,78227296,0.09636228875071762,1154.72998046875,-20.294611328152257,True,bear
2017-01-31,970.4030151367188,972.0189819335938,920.958984375,920.958984375,164582000,5.434808053482265,1154.72998046875,-15.962776445555328,False,bull
2017-02-01,989.0230102539062,989.114013671875,970.7420043945312,970.9409790039062,150110000,1.9187899075688852,1154.72998046875,-14.350278681391536,False,bull
2017-02-02,1011.7999877929688,1013.52001953125,983.2210083007812,990.0009765625,145820992,2.302977514468041,1154.72998046875,-12.377784858219442,False,bull
2017-02-03,1029.9100341796875,1033.8699951171875,1008.7899780273438,1011.4600219726562,201278000,1.789884028979083,1154.72998046875,-10.80944882355901,False,bull
2017-02-04,1042.9000244140625,1045.9000244140625,1015.1599731445312,1031.3299560546875,155064000,1.2612742670015331,1154.72998046875,-9.684511352973734,False,bull
2017-02-05,1027.3399658203125,1043.6300048828125,1022.3699951171876,1043.52001953125,114208000,-1.4919990631405144,1154.72998046875,-11.032017597458143,False,bull
2017-02-06,1038.1500244140625,1044.6400146484375,1028.1600341796875,1028.4000244140625,111762000,1.0522377161797936,1154.72998046875,-10.095862931294397,False,bull
2017-02-07,1061.3499755859375,1061.9300537109375,1040.1400146484375,1040.1400146484375,146007008,2.2347397414905545,1154.72998046875,-8.086739450975877,False,bull
2017-02-08,1063.0699462890625,1078.969970703125,1037.489990234375,1062.3199462890625,201855008,0.16205500001782447,1154.72998046875,-7.937789416576779,False,bull
2017-02-09,994.3829956054688,1088.989990234375,953.343994140625,1064.699951171875,407220000,-6.461188271135343,1154.72998046875,-13.88610216894084,False,bull
2017-02-10,988.6740112304688,998.905029296875,946.6909790039062,995.6320190429688,190452000,-0.5741232905460025,1154.72998046875,-14.380502112785942,False,bull
2017-02-11,1004.4500122070312,1009.2899780273438,982.8300170898438,988.8980102539062,102261000,1.5956726683781453,1154.72998046875,-13.014295186197057,False,bull
2017-02-12,999.1810302734376,1004.760009765625,996.9210205078124,1003.52001953125,67530000,-0.5245638777002348,1154.72998046875,-13.470590772413216,False,bull
2017-02-13,990.6420288085938,1002.0999755859376,976.0020141601562,998.885009765625,100607000,-0.8546000380438623,1154.72998046875,-14.210071136591306,False,bull
2017-02-14,1004.5499877929688,1011.510009765625,986.4710083007812,991.7349853515624,137946000,1.403933871158447,1154.72998046875,-13.005637267235182,False,bull
2017-02-15,1007.47998046875,1008.8400268554688,1001.5800170898438,1006.2100219726562,89759400,0.29167216279784025,1154.72998046875,-12.751898927940319,False,bull
2017-02-16,1027.43994140625,1033.3699951171875,1007.6500244140624,1007.6500244140624,122277000,1.9811769290158265,1154.72998046875,-11.02335967849627,False,bull
2017-02-17,1046.2099609375,1053.1700439453125,1025.6400146484375,1026.1199951171875,136474000,1.826872673993929,1154.72998046875,-9.397869750224853,False,bull
2017-02-18,1054.4200439453125,1061.0999755859375,1046.9599609375,1049.2099609375,99073504,0.7847452532812271,1154.72998046875,-8.686873833718057,False,bull
2017-02-19,1047.8699951171875,1056.81005859375,1043.4599609375,1054.760009765625,77423296,-0.6211991953051998,1154.72998046875,-9.254110238671021,False,bull
2017-02-20,1079.97998046875,1080.489990234375,1041.68994140625,1048.68994140625,109478000,3.0643100290290715,1154.72998046875,-6.473374837782941,False,bull
2017-02-21,1115.300048828125,1117.25,1076.9300537109375,1079.280029296875,186868992,3.270437322740438,1154.72998046875,-3.414645181778242,False,bull
2017-02-22,1117.43994140625,1125.3900146484375,1100.550048828125,1114.800048828125,136100000,0.19186698506590272,1154.72998046875,-3.2293297734733217,False,bull
2017-02-23,1166.719970703125,1176.6199951171875,1116.9599609375,1117.27001953125,189454000,4.410083036306922,1166.719970703125,0.0,False,bull
2017-02-24,1173.6800537109375,1200.3900146484375,1131.9599609375,1172.7099609375,330759008,0.5965512875911516,1173.6800537109375,0.0,False,bull
2017-02-25,1143.8399658203125,1174.8499755859375,1124.5899658203125,1170.4100341796875,139960992,-2.5424380176076733,1173.6800537109375,-2.5424380176076733,False,bull
2017-02-26,1165.199951171875,1167.469970703125,1130.199951171875,1144.27001953125,116486000,1.8673928162882492,1173.6800537109375,-0.7225225062188034,False,bull
2017-02-27,1179.969970703125,1181.97998046875,1163.3800048828125,1163.780029296875,131570000,1.2675952755057507,1179.969970703125,0.0,False,bull
2017-02-28,1179.969970703125,1193.25,1171.8199462890625,1180.719970703125,184956000,0.0,1179.969970703125,0.0,False,bull
2017-03-01,1222.5,1222.5,1179.68994140625,1180.0400390625,229056992,3.604331495955959,1222.5,0.0,False,bull
2017-03-02,1251.010009765625,1262.1300048828125,1215.6199951171875,1224.6800537109375,368275008,2.3321071382924385,1251.010009765625,0.0,False,bull
2017-03-03,1274.989990234375,1280.31005859375,1250.7099609375,1250.7099609375,315739008,1.9168496080413044,1274.989990234375,0.0,False,bull
2017-03-04,1255.1500244140625,1279.4000244140625,1230.510009765625,1277.4300537109375,183270000,-1.5560879671428163,1274.989990234375,-1.5560879671428163,False,bull
2017-03-05,1267.1199951171875,1267.2900390625,1238.06005859375,1254.2900390625,134127000,0.953668523307627,1274.989990234375,-0.6172593649727998,False,bull
2017-03-06,1272.8299560546875,1276.0,1264.5999755859375,1267.469970703125,153656992,0.4506251151827012,1274.989990234375,-0.16941577551446985,False,bull
2017-03-07,1223.5400390625,1275.550048828125,1204.800048828125,1273.2099609375,291256000,-3.872466762564919,1274.989990234375,-4.035321968482064,False,bull
2017-03-08,1150.0,1232.1600341796875,1148.0799560546875,1223.22998046875,332603008,-6.010431756597667,1274.989990234375,-9.80321345200512,False,bull
2017-03-09,1188.489990234375,1197.4599609375,1141.22998046875,1150.3499755859375,212283008,3.3469556725543415,1274.989990234375,-6.784366988175272,False,bull
2017-03-10,1116.719970703125,1270.469970703125,1077.25,1189.3599853515625,563795968,-6.038756751926588,1274.989990234375,-12.413432320527951,False,bull
2017-03-11,1175.8299560546875,1193.8299560546875,1116.3199462890625,1116.3199462890625,283320000,5.2931788543501,1274.989990234375,-7.777318640867092,False,bull
2017-03-12,1221.3800048828125,1226.97998046875,1175.3599853515625,1176.6199951171875,227176000,3.8738636138307747,1274.989990234375,-4.204737743996533,False,bull
2017-03-13,1231.9200439453125,1237.3699951171875,1217.030029296875,1221.780029296875,380276992,0.8629614878549852,1274.989990234375,-3.3780615235375455,False,bull
2017-03-14,1240.0,1244.81005859375,1220.719970703125,1232.1600341796875,245306000,0.6558831552744948,1274.989990234375,-2.74433450477074,False,bull
2017-03-15,1249.6099853515625,1251.6099853515625,1239.75,1240.1600341796875,297804992,0.7749988186743995,1274.989990234375,-1.9906042460887896,False,bull
2017-03-16,1187.81005859375,1257.97998046875,1152.43994140625,1251.3299560546875,638568000,-4.945537206188844,1274.989990234375,-6.837695378659337,False,bull
2017-03-17,1100.22998046875,1180.1600341796875,1099.5699462890625,1180.1600341796875,706598976,-7.373239306348878,1274.989990234375,-13.706775041700503,False,bull
2017-03-18,973.8179931640624,1114.0699462890625,957.655029296875,1099.68994140625,621302016,-11.489596679671477,1274.989990234375,-23.62151855129072,True,bear
2017-03-19,1036.739990234375,1069.9100341796875,976.72998046875,976.72998046875,406648000,6.46137137658247,1274.989990234375,-18.68642121309546,False,bull
2017-03-20,1054.22998046875,1063.030029296875,1036.6800537109375,1037.239990234375,286529984,1.6870179986421707,1274.989990234375,-17.314646503620303,False,bull
2017-03-21,1120.5400390625,1122.4300537109375,1055.3599853515625,1055.3599853515625,337391008,6.289904463186113,1274.989990234375,-12.113816763650298,False,bull
2017-03-22,1049.1400146484375,1120.6500244140625,1014.2100219726562,1120.6500244140625,380840992,-6.371929777163454,1274.989990234375,-17.713862643299706,False,bull
2017-03-23,1038.5899658203125,1058.010009765625,1028.9300537109375,1050.050048828125,248540000,-1.005590167262882,1274.989990234375,-18.541323949579102,False,bull
2017-03-24,937.52001953125,1040.469970703125,934.3579711914062,1038.449951171875,491038016,-9.731457997404602,1274.989990234375,-26.468440794667703,True,bear
2017-03-25,972.7789916992188,975.760986328125,903.7130126953124,936.5399780273438,435803008,3.7608767208616944,1274.989990234375,-23.703009502027726,True,bear
2017-03-26,966.7249755859376,1007.9600219726562,954.1859741210938,974.0150146484376,303668000,-0.6223423989354604,1274.989990234375,-24.17783802300837,True,bear
2017-03-27,1045.77001953125,1046.4000244140625,971.9840087890624,972.0549926757812,372535008,8.17658030376247,1274.989990234375,-17.97817806091079,False,bull
2017-03-28,1047.1500244140625,1064.6500244140625,1027.72998046875,1044.5799560546875,326332000,0.13196064689549036,1274.989990234375,-17.8699415340845,False,bull
2017-03-29,1039.969970703125,1055.1300048828125,1015.8800048828124,1046.0799560546875,298457984,-0.6856757430679705,1274.989990234375,-18.433087422752827,False,bull
2017-03-30,1026.4300537109375,1049.2900390625,1020.0399780273438,1042.2099609375,352968992,-1.3019526884062937,1274.989990234375,-19.495050033902306,False,bull
2017-03-31,1071.7900390625,1074.9200439453125,1026.6400146484375,1026.6400146484375,447287008,4.4191988716200115,1274.989990234375,-15.937376193402253,False,bull
2017-04-01,1080.5,1091.719970703125,1061.0899658203125,1071.7099609375,289633984,0.8126555220758114,1274.989990234375,-15.254236639036112,False,bull
2017-04-02,1102.1700439453125,1107.5899658203125,1075.449951171875,1080.6099853515625,514187008,2.005557051856788,1274.989990234375,-13.554612005800449,False,bull
2017-04-03,1143.81005859375,1151.739990234375,1102.949951171875,1102.949951171875,580444032,3.778002757122989,1274.989990234375,-10.28870286397392,False,bull
2017-04-04,1133.25,1156.43994140625,1120.52001953125,1145.52001953125,436310016,-0.9232353321610876,1274.989990234375,-11.116949256073738,False,bull
2017-04-05,1124.780029296875,1135.0899658203125,1113.6300048828125,1134.1400146484375,414784000,-0.7474053124310598,1274.989990234375,-11.781265899184646,False,bull
2017-04-06,1182.6800537109375,1188.3699951171875,1125.81005859375,1125.81005859375,511222016,5.147675359266213,1274.989990234375,-7.240051861620389,False,bull
2017-04-07,1176.9000244140625,1186.5799560546875,1163.3900146484375,1178.93994140625,317022016,-0.4887229879914523,1274.989990234375,-7.693391051821596,False,bull
2017-04-08,1175.949951171875,1184.97998046875,1162.5799560546875,1172.6500244140625,209312000,-0.08072675864378986,1274.989990234375,-7.767907185239464,False,bull
2017-04-09,1187.8699951171875,1197.2099609375,1171.8599853515625,1176.5699462890625,242343008,1.0136523185730661,1274.989990234375,-6.832994437954188,False,bull
2017-04-10,1187.1300048828125,1190.3399658203125,1179.0400390625,1187.300048828125,215883008,-0.062295557377223254,1274.989990234375,-6.89103334336073,False,bull
2017-04-11,1205.010009765625,1208.0699462890625,1187.4599609375,1187.4599609375,216182000,1.5061539013646152,1274.989990234375,-5.48866900954147,False,bull
2017-04-12,1200.3699951171875,1207.1400146484375,1196.760009765625,1204.81005859375,288702016,-0.38506025766043006,1274.989990234375,-5.852594584171634,False,bull
2017-04-13,1169.280029296875,1205.8900146484375,1156.43994140625,1201.02001953125,351968992,-2.590031902395007,1274.989990234375,-8.291042419718753,False,bull
2017-04-14,1167.5400390625,1190.800048828125,1159.7900390625,1170.3299560546875,254827008,-0.1488086848982828,1274.989990234375,-8.427513313427893,False,bull
2017-04-15,1172.52001953125,1188.0,1164.9599609375,1167.300048828125,203559008,0.42653616168477626,1274.989990234375,-8.036923543555696,False,bull
2017-04-16,1182.93994140625,1187.219970703125,1172.6099853515625,1172.6099853515625,183231008,0.8886775237463063,1274.989990234375,-7.219668352941655,False,bull
2017-04-17,1193.9100341796875,1194.9000244140625,1172.6500244140625,1183.25,253206000,0.9273583881525216,1274.989990234375,-6.359262164856916,False,bull
2017-04-18,1211.6700439453125,1217.5699462890625,1193.77001953125,1193.77001953125,270524000,1.4875500881293524,1274.989990234375,-4.9663092866652825,False,bull
2017-04-19,1210.2900390625,1215.510009765625,1205.0799560546875,1212.1300048828125,288060992,-0.11389279529591123,1274.989990234375,-5.0745458134915715,False,bull
2017-04-20,1229.0799560546875,1240.7900390625,1208.4100341796875,1211.0799560546875,315108000,1.5525135616866192,1274.989990234375,-3.6008152637534097,False,bull
2017-04-21,1222.050048828125,1235.93994140625,1215.56005859375,1229.4200439453125,272167008,-0.5719650045492797,1274.989990234375,-4.152184865115549,False,bull
2017-04-22,1231.7099609375,1235.56005859375,1208.469970703125,1222.7099609375,249320000,0.790467797831873,1274.989990234375,-3.39453875154887,False,bull
2017-04-23,1207.2099609375,1232.199951171875,1203.93994140625,1231.9200439453125,258951008,-1.9891046412705893,1274.989990234375,-5.316122464962669,False,bull
2017-04-24,1250.1500244140625,1250.93994140625,1209.6300048828125,1209.6300048828125,235806000,3.556967293677382,1274.989990234375,-1.9482479086558424,False,bull
2017-04-25,1265.489990234375,1267.5799560546875,1249.969970703125,1250.449951171875,242556000,1.2270499956597014,1274.989990234375,-0.745103888874743,False,bull
2017-04-26,1281.0799560546875,1294.8299560546875,1265.9300537109375,1265.989990234375,329631008,1.231931184017121,1281.0799560546875,0.0,False,bull
2017-04-27,1317.72998046875,1319.699951171875,1281.300048828125,1281.8800048828125,449196992,2.8608693970150645,1317.72998046875,0.0,False,bull
2017-04-28,1316.47998046875,1331.280029296875,1292.3699951171875,1317.739990234375,527488992,-0.09486010173004322,1317.72998046875,-0.09486010173004322,False,bull
2017-04-29,1321.7900390625,1327.199951171875,1315.2099609375,1317.8399658203125,422705984,0.4033527795735514,1321.7900390625,0.0,False,bull
2017-04-30,1347.8900146484375,1347.9100341796875,1314.9200439453125,1321.8699951171875,413115008,1.9745931513033055,1347.8900146484375,0.0,False,bull
2017-05-01,1421.5999755859375,1434.3199462890625,1348.300048828125,1348.300048828125,713624000,5.46854417915732,1421.5999755859375,0.0,False,bull
2017-05-02,1452.8199462890625,1473.9000244140625,1415.68994140625,1421.030029296875,477337984,2.1961150280870756,1452.8199462890625,0.0,False,bull
2017-05-03,1490.0899658203125,1492.77001953125,1447.489990234375,1453.780029296875,583795968,2.5653570923533042,1490.0899658203125,0.0,False,bull
2017-05-04,1537.6700439453125,1608.9100341796875,1490.719970703125,1490.719970703125,933548992,3.1931010352657774,1537.6700439453125,0.0,False,bull
2017-05-05,1555.449951171875,1618.030029296875,1530.31005859375,1540.8699951171875,946035968,1.1562888473097388,1555.449951171875,0.0,False,bull
2017-05-06,1578.800048828125,1578.800048828125,1542.5,1556.81005859375,582529984,1.501179619354387,1578.800048828125,0.0,False,bull
2017-05-07,1596.7099609375,1596.719970703125,1559.760009765625,1579.469970703125,1080029952,1.1344002758720828,1596.7099609375,0.0,False,bull
2017-05-08,1723.3499755859375,1723.3499755859375,1596.9200439453125,1596.9200439453125,1340320000,7.931309865072889,1723.3499755859375,0.0,False,bull
2017-05-09,1755.3599853515625,1833.489990234375,1716.300048828125,1723.8900146484375,1167920000,1.8574294379609002,1755.3599853515625,0.0,False,bull
2017-05-10,1787.1300048828125,1788.43994140625,1719.0999755859375,1756.52001953125,915723008,1.8098862795306925,1787.1300048828125,0.0,False,bull
2017-05-11,1848.5699462890625,1873.9300537109373,1755.3499755859375,1780.3699951171875,799489984,3.4379111334029044,1848.5699462890625,0.0,False,bull
2017-05-12,1724.239990234375,1856.1500244140625,1694.010009765625,1845.760009765625,740984000,-6.725737173444557,1848.5699462890625,-6.725737173444557,False,bull
2017-05-13,1804.9100341796875,1812.989990234375,1651.0799560546875,1723.1199951171875,579635008,4.678585603060226,1848.5699462890625,-2.3618209414807745,False,bull
2017-05-14,1808.9100341796875,1831.4200439453125,1776.6199951171875,1800.8599853515625,437196000,0.22161769419259958,1848.5699462890625,-2.145437460399635,False,bull
2017-05-15,1738.4300537109375,1812.800048828125,1708.5400390625,1808.43994140625,731529024,-3.896267870541803,1848.5699462890625,-5.958113340489324,False,bull
2017-05-16,1734.449951171875,1785.93994140625,1686.5400390625,1741.699951171875,959044992,-0.22894809777168623,1848.5699462890625,-6.173420451104883,False,bull
2017-05-17,1839.0899658203125,1864.050048828125,1661.9100341796875,1726.72998046875,1064729984,6.033037423636123,1848.5699462890625,-0.5128277936023329,False,bull
2017-05-18,1888.6500244140625,1904.47998046875,1807.1199951171875,1818.699951171875,894321024,2.694814256769873,1888.6500244140625,0.0,False,bull
2017-05-19,1987.7099609375,2004.52001953125,1890.25,1897.3699951171875,1157289984,5.245012852721076,1987.7099609375,0.0,False,bull
2017-05-20,2084.72998046875,2084.72998046875,1974.9200439453125,1984.239990234375,961336000,4.8809947848473145,2084.72998046875,0.0,False,bull
2017-05-21,2041.199951171875,2119.080078125,2037.5,2067.030029296875,1147859968,-2.0880416027349136,2084.72998046875,-2.0880416027349136,False,bull
2017-05-22,2173.39990234375,2303.89990234375,2017.8699951171875,2043.18994140625,1942220032,6.476580165308032,2173.39990234375,0.0,False,bull
2017-05-23,2320.419921875,2320.820068359375,2178.5,2191.56005859375,1378749952,6.764517628472633,2320.419921875,0.0,False,bull
2017-05-24,2443.639892578125,2523.719970703125,2321.3701171875,2321.3701171875,1725379968,5.310244475213688,2443.639892578125,0.0,False,bull
2017-05-25,2304.97998046875,2763.7099609375,2285.300048828125,2446.239990234375,2406700032,-5.674318565944015,2443.639892578125,-5.674318565944015,False,bull
2017-05-26,2202.419921875,2573.7900390625,2071.989990234375,2320.889892578125,1763480064,-4.449498887747083,2443.639892578125,-9.871338712212196,False,bull
2017-05-27,2038.8699951171875,2260.199951171875,1855.8299560546875,2196.27001953125,1700480000,-7.4259193323395145,2443.639892578125,-16.56422039476083,False,bull
2017-05-28,2155.800048828125,2267.340087890625,2054.080078125,2054.080078125,1147139968,5.73504215526095,2443.639892578125,-11.77914326182975,False,bull
2017-05-29,2255.610107421875,2307.050048828125,2107.169921875,2159.429931640625,994625024,4.6298384049117125,2443.639892578125,-7.694660155423804,False,bull
2017-05-30,2175.469970703125,2301.9599609375,2124.570068359375,2255.360107421875,1443970048,-3.552925058061074,2443.639892578125,-10.974199704690179,False,bull
2017-05-31,2286.409912109375,2311.080078125,2145.570068359375,2187.18994140625,1544829952,5.099585050599131,2443.639892578125,-6.434253301654314,False,bull
2017-06-01,2407.8798828125,2448.389892578125,2288.330078125,2288.330078125,1653180032,5.312694371196991,2443.639892578125,-1.4633911434428604,False,bull
2017-06-02,2488.550048828125,2488.550048828125,2373.320068359375,2404.030029296875,1317030016,3.3502570701906764,2488.550048828125,0.0,False,bull
2017-06-03,2515.35009765625,2581.909912109375,2423.570068359375,2493.719970703125,1514950016,1.0769342911445712,2515.35009765625,0.0,False,bull
2017-06-04,2511.81005859375,2585.889892578125,2452.5400390625,2547.7900390625,1355120000,-0.1407374291872321,2515.35009765625,-0.1407374291872321,False,bull
2017-06-05,2686.81005859375,2686.81005859375,2510.219970703125,2512.39990234375,1369309952,6.967087316227039,2686.81005859375,0.0,False,bull
2017-06-06,2863.199951171875,2999.909912109375,2690.840087890625,2690.840087890625,2089609984,6.565030230326219,2863.199951171875,0.0,False,bull
2017-06-07,2732.159912109375,2869.3798828125,2700.56005859375,2869.3798828125,1517709952,-4.576698843853599,2863.199951171875,-4.576698843853599,False,bull
2017-06-08,2805.6201171875,2815.300048828125,2670.949951171875,2720.489990234375,1281170048,2.688722748347838,2863.199951171875,-2.011030838443828,False,bull
2017-06-09,2823.81005859375,2901.7099609375,2795.6201171875,2807.43994140625,1348950016,0.6483394275232257,2863.199951171875,-1.375729716745877,False,bull
2017-06-10,2947.7099609375,2950.989990234375,2746.550048828125,2828.139892578125,2018889984,4.3876854240490815,2947.7099609375,0.0,False,bull
2017-06-11,2958.110107421875,2996.60009765625,2840.530029296875,2942.409912109375,1752400000,0.3528212280786036,2958.110107421875,0.0,False,bull
2017-06-12,2659.6298828125,2997.260009765625,2518.56005859375,2953.219970703125,2569530112,-10.090233756359856,2958.110107421875,-10.090233756359856,False,bull
2017-06-13,2717.02001953125,2789.0400390625,2650.3798828125,2680.909912109375,1781200000,2.1578241803352327,2958.110107421875,-8.1501390798717,False,bull
2017-06-14,2506.3701171875,2786.830078125,2412.93994140625,2716.8798828125,1696560000,-7.752975717127475,2958.110107421875,-15.271236493224604,False,bull
2017-06-15,2464.580078125,2534.7099609375,2212.9599609375,2499.580078125,2026259968,-1.6673530687237204,2958.110107421875,-16.68396413164649,False,bull
2017-06-16,2518.56005859375,2539.919921875,2385.14990234375,2469.570068359375,1195190016,2.1902303336727824,2958.110107421875,-14.859151041244111,False,bull
2017-06-17,2655.8798828125,2685.18994140625,2484.9599609375,2514.010009765625,1534509952,5.452314855474327,2958.110107421875,-10.217003885388909,False,bull
2017-06-18,2548.2900390625,2662.10009765625,2516.330078125,2655.35009765625,1178659968,-4.051005636447136,2958.110107421875,-13.85411811856292,False,bull
2017-06-19,2589.60009765625,2662.85009765625,2549.030029296875,2549.030029296875,1446840064,1.621089356412031,2958.110107421875,-12.457616396395665,False,bull
2017-06-20,2721.7900390625,2763.449951171875,2589.820068359375,2591.260009765625,1854189952,5.104646911540134,2958.110107421875,-7.988886815485663,False,bull
2017-06-21,2689.10009765625,2772.010009765625,2660.39990234375,2709.429931640625,1626579968,-1.2010456698382854,2958.110107421875,-9.093982306158278,False,bull
2017-06-22,2705.409912109375,2723.739990234375,2642.360107421875,2691.030029296875,1097939968,0.6065157064008231,2958.110107421875,-8.542623030781616,False,bull
2017-06-23,2744.909912109375,2765.169921875,2706.3701171875,2707.340087890625,961318976,1.4600375278880584,2958.110107421875,-7.207311005008988,False,bull
2017-06-24,2608.719970703125,2757.93994140625,2583.18994140625,2738.52001953125,982750016,-4.9615450330605775,2958.110107421875,-11.81126205688331,False,bull
2017-06-25,2589.409912109375,2682.260009765625,2552.1201171875,2607.25,1161100032,-0.7402120124278988,2958.110107421875,-12.464045688746817,False,bull
2017-06-26,2478.449951171875,2615.25,2376.2900390625,2590.570068359375,1663280000,-4.285144674027697,2958.110107421875,-16.21508797277479,False,bull
2017-06-27,2552.449951171875,2552.449951171875,2332.989990234375,2478.449951171875,1489789952,2.985737112222542,2958.110107421875,-13.713490759934931,False,bull
2017-06-28,2574.7900390625,2603.97998046875,2484.419921875,2553.030029296875,1183869952,0.8752409770216296,2958.110107421875,-12.958275873424318,False,bull
2017-06-29,2539.320068359375,2588.830078125,2510.47998046875,2567.56005859375,949979008,-1.3775869164089127,2958.110107421875,-14.157351276808772,False,bull
2017-06-30,2480.840087890625,2559.25,2478.429931640625,2539.239990234375,860273024,-2.302977919066862,2958.110107421875,-16.134288522045992,False,bull
2017-07-01,2434.550048828125,2515.27001953125,2419.22998046875,2492.60009765625,779913984,-1.8659017680522472,2958.110107421875,-17.69914031530273,False,bull
2017-07-02,2506.469970703125,2514.280029296875,2394.840087890625,2436.39990234375,803747008,2.954136100410776,2958.110107421875,-15.26786090840866,False,bull
2017-07-03,2564.06005859375,2595.0,2480.469970703125,2498.56005859375,964112000,2.2976572057023192,2958.110107421875,-13.321006809025004,False,bull
2017-07-04,2601.639892578125,2631.590087890625,2559.35009765625,2561.0,985516032,1.465637821486343,2958.110107421875,-12.050606701534505,False,bull
2017-07-05,2601.989990234375,2622.64990234375,2538.550048828125,2602.8701171875,941566016,0.013456806887401918,2958.110107421875,-12.038771521519687,False,bull
2017-07-06,2608.56005859375,2616.719970703125,2581.68994140625,2608.10009765625,761956992,0.25250167694854664,2958.110107421875,-11.816667944546976,False,bull
2017-07-07,2518.659912109375,2916.139892578125,2498.8701171875,2608.590087890625,917411968,-3.4463514147663243,2958.110107421875,-14.855775456428177,False,bull
2017-07-08,2571.340087890625,2571.340087890625,2492.31005859375,2520.27001953125,733329984,2.0915954364450373,2958.110107421875,-13.074902741478322,False,bull
2017-07-09,2518.43994140625,2635.489990234375,2517.590087890625,2572.610107421875,527856000,-2.057298711030131,2958.110107421875,-14.863211646939579,False,bull
2017-07-10,2372.56005859375,2537.159912109375,2321.1298828125,2525.25,1111200000,-5.792470188153198,2958.110107421875,-19.794734731441686,False,bull
2017-07-11,2337.7900390625,2413.469970703125,2296.81005859375,2385.889892578125,1329760000,-1.4655064012102925,2958.110107421875,-20.97014802806011,True,bear
2017-07-12,2398.840087890625,2423.7099609375,2275.139892578125,2332.77001953125,1117410048,2.6114427646636518,2958.110107421875,-18.9063286768145,False,bull
2017-07-13,2357.89990234375,2425.219970703125,2340.830078125,2402.699951171875,835769984,-1.7066658904668741,2958.110107421875,-20.290326704614625,True,bear
2017-07-14,2233.340087890625,2363.25,2183.219970703125,2360.590087890625,882502976,-5.282659129393608,2958.110107421875,-24.501117037963116,True,bear
2017-07-15,1998.8599853515625,2231.139892578125,1990.4100341796875,2230.1201171875,993608000,-10.499077315203142,2958.110107421875,-32.4278031322621,True,bear
2017-07-16,1929.8199462890625,2058.77001953125,1843.030029296875,1991.97998046875,1182870016,-3.453970741745427,2958.110107421875,-34.76172704162839,True,bear
2017-07-17,2228.409912109375,2230.489990234375,1932.6199951171875,1932.6199951171875,1201760000,15.47242613977975,2958.110107421875,-24.667783443276438,True,bear
2017-07-18,2318.8798828125,2387.610107421875,2164.77001953125,2233.52001953125,1512450048,4.05984420601897,2958.110107421875,-21.60941281413262,True,bear
2017-07-19,2273.429931640625,2397.169921875,2260.22998046875,2323.080078125,1245100032,-1.9599959234089415,2958.110107421875,-23.14586512731196,True,bear
2017-07-20,2817.60009765625,2900.699951171875,2269.889892578125,2269.889892578125,2249260032,23.93608698654388,2958.110107421875,-4.749992551429594,False,bull
2017-07-21,2667.760009765625,2838.409912109375,2621.85009765625,2838.409912109375,1489449984,-5.3180040707432426,2958.110107421875,-9.815391824927811,False,bull
2017-07-22,2810.1201171875,2862.419921875,2657.7099609375,2668.6298828125,1177129984,5.336316119169271,2958.110107421875,-5.002856041871773,False,bull
2017-07-23,2730.39990234375,2832.179931640625,2653.93994140625,2808.10009765625,1072840000,-2.836897054903753,2958.110107421875,-7.697827221062592,False,bull
2017-07-24,2754.860107421875,2777.260009765625,2699.18994140625,2732.699951171875,866473984,0.8958469804049018,2958.110107421875,-6.870940993374363,False,bull
2017-07-25,2576.47998046875,2768.080078125,2480.9599609375,2757.5,1460089984,-6.475106538896503,2958.110107421875,-12.90114678272516,False,bull
2017-07-26,2529.449951171875,2610.760009765625,2450.800048828125,2577.77001953125,937404032,-1.8253597797534105,2958.110107421875,-14.491014217979748,False,bull
2017-07-27,2671.780029296875,2693.320068359375,2529.340087890625,2538.7099609375,789104000,5.626918139220716,2958.110107421875,-9.679493586347586,False,bull
2017-07-28,2809.010009765625,2897.449951171875,2679.72998046875,2679.72998046875,1380099968,5.136275403063939,2958.110107421875,-5.040383631500367,False,bull
2017-07-29,2726.449951171875,2808.760009765625,2692.800048828125,2807.02001953125,803745984,-2.9391158560036046,2958.110107421875,-7.83135677298713,False,bull
2017-07-30,2757.179931640625,2758.530029296875,2644.85009765625,2724.389892578125,705942976,1.127105981004406,2958.110107421875,-6.792518482564858,False,bull
2017-07-31,2875.340087890625,2889.6201171875,2720.610107421875,2763.239990234375,860574976,4.285543895558908,2958.110107421875,-2.7980709481902233,False,bull
2017-08-01,2718.260009765625,2921.35009765625,2685.610107421875,2871.300048828125,1324669952,-5.463008664141544,2958.110107421875,-8.108220754003304,False,bull
2017-08-02,2710.669921875,2762.530029296875,2668.590087890625,2727.1298828125,1094950016,-0.27922597041331043,2958.110107421875,-8.364806466332997,False,bull
2017-08-03,2804.72998046875,2813.31005859375,2685.139892578125,2709.56005859375,804796992,3.469993075685429,2958.110107421875,-5.18507159582382,False,bull
2017-08-04,2895.889892578125,2899.330078125,2743.719970703125,2806.929931640625,1002120000,3.250220618176569,2958.110107421875,-2.1033772437219267,False,bull
2017-08-05,3252.909912109375,3290.010009765625,2874.830078125,2897.6298828125,1945699968,12.328508084725742,3252.909912109375,0.0,False,bull
2017-08-06,3213.93994140625,3293.2900390625,3155.60009765625,3257.610107421875,1105030016,-1.1980033802367007,3252.909912109375,-1.1980033802367007,False,bull
2017-08-07,3378.93994140625,3397.679931640625,3180.889892578125,3212.780029296875,1482279936,5.133885604838184,3378.93994140625,0.0,False,bull
2017-08-08,3419.93994140625,3484.85009765625,3345.830078125,3370.219970703125,1752760064,1.2133983057105446,3419.93994140625,0.0,False,bull
2017-08-09,3342.469970703125,3422.760009765625,3247.669921875,3420.39990234375,1468960000,-2.2652436016542987,3419.93994140625,-2.2652436016542987,False,bull
2017-08-10,3381.280029296875,3453.449951171875,3319.469970703125,3341.840087890625,1515110016,1.1611191404536703,3419.93994140625,-1.1304266382373473,False,bull
2017-08-11,3650.6201171875,3679.719970703125,3372.1201171875,3373.820068359375,2021190016,7.965625016471445,3650.6201171875,0.0,False,bull
2017-08-12,3884.7099609375,3949.919921875,3613.699951171875,3650.6298828125,2219589888,6.412330952976464,3884.7099609375,0.0,False,bull
2017-08-13,4073.260009765625,4208.39013671875,3857.800048828125,3880.0400390625,3159089920,4.853645464502643,4073.260009765625,0.0,False,bull
2017-08-14,4325.1298828125,4325.1298828125,3989.159912109375,4066.10009765625,2463089920,6.183496080363593,4325.1298828125,0.0,False,bull
2017-08-15,4181.93017578125,4455.97021484375,3906.179931640625,4326.990234375,3258050048,-3.3108764571511906,4325.1298828125,-3.3108764571511906,False,bull
2017-08-16,4376.6298828125,4381.22998046875,3994.419921875,4200.33984375,2272039936,4.655737873358379,4376.6298828125,0.0,False,bull
2017-08-17,4331.68994140625,4484.7001953125,4243.7099609375,4384.43994140625,2553359872,-1.0268161258673913,4376.6298828125,-1.0268161258673913,False,bull
2017-08-18,4160.6201171875,4370.1298828125,4015.39990234375,4324.33984375,2941710080,-3.9492629096904763,4376.6298828125,-4.9355273671482625,False,bull
2017-08-19,4193.7001953125,4243.259765625,3970.550048828125,4137.75,2975820032,0.7950756664456327,4376.6298828125,-4.1796928778095825,False,bull
2017-08-20,4087.659912109375,4196.2900390625,4069.8798828125,4189.31005859375,2109769984,-2.5285613721660716,4376.6298828125,-6.602568150392186,False,bull
2017-08-21,4001.739990234375,4109.14013671875,3988.60009765625,4090.47998046875,2800890112,-2.101934204958411,4376.6298828125,-8.56572071699182,False,bull
2017-08-22,4100.52001953125,4128.759765625,3674.580078125,3998.35009765625,3764239872,2.4684269727151875,4376.6298828125,-6.308732304862319,False,bull
2017-08-23,4151.52001953125,4255.77978515625,4078.409912109375,4089.010009765625,2369819904,1.243744689870585,4376.6298828125,-5.143452138031613,False,bull
2017-08-24,4334.68017578125,4376.39013671875,4130.259765625,4137.60009765625,2037750016,4.411881802046103,4376.6298828125,-0.95849336486028,False,bull
2017-08-25,4371.60009765625,4455.7001953125,4307.35009765625,4332.81982421875,1727970048,0.8517334700095969,4376.6298828125,-0.11492370364700744,False,bull
2017-08-26,4352.39990234375,4379.27978515625,4269.52001953125,4372.06005859375,1511609984,-0.43920292075192435,4376.6298828125,-0.5536218761358791,False,bull
2017-08-27,4382.8798828125,4416.58984375,4317.2900390625,4345.10009765625,1537459968,0.7003028479147133,4382.8798828125,0.0,False,bull
2017-08-28,4382.66015625,4403.93017578125,4224.64013671875,4384.4501953125,1959330048,-0.00501329190794042,4382.8798828125,-0.00501329190794042,False,bull
2017-08-29,4579.02001953125,4625.68017578125,4352.1298828125,4389.2099609375,2486080000,4.48038077972408,4579.02001953125,0.0,False,bull
2017-08-30,4565.2998046875,4626.52001953125,4471.41015625,4570.35986328125,1937849984,-0.2996321218345477,4579.02001953125,-0.2996321218345477,False,bull
2017-08-31,4703.39013671875,4736.0498046875,4549.39990234375,4555.58984375,1944930048,3.0247812397657503,4703.39013671875,0.0,False,bull
2017-09-01,4892.009765625,4892.009765625,4678.52978515625,4701.759765625,2599079936,4.0102909480912885,4892.009765625,0.0,False,bull
2017-09-02,4578.77001953125,4975.0400390625,4469.240234375,4901.419921875,2722139904,-6.403089141293461,4892.009765625,-6.403089141293461,False,bull
2017-09-03,4582.9599609375,4714.080078125,4417.58984375,4585.27001953125,1933190016,0.09150801172317369,4892.009765625,-6.3174404691323405,False,bull
2017-09-04,4236.31005859375,4591.6298828125,4108.39990234375,4591.6298828125,2987330048,-7.563886774014906,4892.009765625,-13.403483199046274,False,bull
2017-09-05,4376.52978515625,4427.83984375,3998.110107421875,4228.2900390625,2697969920,3.309949569863302,4892.009765625,-10.537182163676494,False,bull
2017-09-06,4597.1201171875,4617.25,4376.58984375,4376.58984375,2172100096,5.040302313934197,4892.009765625,-6.027985686161541,False,bull
2017-09-07,4599.8798828125,4655.0400390625,4491.330078125,4589.14013671875,1844620032,0.06003248892021418,4892.009765625,-5.971571947080479,False,bull
2017-09-08,4228.75,4661.0,4075.179931640625,4605.16015625,2700890112,-8.06825161237863,4892.009765625,-13.558022109554447,False,bull
2017-09-09,4226.06005859375,4308.81982421875,4114.10986328125,4229.81005859375,1386230016,-0.06361079293526473,4892.009765625,-13.613008537119487,False,bull
2017-09-10,4122.93994140625,4245.43994140625,3951.0400390625,4229.33984375,1679090048,-2.4401006080782994,4892.009765625,-15.72093804110577,False,bull
2017-09-11,4161.27001953125,4261.669921875,4099.39990234375,4122.47021484375,1557330048,0.9296783040678047,4892.009765625,-14.937413887202066,False,bull
2017-09-12,4130.81005859375,4344.64990234375,4085.219970703125,4168.8798828125,1864530048,-0.7319871287980284,4892.009765625,-15.560061068970487,False,bull
2017-09-13,3882.590087890625,4131.97998046875,3789.919921875,4131.97998046875,2219409920,-6.008990178251539,4892.009765625,-20.634048705857644,True,bear
2017-09-14,3154.949951171875,3920.60009765625,3153.860107421875,3875.3701171875,2716310016,-18.74110117851947,4892.009765625,-35.50810193918734,True,bear
2017-09-15,3637.52001953125,3733.449951171875,2946.6201171875,3166.300048828125,4148069888,15.295648927176453,4892.009765625,-25.64364762533292,True,bear
2017-09-16,3625.0400390625,3808.840087890625,3487.7900390625,3637.75,1818400000,-0.3430903583139133,4892.009765625,-25.898757101124325,True,bear
2017-09-17,3582.8798828125,3664.81005859375,3445.639892578125,3606.280029296875,1239149952,-1.1630259471810844,4892.009765625,-26.76057378322192,True,bear
2017-09-18,4065.199951171875,4079.22998046875,3591.090087890625,3591.090087890625,1943209984,13.461798445242934,4892.009765625,-16.901229843466847,False,bull
2017-09-19,3924.969970703125,4094.070068359375,3868.8701171875,4073.7900390625,1563980032,-3.4495223396902253,4892.009765625,-19.767740484024287,False,bull
2017-09-20,3905.949951171875,4031.389892578125,3857.72998046875,3916.360107421875,1213830016,-0.4845901923637541,4892.009765625,-20.156538144750545,True,bear
2017-09-21,3631.0400390625,3916.419921875,3613.6298828125,3901.469970703125,1411480064,-7.038234374377883,4892.009765625,-25.776108122740006,True,bear
2017-09-22,3630.699951171875,3758.27001953125,3553.530029296875,3628.02001953125,1194829952,-0.009366128904286786,4892.009765625,-25.78306002813101,True,bear
2017-09-23,3792.39990234375,3819.2099609375,3594.580078125,3629.919921875,928113984,4.453685331933954,4892.009765625,-22.477671058793657,True,bear
2017-09-24,3682.840087890625,3796.14990234375,3666.89990234375,3796.14990234375,768014976,-2.8889309480631398,4892.009765625,-24.717237611235475,True,bear
2017-09-25,3926.070068359375,3950.25,3681.580078125,3681.580078125,1374210048,6.604413296914613,4892.009765625,-19.745252841747284,False,bull
2017-09-26,3892.35009765625,3969.889892578125,3869.89990234375,3928.409912109375,1043740032,-0.858873380148717,4892.009765625,-20.43453950139518,True,bear
2017-09-27,4200.669921875,4210.0498046875,3884.820068359375,3892.93994140625,1686880000,7.92117400755914,4892.009765625,-14.132020925384946,False,bull
2017-09-28,4174.72998046875,4279.31005859375,4109.7001953125,4197.1298828125,1712320000,-0.6175191550082948,4892.009765625,-14.662272144189203,False,bull
2017-09-29,4163.06982421875,4214.6298828125,4039.2900390625,4171.6201171875,1367049984,-0.2793032436720799,4892.009765625,-14.90062318616654,False,bull
2017-09-30,4338.7099609375,4358.43017578125,4160.85986328125,4166.10986328125,1207449984,4.2190053046182285,4892.009765625,-11.310275964193849,False,bull
2017-10-01,4403.740234375,4403.740234375,4269.81005859375,4341.0498046875,1208210048,1.4988389180881967,4892.009765625,-9.980959864000171,False,bull
2017-10-02,4409.31982421875,4470.22998046875,4377.4599609375,4395.81005859375,1431730048,0.12670115735247123,4892.009765625,-9.866904698310265,False,bull
2017-10-03,4317.47998046875,4432.47021484375,4258.89013671875,4408.4599609375,1288019968,-2.082857388696502,4892.009765625,-11.744248533462365,False,bull
2017-10-04,4229.35986328125,4352.31005859375,4210.419921875,4319.3701171875,1116770048,-2.041008124788868,4892.009765625,-13.54555559148788,False,bull
2017-10-05,4328.41015625,4362.64013671875,4164.0498046875,4229.8798828125,1161769984,2.3419689071315863,4892.009765625,-11.520819384607151,False,bull
2017-10-06,4370.81005859375,4413.27001953125,4320.52978515625,4324.4599609375,1069939968,0.9795721942507329,4892.009765625,-10.65410193359787,False,bull
2017-10-07,4426.89013671875,4443.8798828125,4321.0498046875,4369.35009765625,906928000,1.2830591440306849,4892.009765625,-9.507741218640565,False,bull
2017-10-08,4610.47998046875,4624.14013671875,4405.64013671875,4429.669921875,1313869952,4.147151568709995,4892.009765625,-5.754890089028308,False,bull
2017-10-09,4772.02001953125,4878.7099609375,4564.25,4614.52001953125,1968739968,3.5037575208400673,4892.009765625,-2.4527699624986354,False,bull
2017-10-10,4781.990234375,4922.169921875,4765.10009765625,4776.2099609375,1597139968,0.20893070026830607,4892.009765625,-2.2489638516889565,False,bull
2017-10-11,4826.47998046875,4873.72998046875,4751.6298828125,4789.25,1222279936,0.9303604548152045,4892.009765625,-1.3395268671929528,False,bull
2017-10-12,5446.91015625,5446.91015625,4822.0,4829.580078125,2791610112,12.854713544693785,5446.91015625,0.0,False,bull
2017-10-13,5647.2099609375,5840.2998046875,5436.85009765625,5464.16015625,3615480064,3.6773106025563607,5647.2099609375,0.0,False,bull
2017-10-14,5831.7900390625,5837.7001953125,5591.64013671875,5643.52978515625,1669030016,3.26851807178703,5831.7900390625,0.0,False,bull
2017-10-15,5678.18994140625,5852.47998046875,5478.60986328125,5835.9599609375,1976039936,-2.633841352782007,5831.7900390625,-2.633841352782007,False,bull
2017-10-16,5725.58984375,5776.22998046875,5544.2099609375,5687.56982421875,2008070016,0.8347713414463831,5831.7900390625,-1.821056564127821,False,bull
2017-10-17,5605.509765625,5800.35009765625,5472.72021484375,5741.580078125,1821570048,-2.097252534707461,5831.7900390625,-3.8801169438856586,False,bull
2017-10-18,5590.68994140625,5603.81982421875,5151.43994140625,5603.81982421875,2399269888,-0.2643795986161823,5831.7900390625,-4.1342383048997515,False,bull
2017-10-19,5708.52001953125,5744.35009765625,5531.06005859375,5583.740234375,1780540032,2.1076124657229967,5831.7900390625,-2.1137595610535076,False,bull
2017-10-20,6011.4501953125,6060.10986328125,5627.22998046875,5708.10986328125,2354429952,5.306632450176196,6011.4501953125,0.0,False,bull
2017-10-21,6031.60009765625,6194.8798828125,5965.06982421875,5996.7900390625,2207099904,0.3351920366813088,6031.60009765625,0.0,False,bull
2017-10-22,6008.419921875,6076.259765625,5792.33984375,6036.66015625,2034630016,-0.384312212446869,6031.60009765625,-0.384312212446869,False,bull
2017-10-23,5930.31982421875,6075.58984375,5732.47021484375,6006.0,2401840128,-1.2998441965067942,6031.60009765625,-1.6791609489636983,False,bull
2017-10-24,5526.64013671875,5935.52001953125,5504.18017578125,5935.52001953125,2735699968,-6.807047502757236,6031.60009765625,-8.371907168277225,False,bull
2017-10-25,5750.7998046875,5754.330078125,5397.8798828125,5524.60009765625,1966989952,4.05598451180933,6031.60009765625,-4.65548591455629,False,bull
2017-10-26,5904.830078125,5976.7998046875,5721.22021484375,5747.9501953125,1905040000,2.6784148060926993,6031.60009765625,-2.1017643324946267,False,bull
2017-10-27,5780.89990234375,5988.39013671875,5728.81982421875,5899.740234375,1710130048,-2.098793261475229,6031.60009765625,-4.156445905787365,False,bull
2017-10-28,5753.08984375,5876.72021484375,5689.18994140625,5787.81982421875,1403920000,-0.4810679835932641,6031.60009765625,-4.617518558872513,False,bull
2017-10-29,6153.85009765625,6255.7099609375,5724.580078125,5754.43994140625,2859040000,6.966000267519279,6153.85009765625,0.0,False,bull
2017-10-30,6130.52978515625,6214.990234375,6040.85009765625,6114.85009765625,1772150016,-0.37895483526454443,6153.85009765625,-0.37895483526454443,False,bull
2017-10-31,6468.39990234375,6470.43017578125,6103.330078125,6132.02001953125,2311379968,5.51127111404921,6468.39990234375,0.0,False,bull
2017-11-01,6767.31005859375,6767.31005859375,6377.8798828125,6440.97021484375,2870320128,4.621083432731066,6767.31005859375,0.0,False,bull
2017-11-02,7078.5,7367.330078125,6758.72021484375,6777.77001953125,4653770240,4.598428898807039,7078.5,0.0,False,bull
2017-11-03,7207.759765625,7461.2900390625,7002.93994140625,7087.52978515625,3369860096,1.826089787737506,7207.759765625,0.0,False,bull
2017-11-04,7379.9501953125,7492.85986328125,7031.27978515625,7164.47998046875,2483800064,2.3889590564422525,7379.9501953125,0.0,False,bull
2017-11-05,7407.41015625,7617.47998046875,7333.18994140625,7404.52001953125,2380410112,0.37208870264384686,7407.41015625,0.0,False,bull
2017-11-06,7022.759765625,7445.77001953125,7007.31005859375,7403.22021484375,3111899904,-5.192778346429916,7407.41015625,-5.192778346429916,False,bull
2017-11-07,7144.3798828125,7253.31982421875,7023.10009765625,7023.10009765625,2326340096,1.731799481206897,7407.41015625,-3.550907373686718,False,bull
2017-11-08,7459.68994140625,7776.419921875,7114.02001953125,7141.3798828125,4602200064,4.413399955849262,7459.68994140625,0.0,False,bull
2017-11-09,7143.580078125,7446.830078125,7101.52001953125,7446.830078125,3226249984,-4.237573756606549,7459.68994140625,-4.237573756606549,False,bull
2017-11-10,6618.14013671875,7312.0,6436.8701171875,7173.72998046875,5208249856,-7.355414731266851,7459.68994140625,-11.281297363531662,False,bull
2017-11-11,6357.60009765625,6873.14990234375,6204.22021484375,6618.60986328125,4908680192,-3.936756153242693,7459.68994140625,-14.773936348649919,False,bull
2017-11-12,5950.06982421875,6625.0498046875,5519.009765625,6295.4501953125,8957349888,-6.410127519466624,7459.68994140625,-20.237035708523255,True,bear
2017-11-13,6559.490234375,6811.18994140625,5844.2900390625,5938.25,6263249920,10.24223964020905,7459.68994140625,-12.067521761655831,False,bull
2017-11-14,6635.75,6764.97998046875,6461.75,6561.47998046875,3197110016,1.1625867697059977,7459.68994140625,-11.045230403382245,False,bull
2017-11-15,7315.5400390625,7342.25,6634.759765625,6634.759765625,4200880128,10.244358799871911,7459.68994140625,-1.932384636305351,False,bull
2017-11-16,7871.68994140625,7967.3798828125,7176.580078125,7323.240234375,5123809792,7.602308228430132,7871.68994140625,0.0,False,bull
2017-11-17,7708.990234375,8004.58984375,7561.08984375,7853.56982421875,4651670016,-2.0668967939835303,7871.68994140625,-2.0668967939835303,False,bull
2017-11-18,7790.14990234375,7884.990234375,7463.43994140625,7697.2099609375,3667190016,1.052792460507379,7871.68994140625,-1.0358644670896866,False,bull
2017-11-19,8036.490234375,8101.91015625,7694.10009765625,7766.02978515625,3149319936,3.1622027190662427,8036.490234375,0.0,False,bull
2017-11-20,8200.6396484375,8336.8603515625,7949.35986328125,8039.06982421875,3488450048,2.04255103005504,8200.6396484375,0.0,False,bull
2017-11-21,8071.259765625,8348.66015625,7762.7099609375,8205.740234375,4277609984,-1.5776803805438666,8200.6396484375,-1.5776803805438666,False,bull
2017-11-22,8253.5498046875,8302.259765625,8075.47021484375,8077.9501953125,3633530112,2.258507895370454,8253.5498046875,0.0,False,bull
2017-11-23,8038.77001953125,8267.400390625,8038.77001953125,8232.3798828125,4225179904,-2.6022716314653915,8253.5498046875,-2.6022716314653915,False,bull
2017-11-24,8253.6904296875,8374.16015625,7940.93017578125,8074.02001953125,5058610176,2.6735484363164197,8253.6904296875,0.0,False,bull
2017-11-25,8790.919921875,8790.919921875,8191.14990234375,8241.7099609375,4342060032,6.508961012823455,8790.919921875,0.0,False,bull
2017-11-26,9330.5498046875,9522.9296875,8775.58984375,8789.0400390625,5475579904,6.138491620992981,9330.5498046875,0.0,False,bull
2017-11-27,9818.349609375,9818.349609375,9352.7197265625,9352.7197265625,5653320192,5.227985648203037,9818.349609375,0.0,False,bull
2017-11-28,10058.7998046875,10125.7001953125,9736.2998046875,9823.4296875,6348819968,2.4489879142509663,10058.7998046875,0.0,False,bull
2017-11-29,9888.6103515625,11517.400390625,9601.0302734375,10077.400390625,11568799744,-1.6919459222728528,10058.7998046875,-1.6919459222728528,False,bull
2017-11-30,10233.599609375,10801.0,9202.0498046875,9906.7900390625,8310689792,3.4887536827456156,10233.599609375,0.0,False,bull
2017-12-01,10975.599609375,11046.7001953125,9694.650390625,10198.599609375,6783119872,7.250625667631683,10975.599609375,0.0,False,bull
2017-12-02,11074.599609375,11320.2001953125,10905.099609375,10978.2998046875,5138500096,0.9020008338809893,11074.599609375,0.0,False,bull
2017-12-03,11323.2001953125,11858.7001953125,10862.0,11082.7001953125,6608309760,2.244781705038368,11323.2001953125,0.0,False,bull
2017-12-04,11657.2001953125,11657.2001953125,11081.7998046875,11315.400390625,6132409856,2.949696148075409,11657.2001953125,0.0,False,bull
2017-12-05,11916.7001953125,12032.0,11604.599609375,11685.7001953125,6895260160,2.226091991663215,11916.7001953125,0.0,False,bull
2017-12-06,14291.5,14369.099609375,11923.400390625,11923.400390625,12656300032,19.928333899191664,14291.5,0.0,False,bull
2017-12-07,17899.69921875,17899.69921875,14057.2998046875,14266.099609375,17950699520,25.24716942763181,17899.69921875,0.0,False,bull
2017-12-08,16569.400390625,18353.400390625,14336.900390625,17802.900390625,21135998976,-7.43196191102199,17899.69921875,-7.43196191102199,False,bull
2017-12-09,15178.2001953125,16783.0,13674.900390625,16523.30078125,13911300096,-8.396201205323306,17899.69921875,-15.204160640792885,False,bull
2017-12-10,15455.400390625,15850.599609375,13226.599609375,15168.400390625,13433299968,1.826304777546084,17899.69921875,-13.655530175415398,False,bull
2017-12-11,16936.80078125,17513.900390625,15404.7998046875,15427.400390625,12153900032,9.585001702858452,17899.69921875,-5.379411272404844,False,bull
2017-12-12,17415.400390625,17781.80078125,16571.599609375,16919.80078125,14603799552,2.8257970059188287,17899.69921875,-2.705625509157694,False,bull
2017-12-13,16408.19921875,17653.099609375,16039.7001953125,17500.0,12976900096,-5.783393716386753,17899.69921875,-8.332542249858864,False,bull
2017-12-14,16564.0,17085.80078125,16185.900390625,16384.599609375,13777399808,0.9495300439305021,17899.69921875,-7.4621321980139825,False,bull
2017-12-15,17706.900390625,18154.099609375,16601.30078125,16601.30078125,14309999616,6.899905763251635,17899.69921875,-1.0771065243545652,False,bull
2017-12-16,19497.400390625,19716.69921875,17515.30078125,17760.30078125,12740599808,10.111877067699492,19497.400390625,0.0,False,bull
2017-12-17,19140.80078125,20089.0,18974.099609375,19475.80078125,13314599936,-1.828959770177696,19497.400390625,-1.828959770177696,False,bull
2017-12-18,19114.19921875,19371.0,18355.900390625,19106.400390625,14839499776,-0.13897831550526707,19497.400390625,-1.965396228203098,False,bull
2017-12-19,17776.69921875,19177.80078125,17275.400390625,19118.30078125,16894499840,-6.99741582000456,19497.400390625,-8.825285101609603,False,bull
2017-12-20,16624.599609375,17934.69921875,16077.7001953125,17760.30078125,22149699584,-6.480953495347553,19497.400390625,-14.734275973690004,False,bull
2017-12-21,15802.900390625,17567.69921875,15342.7001953125,16642.400390625,16516599808,-4.942670729264509,19497.400390625,-18.94867995723388,False,bull
2017-12-22,13831.7998046875,15943.400390625,11833.0,15898.0,22197999616,-12.473030502089644,19497.400390625,-29.058235828514402,True,bear
2017-12-23,14699.2001953125,15603.2001953125,13828.7998046875,13948.7001953125,13086000128,6.271059463505568,19497.400390625,-24.609435612860654,True,bear
2017-12-24,13925.7998046875,14626.0,12747.7001953125,14608.2001953125,11572299776,-5.261513418067699,19497.400390625,-28.576120274046946,True,bear
2017-12-25,14026.599609375,14593.0,13448.900390625,13995.900390625,10664699904,0.7238349401918809,19497.400390625,-28.05912927694988,True,bear
2017-12-26,16099.7998046875,16461.19921875,14028.900390625,14036.599609375,13454300160,14.780490304484273,19497.400390625,-17.425915854767894,False,bull
2017-12-27,15838.5,16930.900390625,15114.2998046875,16163.5,12487600128,-1.6230003345223065,19497.400390625,-18.76609351667374,False,bull
2017-12-28,14606.5,15888.400390625,13937.2998046875,15864.099609375,12336499712,-7.778514379518264,19497.400390625,-25.084884613523695,True,bear
2017-12-29,14656.2001953125,15279.0,14307.0,14695.7998046875,13025500160,0.34026081068359026,19497.400390625,-24.829977834585115,True,bear
2017-12-30,12952.2001953125,14681.900390625,12350.099609375,14681.900390625,14452599808,-11.626478741365665,19497.400390625,-33.56960448152694,True,bear
2017-12-31,14156.400390625,14377.400390625,12755.599609375,12897.7001953125,12136299520,9.297263608914186,19497.400390625,-27.39339549373019,True,bear
2018-01-01,13657.2001953125,14112.2001953125,13154.7001953125,14112.2001953125,10291200000,-3.526321533283927,19497.400390625,-29.953737823021076,True,bear
2018-01-02,14982.099609375,15444.599609375,13163.599609375,13625.0,16846600192,9.70110560814097,19497.400390625,-23.158475954677048,True,bear
2018-01-03,15201.0,15572.7998046875,14844.5,14978.2001953125,16871900160,1.4610795304552893,19497.400390625,-22.03576017596096,True,bear
2018-01-04,15599.2001953125,15739.7001953125,14522.2001953125,15270.7001953125,21783199744,2.6195657872015055,19497.400390625,-19.9934356232787,False,bull
2018-01-05,17429.5,17705.19921875,15202.7998046875,15477.2001953125,23840899072,11.733292616101544,19497.400390625,-10.606031312868335,False,bull
2018-01-06,17527.0,17712.400390625,16764.599609375,17462.099609375,18314600448,0.5593964256002781,19497.400390625,-10.105964647330289,False,bull
2018-01-07,16477.599609375,17579.599609375,16087.7001953125,17527.30078125,15866000384,-5.987336056512804,19497.400390625,-15.488222638655058,False,bull
2018-01-08,15170.099609375,16537.900390625,14208.2001953125,16476.19921875,18413899776,-7.935014996092593,19497.400390625,-22.19424484574215,True,bear
2018-01-09,14595.400390625,15497.5,14424.0,15123.7001953125,16659999744,-3.788368129071751,19497.400390625,-25.14181327658965,True,bear
2018-01-10,14973.2998046875,14973.2998046875,13691.2001953125,14588.5,18500800512,2.5891678470515656,19497.400390625,-23.203609175061302,True,bear
2018-01-11,13405.7998046875,15018.7998046875,13105.900390625,14968.2001953125,16534099968,-10.468634305373904,19497.400390625,-31.243142490249852,True,bear
2018-01-12,13980.599609375,14229.900390625,13158.099609375,13453.900390625,12065699840,4.287694975770973,19497.400390625,-28.295058165306298,True,bear
2018-01-13,14360.2001953125,14659.5,13952.400390625,13952.400390625,12763599872,2.715195317395036,19497.400390625,-26.348128942269845,True,bear
2018-01-14,13772.0,14511.7998046875,13268.0,14370.7998046875,11084099584,-4.096044534981502,19497.400390625,-29.364942381641622,True,bear
2018-01-15,13819.7998046875,14445.5,13641.7001953125,13767.2998046875,12750799872,0.3470796157965417,19497.400390625,-29.119782495042156,True,bear
2018-01-16,11490.5,13843.099609375,10194.900390625,13836.099609375,18853799936,-16.85480135462911,19497.400390625,-41.06650235523185,True,bear
2018-01-17,11188.599609375,11678.0,9402.2900390625,11431.099609375,18830600192,-2.627391241677912,19497.400390625,-42.61491591076495,True,bear
2018-01-18,11474.900390625,12107.2998046875,10942.5,11198.7998046875,15020399616,2.558861620270214,19497.400390625,-41.146511018245725,True,bear
2018-01-19,11607.400390625,11992.7998046875,11172.099609375,11429.7998046875,10740400128,1.154694119247024,19497.400390625,-40.466933242001716,True,bear
2018-01-20,12899.2001953125,13103.0,11656.2001953125,11656.2001953125,11801700352,11.129105236439107,19497.400390625,-33.84143559202454,True,bear
2018-01-21,11600.099609375,12895.900390625,11288.2001953125,12889.2001953125,9935179776,-10.071171594108497,19497.400390625,-40.50437813775054,True,bear
2018-01-22,10931.400390625,11966.400390625,10240.2001953125,11633.099609375,10537400320,-5.764598936801968,19497.400390625,-43.93406212306549,True,bear
2018-01-23,10868.400390625,11377.599609375,10129.7001953125,10944.5,9660609536,-0.5763214020962026,19497.400390625,-44.257182122336225,True,bear
2018-01-24,11359.400390625,11501.400390625,10639.7998046875,10903.400390625,9940989952,4.517684133384825,19497.400390625,-41.7388976835754,True,bear
2018-01-25,11259.400390625,11785.7001953125,11057.400390625,11421.7001953125,8873169920,-0.8803281560753051,19497.400390625,-42.251786571306724,True,bear
2018-01-26,11171.400390625,11656.7001953125,10470.2998046875,11256.0,9746199552,-0.7815691506385392,19497.400390625,-42.703128792510306,True,bear
2018-01-27,11440.7001953125,11614.900390625,10989.2001953125,11174.900390625,7583269888,2.4106181433931617,19497.400390625,-41.321920019585946,True,bear
2018-01-28,11786.2998046875,12040.2998046875,11475.2998046875,11475.2998046875,8350360064,3.020790716258781,19497.400390625,-39.549378027058694,True,bear
2018-01-29,11296.400390625,11875.599609375,11179.2001953125,11755.5,7107359744,-4.156515803778071,19497.400390625,-42.06201768284614,True,bear
2018-01-30,10106.2998046875,11307.2001953125,10036.2001953125,11306.7998046875,8637859840,-10.535219581320588,19497.400390625,-48.16591134094499,True,bear
2018-01-31,10221.099609375,10381.599609375,9777.419921875,10108.2001953125,8041160192,1.1359232053877344,19497.400390625,-47.577115899565534,True,bear
2018-02-01,9170.5400390625,10288.7998046875,8812.2802734375,10237.2998046875,9959400448,-10.27834196380305,19497.400390625,-52.965319194696335,True,bear
2018-02-02,8830.75,9142.2802734375,7796.490234375,9142.2802734375,12726899712,-3.7052347802326024,19497.400390625,-54.708064546665824,True,bear
2018-02-03,9174.91015625,9430.75,8251.6298828125,8852.1201171875,7263790080,3.897292486481896,19497.400390625,-52.942905349260805,True,bear
2018-02-04,8277.009765625,9334.8701171875,8031.22021484375,9175.7001953125,7073549824,-9.786476110758924,19497.400390625,-57.5481366756726,True,bear
2018-02-05,6955.27001953125,8364.83984375,6756.68017578125,8270.5400390625,9285289984,-15.968807377551098,19497.400390625,-64.3271929581157,True,bear
2018-02-06,7754.0,7850.7001953125,6048.259765625,7051.75,13999800320,11.483809805022926,19497.400390625,-60.23059564531289,True,bear
2018-02-07,7621.2998046875,8509.1103515625,7236.7900390625,7755.490234375,9169280000,-1.7113772931712679,19497.400390625,-60.911200201068475,True,bear
2018-02-08,8265.58984375,8558.76953125,7637.85986328125,7637.85986328125,9346750464,8.453807822469184,19497.400390625,-57.606708185957075,True,bear
2018-02-09,8736.98046875,8736.98046875,7884.7099609375,8271.83984375,6784820224,5.703048831493129,19497.400390625,-55.18899805252483,True,bear
2018-02-10,8621.900390625,9122.5498046875,8295.4697265625,8720.080078125,7780960256,-1.3171607575021227,19497.400390625,-55.77923098522049,True,bear
2018-02-11,8129.97021484375,8616.1298828125,7931.10009765625,8616.1298828125,6122189824,-5.705588715872301,19497.400390625,-58.3022861921997,True,bear
2018-02-12,8926.5703125,8985.919921875,8141.43017578125,8141.43017578125,6256439808,9.798315081177211,19497.400390625,-54.2166128116639,True,bear
2018-02-13,8598.3095703125,8958.4697265625,8455.41015625,8926.7197265625,5696719872,-3.6773444973354663,19497.400390625,-55.90022568112796,True,bear
2018-02-14,9494.6298828125,9518.5400390625,8599.919921875,8599.919921875,7909819904,10.424378247495735,19497.400390625,-51.303098399836756,True,bear
2018-02-15,10166.400390625,10234.7998046875,9395.580078125,9488.3203125,9062540288,7.075267978887334,19497.400390625,-47.85766211421014,True,bear
2018-02-16,10233.900390625,10324.099609375,9824.8203125,10135.7001953125,7296159744,0.6639518158486624,19497.400390625,-47.51146211499149,True,bear
2018-02-17,11112.7001953125,11139.5,10149.400390625,10207.5,8660880384,8.58714440383399,19497.400390625,-43.004195571344695,True,bear
2018-02-18,10551.7998046875,11349.7998046875,10326.0,11123.400390625,8744009728,-5.047381651325356,19497.400390625,-45.88099134610193,True,bear
2018-02-19,11225.2998046875,11273.7998046875,10513.2001953125,10552.599609375,7652089856,6.382797366007709,19497.400390625,-42.42668468723144,True,bear
2018-02-20,11403.7001953125,11958.5,11231.7998046875,11231.7998046875,9926540288,1.589270609507487,19497.400390625,-41.51168890804654,True,bear
2018-02-21,10690.400390625,11418.5,10479.099609375,11372.2001953125,9405339648,-6.2549855965233325,19497.400390625,-45.170124342497985,True,bear
2018-02-22,10005.0,11039.099609375,9939.08984375,10660.400390625,8040079872,-6.411363144322124,19497.400390625,-48.68546678248072,True,bear
2018-02-23,10301.099609375,10487.2998046875,9734.5595703125,9937.0703125,7739500032,2.959516335582202,19497.400390625,-47.16680478938048,True,bear
2018-02-24,9813.0703125,10597.2001953125,9546.9697265625,10287.7001953125,6917929984,-4.7376427311783935,19497.400390625,-49.66985282192567,True,bear
2018-02-25,9664.73046875,9923.2197265625,9407.0595703125,9796.419921875,5706939904,-1.511655771599263,19497.400390625,-50.43067139659745,True,bear
2018-02-26,10366.7001953125,10475.0,9501.73046875,9669.4296875,7287690240,7.263210586495439,19497.400390625,-46.8303466738204,True,bear
2018-02-27,10725.599609375,10878.5,10246.099609375,10393.900390625,6966179840,3.462041028492213,19497.400390625,-44.98959146096099,True,bear
2018-02-28,10397.900390625,11089.7998046875,10393.099609375,10687.2001953125,6936189952,-3.0552997565149287,19497.400390625,-46.67032433911211,True,bear
2018-03-01,10951.0,11052.2998046875,10352.7001953125,10385.0,7317279744,5.319339372337972,19497.400390625,-43.83353790454236,True,bear
2018-03-02,11086.400390625,11189.0,10850.099609375,10977.400390625,7620590080,1.2364203326180156,19497.400390625,-43.139084347081926,True,bear
2018-03-03,11489.7001953125,11528.2001953125,11002.400390625,11101.900390625,6690570240,3.6377885560451295,19497.400390625,-41.070604464597594,True,bear
2018-03-04,11512.599609375,11512.599609375,11136.099609375,11497.400390625,6084149760,0.19930384320943073,19497.400390625,-40.95315591451545,True,bear
2018-03-05,11573.2998046875,11704.099609375,11443.900390625,11532.400390625,6468539904,0.5272501204946822,19497.400390625,-40.641831357926414,True,bear
2018-03-06,10779.900390625,11500.099609375,10694.2998046875,11500.099609375,6832169984,-6.855429544313296,19497.400390625,-44.71108878797845,True,bear
2018-03-07,9965.5703125,10929.5,9692.1201171875,10803.900390625,8797910016,-7.554152159264859,19497.400390625,-48.88769726813541,True,bear
2018-03-08,9395.009765625,10147.400390625,9335.8701171875,9951.4404296875,7186089984,-5.72531755818666,19497.400390625,-51.814038910836366,True,bear
2018-03-09,9337.5498046875,9466.349609375,8513.0302734375,9414.6904296875,8704190464,-0.6116008644050375,19497.400390625,-52.10874466537957,True,bear
2018-03-10,8866.0,9531.3203125,8828.4697265625,9350.58984375,5386319872,-5.050037906633486,19497.400390625,-54.52727121374053,True,bear
2018-03-11,9578.6298828125,9711.8896484375,8607.1201171875,8852.7802734375,6296370176,8.03778347408639,19497.400390625,-50.87227173414244,True,bear
2018-03-12,9205.1201171875,9937.5,8956.4296875,9602.9296875,6457399808,-3.8994070153520632,19497.400390625,-52.787961816624396,True,bear
2018-03-13,9194.849609375,9470.3798828125,8958.1904296875,9173.0400390625,5991139840,-0.1115738597840088,19497.400390625,-52.84063810990829,True,bear
2018-03-14,8269.8095703125,9355.849609375,8068.58984375,9214.650390625,6438230016,-10.060415105858134,19497.400390625,-57.585065677325375,True,bear
2018-03-15,8300.8603515625,8428.349609375,7783.0498046875,8290.759765625,6834429952,0.37547153880626016,19497.400390625,-57.42580967074036,True,bear
2018-03-16,8338.349609375,8585.150390625,8005.31005859375,8322.91015625,5289379840,0.45163099033997955,19497.400390625,-57.2335314333271,True,bear
2018-03-17,7916.8798828125,8346.5302734375,7812.81982421875,8321.91015625,4426149888,-5.054594090041897,19497.400390625,-59.39520282601778,True,bear
2018-03-18,8223.6796875,8245.509765625,7397.990234375,7890.52001953125,6639190016,3.8752615832098325,19497.400390625,-57.82166072019417,True,bear
2018-03-19,8630.650390625,8675.8701171875,8182.39990234375,8344.1201171875,6729110016,4.948766471821564,19497.400390625,-55.734353207544,True,bear
2018-03-20,8913.4697265625,9051.01953125,8389.8896484375,8619.669921875,6361789952,3.276917997335538,19497.400390625,-54.283804261165024,True,bear
2018-03-21,8929.2802734375,9177.3701171875,8846.330078125,8937.48046875,6043129856,0.1773781407242936,19497.400390625,-54.20271372315359,True,bear
2018-03-22,8728.4697265625,9100.7099609375,8564.900390625,8939.4404296875,5530390016,-2.2488995834565095,19497.400390625,-55.23264870346798,True,bear
2018-03-23,8879.6201171875,8879.6201171875,8360.6201171875,8736.25,5954120192,1.7316940467241304,19497.400390625,-54.45741514618987,True,bear
2018-03-24,8668.1201171875,8996.1796875,8665.7001953125,8901.9501953125,5664600064,-2.3818586517076135,19497.400390625,-55.54217514374162,True,bear
2018-03-25,8495.7802734375,8682.009765625,8449.099609375,8612.8095703125,4569880064,-1.9882032253830673,19497.400390625,-56.4260870514689,True,bear
2018-03-26,8209.400390625,8530.080078125,7921.43017578125,8498.4697265625,5921039872,-3.3708485106174635,19497.400390625,-57.89489764711221,True,bear
2018-03-27,7833.0400390625,8232.7802734375,7797.27978515625,8200.0,5378250240,-4.584504758621555,19497.400390625,-59.82520806810283,True,bear
2018-03-28,7954.47998046875,8122.89013671875,7809.169921875,7836.830078125,4935289856,1.5503551724572073,19497.400390625,-59.20235610336273,True,bear
2018-03-29,7165.7001953125,7994.330078125,7081.3798828125,7979.06982421875,6361229824,-9.916170347942321,19497.400390625,-63.24791997010018,True,bear
2018-03-30,6890.52001953125,7276.66015625,6683.93017578125,7171.4501953125,6289509888,-3.840241264367461,19497.400390625,-64.65928851292175,True,bear
2018-03-31,6973.52978515625,7207.85009765625,6863.52001953125,6892.47998046875,4553269760,1.2046952245941878,19497.400390625,-64.2335406492993,True,bear
2018-04-01,6844.22998046875,7060.9501953125,6526.8701171875,7003.06005859375,4532100096,-1.854151465198095,19497.400390625,-64.8967049793998,True,bear
2018-04-02,7083.7998046875,7135.47021484375,6816.580078125,6844.85986328125,4333440000,3.5003181497758717,19497.400390625,-63.66797797262436,True,bear
2018-04-03,7456.10986328125,7530.93994140625,7072.490234375,7102.259765625,5499700224,5.2557958843978625,19497.400390625,-61.75844105419102,True,bear
2018-04-04,6853.83984375,7469.8798828125,6803.8798828125,7456.41015625,4936000000,-8.077536819799569,19497.400390625,-64.84741705850409,True,bear
2018-04-05,6811.47021484375,6933.81982421875,6644.7998046875,6848.64990234375,5639320064,-0.6181881962836755,19497.400390625,-65.06472617693724,True,bear
2018-04-06,6636.31982421875,6857.490234375,6575.0,6815.9599609375,3766810112,-2.5714036045156208,19497.400390625,-65.96305306727088,True,bear
2018-04-07,6911.08984375,7050.5400390625,6630.509765625,6630.509765625,3976610048,4.1403974915207975,19497.400390625,-64.5537881702779,True,bear
2018-04-08,7023.52001953125,7111.56005859375,6919.97998046875,6919.97998046875,3652499968,1.6268081926749334,19497.400390625,-63.97714629223907,True,bear
2018-04-09,6770.72998046875,7178.10986328125,6661.990234375,7044.31982421875,4894060032,-3.599192973886778,19497.400390625,-65.27367831188232,True,bear
2018-04-10,6834.759765625,6872.41015625,6704.14990234375,6795.43994140625,4272750080,0.9456851084145068,19497.400390625,-64.94527665897766,True,bear
2018-04-11,6968.31982421875,6968.31982421875,6817.58984375,6843.47021484375,4641889792,1.9541295257440083,19497.400390625,-64.26026196000288,True,bear
2018-04-12,7889.25,7899.22998046875,6806.509765625,6955.3798828125,8906250240,13.215957347142847,19497.400390625,-59.53691342465628,True,bear
2018-04-13,7895.9599609375,8183.9599609375,7758.93017578125,7901.08984375,7764460032,0.08505194964667506,19497.400390625,-59.502498780636714,True,bear
2018-04-14,7986.240234375,8140.7099609375,7846.0,7874.669921875,5191430144,1.1433729892771805,19497.400390625,-59.039461290362325,True,bear
2018-04-15,8329.1103515625,8338.419921875,7999.330078125,7999.330078125,5244480000,4.293260747550409,19497.400390625,-57.28091855995626,True,bear
2018-04-16,8058.669921875,8371.150390625,7925.72998046875,8337.5703125,5631309824,-3.246930563679795,19497.400390625,-58.667977471756295,True,bear
2018-04-17,7902.08984375,8285.9599609375,7881.72021484375,8071.66015625,6900879872,-1.943001508226172,19497.400390625,-59.47105929286045,True,bear
2018-04-18,8163.419921875,8197.7998046875,7886.009765625,7944.43017578125,6529909760,3.307100821331388,19497.400390625,-58.13072636185774,True,bear
2018-04-19,8294.3095703125,8298.6904296875,8138.77978515625,8159.27001953125,7063209984,1.6033678248838168,19497.400390625,-57.45940789983119,True,bear
2018-04-20,8845.830078125,8880.23046875,8244.5400390625,8286.8798828125,8438110208,6.649384172813311,19497.400390625,-54.630720501701504,True,bear
2018-04-21,8895.580078125,8997.5703125,8652.150390625,8848.7900390625,7548550144,0.5624118885465323,19497.400390625,-54.37555828005516,True,bear
2018-04-22,8802.4599609375,9001.6396484375,8779.6103515625,8925.0595703125,6629899776,-1.0468133204319163,19497.400390625,-54.85316101335225,True,bear
2018-04-23,8930.8798828125,8958.5498046875,8788.8095703125,8794.3896484375,6925190144,1.4589094689994253,19497.400390625,-54.19450950442211,True,bear
2018-04-24,9697.5,9732.6103515625,8927.830078125,8934.33984375,10678800384,8.583925965266449,19497.400390625,-50.26260011225454,True,bear
2018-04-25,8845.740234375,9745.3203125,8799.83984375,9701.0302734375,11083100160,-8.78329224671307,19497.400390625,-54.63118130031157,True,bear
2018-04-26,9281.509765625,9281.509765625,8727.08984375,8867.3203125,8970559488,4.9263206888732425,19497.400390625,-52.39616779841143,True,bear
2018-04-27,8987.0498046875,9375.4697265625,8987.0498046875,9290.6298828125,7566289920,-3.1725437819185576,19497.400390625,-53.90642021687787,True,bear
2018-04-28,9348.48046875,9412.08984375,8931.990234375,8939.26953125,7805479936,4.021683109778507,19497.400390625,-52.052682504047766,True,bear
2018-04-29,9419.080078125,9531.490234375,9193.7099609375,9346.41015625,8853000192,0.7551987685164407,19497.400390625,-51.69058495278167,True,bear
2018-04-30,9240.5498046875,9477.1396484375,9166.8095703125,9426.1103515625,8673920000,-1.8954109313936152,19497.400390625,-52.60624688647896,True,bear
2018-05-01,9119.009765625,9255.8798828125,8891.0498046875,9251.4697265625,7713019904,-1.3152901248456694,19497.400390625,-53.22961224097483,True,bear
2018-05-02,9235.919921875,9256.51953125,9015.1396484375,9104.599609375,7558159872,1.2820488107240013,19497.400390625,-52.62999304093925,True,bear
2018-05-03,9743.8603515625,9798.330078125,9188.150390625,9233.9697265625,10207299584,5.499619247287524,19497.400390625,-50.02482302077731,True,bear
2018-05-04,9700.759765625,9779.2001953125,9585.9599609375,9695.5,8217829888,-0.4423358338729533,19497.400390625,-50.24588113659784,True,bear
2018-05-05,9858.150390625,9964.5,9695.1201171875,9700.2802734375,7651939840,1.6224566817716557,19497.400390625,-49.43864211064195,True,bear
2018-05-06,9654.7998046875,9940.1396484375,9465.25,9845.3095703125,7222280192,-2.0627661161558675,19497.400390625,-50.48160466905194,True,bear
2018-05-07,9373.009765625,9665.849609375,9231.5302734375,9645.669921875,7394019840,-2.918652325920712,19497.400390625,-51.926874466137264,True,bear
2018-05-08,9234.8203125,9462.75,9127.76953125,9380.8701171875,7415869952,-1.4743338221176572,19497.400390625,-52.63563281523208,True,bear
2018-05-09,9325.1796875,9374.759765625,9031.6201171875,9223.73046875,7226890240,0.9784638135047707,19497.400390625,-52.172189621833596,True,bear
2018-05-10,9043.9404296875,9396.0400390625,9040.51953125,9325.9599609375,6906699776,-3.0159124782280555,19497.400390625,-53.614634523091965,True,bear
2018-05-11,8441.490234375,9052.9599609375,8394.4599609375,9052.9599609375,8488520192,-6.661368459868511,19497.400390625,-56.704534628965455,True,bear
2018-05-12,8504.8896484375,8664.8603515625,8223.5,8441.4404296875,6821380096,0.7510452811321011,19497.400390625,-56.379366079352124,True,bear
2018-05-13,8723.9404296875,8773.5498046875,8395.1201171875,8515.490234375,5866379776,2.5755864015265972,19497.400390625,-55.25587896383222,True,bear
2018-05-14,8716.7900390625,8881.1201171875,8367.9697265625,8713.099609375,7364149760,-0.08196285477451992,19497.400390625,-55.29255252277723,True,bear
2018-05-15,8510.3798828125,8836.1904296875,8456.4501953125,8705.1904296875,6705710080,-2.3679606291423294,19497.400390625,-56.351207277332335,True,bear
2018-05-16,8368.830078125,8508.4296875,8175.490234375,8504.41015625,6760220160,-1.6632607079429262,19497.400390625,-57.07720049617993,True,bear
2018-05-17,8094.31982421875,8445.5400390625,8054.1201171875,8370.0498046875,5862530048,-3.280150885412081,19497.400390625,-58.48513308414813,True,bear
2018-05-18,8250.9697265625,8274.1201171875,7974.81982421875,8091.830078125,5764190208,1.9353065575076878,19497.400390625,-57.68169314238507,True,bear
2018-05-19,8247.1796875,8372.0595703125,8183.35009765625,8255.73046875,4712399872,-0.04593446816679725,19497.400390625,-57.7011318315773,True,bear
2018-05-20,8513.25,8562.41015625,8205.240234375,8246.990234375,5191059968,3.2261975921692887,19497.400390625,-56.33648676521279,True,bear
2018-05-21,8418.990234375,8557.51953125,8365.1201171875,8522.330078125,5154990080,-1.1072124702669384,19497.400390625,-56.819934628705006,True,bear
2018-05-22,8041.77978515625,8423.25,8004.580078125,8419.8701171875,5137010176,-4.480471395234408,19497.400390625,-58.754605106109395,True,bear
2018-05-23,7557.81982421875,8054.66015625,7507.8798828125,8037.080078125,6491120128,-6.018070301188894,19497.400390625,-61.23678196682671,True,bear
2018-05-24,7587.33984375,7738.60009765625,7331.14013671875,7561.1201171875,6049220096,0.39058908809461723,19497.400390625,-61.08537706699481,True,bear
2018-05-25,7480.14013671875,7659.14013671875,7392.64990234375,7592.2998046875,4867829760,-1.4128760440268784,19497.400390625,-61.63519245203864,True,bear
2018-05-26,7355.8798828125,7595.16015625,7349.1201171875,7486.47998046875,4051539968,-1.6612022186092146,19497.400390625,-62.27250948619052,True,bear
2018-05-27,7368.22021484375,7381.740234375,7270.9599609375,7362.080078125,4056519936,0.16776146739541087,19497.400390625,-62.209217294493094,True,bear
2018-05-28,7135.990234375,7419.0498046875,7100.89013671875,7371.31005859375,5040600064,-3.151778498705937,19497.400390625,-63.40029905829794,True,bear
2018-05-29,7472.58984375,7526.419921875,7090.68017578125,7129.4599609375,5662660096,4.716929232239631,19497.400390625,-61.67391706566651,True,bear
2018-05-30,7406.52001953125,7573.77001953125,7313.60009765625,7469.72998046875,4922540032,-0.8841623265862797,19497.400390625,-62.012781852228095,True,bear
2018-05-31,7494.169921875,7608.89990234375,7361.1298828125,7406.14990234375,5127130112,1.1834154516914053,19497.400390625,-61.563235242999646,True,bear
2018-06-01,7541.4501953125,7604.72998046875,7407.33984375,7500.7001953125,4921460224,0.6308940673935393,19497.400390625,-61.32073997444971,True,bear
2018-06-02,7643.4501953125,7695.830078125,7497.259765625,7536.72021484375,4939299840,1.3525250098900043,19497.400390625,-60.79759330896377,True,bear
2018-06-03,7720.25,7754.89013671875,7613.0400390625,7632.08984375,4851760128,1.0047792910929054,19497.400390625,-60.403695644922216,True,bear
2018-06-04,7514.47021484375,7753.81982421875,7474.0400390625,7722.52978515625,4993169920,-2.6654549419546036,19497.400390625,-61.45911729618603,True,bear
2018-06-05,7633.759765625,7643.22998046875,7397.0,7500.89990234375,4961739776,1.5874645500039364,19497.400390625,-60.84729444600436,True,bear
2018-06-06,7653.97998046875,7680.43017578125,7502.009765625,7625.97021484375,4692259840,0.2648788469189478,19497.400390625,-60.74358721099537,True,bear
2018-06-07,7678.240234375,7741.27001953125,7650.81982421875,7650.81982421875,4485799936,0.31696259943396754,19497.400390625,-60.61915906457481,True,bear
2018-06-08,7624.919921875,7698.18994140625,7558.39990234375,7685.14013671875,4227579904,-0.6944340222814094,19497.400390625,-60.89263302229093,True,bear
2018-06-09,7531.97998046875,7683.580078125,7531.97998046875,7632.52001953125,3845220096,-1.2188972783781837,19497.400390625,-61.36931165402759,True,bear
2018-06-10,6786.02001953125,7499.5498046875,6709.06982421875,7499.5498046875,5804839936,-9.903902597615177,19497.400390625,-65.19525740060098,True,bear
2018-06-11,6906.919921875,6910.18017578125,6706.6298828125,6799.2900390625,4745269760,1.7816025003725366,19497.400390625,-64.57517523620186,True,bear
2018-06-12,6582.35986328125,6907.9599609375,6542.080078125,6905.81982421875,4654380032,-4.699056341537011,19497.400390625,-66.23980771074349,True,bear
2018-06-13,6349.89990234375,6631.66015625,6285.6298828125,6596.8798828125,5052349952,-3.5315595890501927,19497.400390625,-67.4320690188165,True,bear
2018-06-14,6675.35009765625,6707.14013671875,6334.4599609375,6342.75,5138710016,5.125280718084646,19497.400390625,-65.7628711319588,True,bear
2018-06-15,6456.580078125,6681.080078125,6433.8701171875,6674.080078125,3955389952,-3.2772815856963233,19497.400390625,-66.88491825182223,True,bear
2018-06-16,6550.16015625,6592.490234375,6402.2900390625,6455.4501953125,3194170112,1.4493753193281167,19497.400390625,-66.40495642998881,True,bear
2018-06-17,6499.27001953125,6589.10986328125,6499.27001953125,6545.52978515625,3104019968,-0.7769296552266991,19497.400390625,-66.66596628617056,True,bear
2018-06-18,6734.81982421875,6781.14013671875,6446.68017578125,6510.06982421875,4039200000,3.6242501693211526,19497.400390625,-65.45785751285553,True,bear
2018-06-19,6769.93994140625,6822.5,6709.919921875,6742.39013671875,4057029888,0.5214707758210091,19497.400390625,-65.27773033444262,True,bear
2018-06-20,6776.5498046875,6821.56005859375,6611.8798828125,6770.759765625,3888640000,0.09763547887364776,19497.400390625,-65.24382908017886,True,bear
2018-06-21,6729.740234375,6810.93994140625,6715.169921875,6780.08984375,3529129984,-0.6907581536569007,19497.400390625,-65.48391016470644,True,bear
2018-06-22,6083.68994140625,6747.080078125,6006.60009765625,6737.8798828125,5079810048,-9.599929127557916,19497.400390625,-68.79743032649885,True,bear
2018-06-23,6162.47998046875,6224.81982421875,6071.81005859375,6090.10009765625,3431360000,1.2951028047344604,19497.400390625,-68.39332497150812,True,bear
2018-06-24,6173.22998046875,6223.77978515625,5826.41015625,6164.27978515625,4566909952,0.17444275736506754,19497.400390625,-68.33818941607701,True,bear
2018-06-25,6249.18017578125,6327.3701171875,6119.68017578125,6171.97021484375,5500810240,1.2303153382069887,19497.400390625,-67.94864930410895,True,bear
2018-06-26,6093.669921875,6290.16015625,6093.669921875,6253.5498046875,3279759872,-2.488490482462502,19497.400390625,-68.74624411567687,True,bear
2018-06-27,6157.1298828125,6180.0,6052.85009765625,6084.39990234375,3296219904,1.0414079159373646,19497.400390625,-68.4207650278698,True,bear
2018-06-28,5903.43994140625,6170.41015625,5873.0498046875,6153.16015625,3467800064,-4.120262950996379,19497.400390625,-69.72191254663458,True,bear
2018-06-29,6218.2998046875,6261.66015625,5835.75,5898.1298828125,3966230016,5.333498204544251,19497.400390625,-68.107031295939,True,bear
2018-06-30,6404.0,6465.509765625,6214.22021484375,6214.22021484375,4543860224,2.9863499854496434,19497.400390625,-67.15459562968582,True,bear
2018-07-01,6385.81982421875,6432.85009765625,6289.2900390625,6411.68017578125,4788259840,-0.283887816696593,19497.400390625,-67.24783973103786,True,bear
2018-07-02,6614.18017578125,6683.85986328125,6305.7001953125,6380.3798828125,4396930048,3.5760537855519248,19497.400390625,-66.07660486388961,True,bear
2018-07-03,6529.58984375,6671.3701171875,6447.75,6596.66015625,4672309760,-1.2789239147277698,19497.400390625,-66.51045927697292,True,bear
2018-07-04,6597.5498046875,6771.919921875,6450.4599609375,6550.8701171875,4176689920,1.0407998444580624,19497.400390625,-66.16190018921793,True,bear
2018-07-05,6639.14013671875,6749.5400390625,6546.64990234375,6599.7099609375,4999240192,0.6303905732049309,19497.400390625,-65.9485879978591,True,bear
2018-07-06,6673.5,6700.93994140625,6533.5498046875,6638.68994140625,4313959936,0.5175348399594437,19497.400390625,-65.77236007724989,True,bear
2018-07-07,6856.93017578125,6863.990234375,6579.240234375,6668.7099609375,3961080064,2.748635285551071,19497.400390625,-64.83156708892182,True,bear
2018-07-08,6773.8798828125,6885.91015625,6747.97998046875,6857.7998046875,3386210048,-1.2111876720297454,19497.400390625,-65.25752281278685,True,bear
2018-07-09,6741.75,6838.68017578125,6724.33984375,6775.080078125,3718129920,-0.4743202325453666,19497.400390625,-65.42231341137325,True,bear
2018-07-10,6329.9501953125,6767.740234375,6320.72021484375,6739.2099609375,4052430080,-6.108203429191239,19497.400390625,-67.53438884931475,True,bear
2018-07-11,6394.7099609375,6444.9599609375,6330.47021484375,6330.77001953125,3644859904,1.0230691178732654,19497.400390625,-67.20224320770328,True,bear
2018-07-12,6228.81005859375,6397.10009765625,6136.419921875,6396.77978515625,3770170112,-2.5943303661489003,19497.400390625,-68.05312537158147,True,bear
2018-07-13,6238.0498046875,6310.5498046875,6192.240234375,6235.02978515625,3805400064,0.14833886419449716,19497.400390625,-68.00573574061207,True,bear
2018-07-14,6276.1201171875,6298.18994140625,6212.22021484375,6247.5,2923670016,0.6102918971790272,19497.400390625,-67.81047733827496,True,bear
2018-07-15,6359.64013671875,6403.4599609375,6256.509765625,6272.7001953125,3285459968,1.3307587804530119,19497.400390625,-67.38211243906815,True,bear
2018-07-16,6741.75,6741.75,6357.009765625,6357.009765625,4725799936,6.008356684760452,19497.400390625,-65.42231341137325,True,bear
2018-07-17,7321.0400390625,7387.240234375,6684.169921875,6739.64990234375,5961950208,8.59257669095561,19497.400390625,-62.45119917328723,True,bear
2018-07-18,7370.77978515625,7534.990234375,7280.47021484375,7315.31982421875,6103410176,0.6794081964906162,19497.400390625,-62.1960895427866,True,bear
2018-07-19,7466.85986328125,7494.4599609375,7295.4599609375,7378.2001953125,5111629824,1.3035266406750123,19497.400390625,-61.70330549875991,True,bear
2018-07-20,7354.1298828125,7594.669921875,7323.259765625,7467.39990234375,4936869888,-1.5097374603627811,19497.400390625,-62.281485041725816,True,bear
2018-07-21,7419.2900390625,7437.64013671875,7262.41015625,7352.72021484375,3726609920,0.8860348850009636,19497.400390625,-61.947285841091194,True,bear
2018-07-22,7418.490234375,7537.9501953125,7383.81982421875,7417.7998046875,3695460096,-0.010780070374505346,19497.400390625,-61.95138795045694,True,bear
2018-07-23,7711.10986328125,7771.5,7409.10009765625,7414.7099609375,5132480000,3.944463356578143,19497.400390625,-60.45057439047614,True,bear
2018-07-24,8424.26953125,8424.26953125,7705.5,7716.509765625,7277689856,9.24846981320644,19497.400390625,-56.792857701682784,True,bear
2018-07-25,8181.39013671875,8416.8701171875,8086.35986328125,8379.66015625,5845400064,-2.8830914494162863,19497.400390625,-58.0385591268227,True,bear
2018-07-26,7951.580078125,8290.330078125,7878.7099609375,8176.85009765625,4899089920,-2.808936559110453,19497.400390625,-59.21722938023889,True,bear
2018-07-27,8165.009765625,8262.66015625,7839.759765625,7950.39990234375,5195879936,2.6841166837664243,19497.400390625,-58.12257222993169,True,bear
2018-07-28,8192.150390625,8222.849609375,8110.77001953125,8169.06005859375,3988750080,0.3324016232566285,19497.400390625,-57.983370980245866,True,bear
2018-07-29,8218.4599609375,8272.259765625,8141.18017578125,8205.8203125,4107190016,0.3211558511255985,19497.400390625,-57.84843211770318,True,bear
2018-07-30,8180.47998046875,8235.5,7917.5,8221.580078125,5551400000,-0.4621301393359478,19497.400390625,-58.04322721708994,True,bear
2018-07-31,7780.43994140625,8181.52978515625,7696.93017578125,8181.2001953125,5287530000,-4.890178082675012,19497.400390625,-60.09498812391756,True,bear
2018-08-01,7624.91015625,7769.0400390625,7504.9501953125,7769.0400390625,4797620000,-1.9989844575310611,19497.400390625,-60.89268310909637,True,bear
2018-08-02,7567.14990234375,7712.77001953125,7523.43994140625,7634.18994140625,4214110000,-0.7575204523413981,19497.400390625,-61.188929032906934,True,bear
2018-08-03,7434.39013671875,7562.14013671875,7328.64990234375,7562.14013671875,4627150000,-1.7544223034868245,19497.400390625,-61.86983911817572,True,bear
2018-08-04,7032.85009765625,7497.490234375,6984.06982421875,7438.669921875,4268390000,-5.401116052267385,19497.400390625,-63.929293358319306,True,bear
2018-08-05,7068.47998046875,7102.77001953125,6940.7001953125,7031.080078125,3679110000,0.5066208196926381,19497.400390625,-63.7465516486623,True,bear
2018-08-06,6951.7998046875,7166.5498046875,6890.5400390625,7062.93994140625,3925900000,-1.650710988835713,19497.400390625,-64.3449913044297,True,bear
2018-08-07,6753.1201171875,7146.56005859375,6748.240234375,6958.31982421875,4682800000,-2.857960428694062,19497.400390625,-65.36399734379653,True,bear
2018-08-08,6305.7998046875,6746.85009765625,6226.22021484375,6746.85009765625,5064430000,-6.623905761153514,19497.400390625,-67.65825351917408,True,bear
2018-08-09,6568.22998046875,6625.72998046875,6249.06982421875,6305.56005859375,4267040000,4.161727043509522,19497.400390625,-66.31227830953826,True,bear
2018-08-10,6184.7099609375,6591.259765625,6124.52001953125,6571.419921875,4528680000,-5.839016305331612,19497.400390625,-68.27930987193906,True,bear
2018-08-11,6295.72998046875,6455.740234375,6109.02978515625,6185.7900390625,4047850000,1.795072367701156,19497.400390625,-67.70990052860613,True,bear
2018-08-12,6322.68994140625,6409.85009765625,6237.5,6283.64990234375,5665250000,0.4282261313801161,19497.400390625,-67.57162588482099,True,bear
2018-08-13,6297.56982421875,6537.0498046875,6225.72021484375,6341.35986328125,4083980000,-0.39730110791915685,19497.400390625,-67.70046417446076,True,bear
2018-08-14,6199.7099609375,6287.93994140625,5971.0498046875,6287.66015625,5301700000,-1.5539305797755087,19497.400390625,-68.20237653877936,True,bear
2018-08-15,6308.52001953125,6588.490234375,6221.419921875,6221.419921875,4895450000,1.7550830487124358,19497.400390625,-67.64430183951806,True,bear
2018-08-16,6334.72998046875,6473.5,6276.41015625,6294.22998046875,4328420000,0.41546925200131035,19497.400390625,-67.50987386239092,True,bear
2018-08-17,6580.6298828125,6582.5,6324.97021484375,6340.91015625,4992990000,3.881774015655104,19497.400390625,-66.24868058832763,True,bear
2018-08-18,6423.759765625,6617.35009765625,6353.72998046875,6583.43017578125,3984520000,-2.3838161388960444,19497.400390625,-67.05324998755343,True,bear
2018-08-19,6506.06982421875,6537.97998046875,6361.5498046875,6422.56982421875,3311170000,1.2813377460690445,19497.400390625,-66.63109084354095,True,bear
2018-08-20,6308.52978515625,6536.919921875,6297.93017578125,6500.509765625,3665100000,-3.0362422230262642,19497.400390625,-67.64425175271262,True,bear
2018-08-21,6488.759765625,6500.8701171875,6298.240234375,6301.06982421875,3377180000,2.8569252521058797,19497.400390625,-66.71987221052807,True,bear
2018-08-22,6376.7099609375,6816.7900390625,6310.10986328125,6486.25,4668110000,-1.7268292976586608,19497.400390625,-67.29456320749492,True,bear
2018-08-23,6534.8798828125,6546.5400390625,6371.33984375,6371.33984375,3426180000,2.4804314896540447,19497.400390625,-66.48332725446471,True,bear
2018-08-24,6719.9599609375,6719.9599609375,6498.64013671875,6551.52001953125,4097820000,2.8321879123101024,19497.400390625,-65.53407210035714,True,bear
2018-08-25,6763.18994140625,6789.6298828125,6700.9599609375,6719.9501953125,3312600000,0.6433071137334379,19497.400390625,-65.31235033436448,True,bear
2018-08-26,6707.259765625,6774.75,6620.75,6754.64013671875,3295500000,-0.8269792252739938,19497.400390625,-65.59920999083512,True,bear
2018-08-27,6884.64013671875,6884.64013671875,6689.7099609375,6710.7998046875,4019000000,2.6446026737003914,19497.400390625,-64.68944577847869,True,bear
2018-08-28,7096.27978515625,7109.56005859375,6882.33984375,6891.080078125,4659940000,3.074084399978072,19497.400390625,-63.603969539609096,True,bear
2018-08-29,7047.16015625,7113.2998046875,6970.81982421875,7091.7099609375,4145880000,-0.6921884479385465,19497.400390625,-63.85589865796412,True,bear
2018-08-30,6978.22998046875,7072.68994140625,6834.68994140625,7043.759765625,4463250000,-0.9781269937524706,19497.400390625,-64.20943386983981,True,bear
2018-08-31,7037.580078125,7057.169921875,6920.16015625,6973.97021484375,4495650000,0.8505036065358018,19497.400390625,-63.90503381410322,True,bear
2018-09-01,7193.25,7242.2900390625,7038.0498046875,7044.81005859375,4116050000,2.2119808250405715,19497.400390625,-63.10662008326631,True,bear
2018-09-02,7272.72021484375,7306.31005859375,7132.16015625,7189.580078125,4329540000,1.1047887233691212,19497.400390625,-62.6990261822765,True,bear
2018-09-03,7260.06005859375,7317.93994140625,7208.14990234375,7279.02978515625,4087760000,-0.17407731737240084,19497.400390625,-62.76395871685217,True,bear
2018-09-04,7361.66015625,7388.259765625,7255.43994140625,7263.0,4273640000,1.399438804035591,19497.400390625,-62.24286310604909,True,bear
2018-09-05,6792.830078125,7388.43017578125,6792.830078125,7361.4599609375,5800460000,-7.726926617796492,19497.400390625,-65.16032936682565,True,bear
2018-09-06,6529.169921875,6755.14013671875,6404.72021484375,6755.14013671875,5523470000,-3.881447838641905,19497.400390625,-66.51261300960695,True,bear
2018-09-07,6467.06982421875,6555.2900390625,6396.8701171875,6528.919921875,4264680000,-0.9511178051622271,19497.400390625,-66.83111750975617,True,bear
2018-09-08,6225.97998046875,6534.25,6197.52001953125,6460.169921875,3835060000,-3.727961044229555,19497.400390625,-68.06764052779872,True,bear
2018-09-09,6300.85986328125,6446.259765625,6201.22021484375,6223.3798828125,3671890000,1.2027003467310005,19497.400390625,-67.68358992970718,True,bear
2018-09-10,6329.7001953125,6374.97998046875,6292.759765625,6301.56982421875,3714100000,0.45772057555697465,19497.400390625,-67.53567107153408,True,bear
2018-09-11,6321.2001953125,6398.919921875,6260.2099609375,6331.8798828125,3849910000,-0.13428756082783933,19497.400390625,-67.57926662699124,True,bear
2018-09-12,6351.7998046875,6363.8701171875,6265.08984375,6317.009765625,4064230000,0.4840791057003857,19497.400390625,-67.42232463081767,True,bear
2018-09-13,6517.31005859375,6535.41015625,6354.240234375,6354.240234375,4210910000,2.6057221416850407,19497.400390625,-66.57344093047661,True,bear
2018-09-14,6512.7099609375,6596.10009765625,6456.169921875,6515.41015625,4076220000,-0.0705827652036306,19497.400390625,-66.5970343201803,True,bear
2018-09-15,6543.2001953125,6561.72021484375,6493.5498046875,6509.39990234375,3216300000,0.4681650888474609,19497.400390625,-66.4406532962277,True,bear
2018-09-16,6517.18017578125,6544.330078125,6460.10009765625,6536.68017578125,3273730000,-0.39766503781880624,19497.400390625,-66.57410708498898,True,bear
2018-09-17,6281.2001953125,6540.2099609375,6257.52001953125,6514.06005859375,3910780000,-3.6208908470212964,19497.400390625,-67.78442218208377,True,bear
2018-09-18,6371.2998046875,6384.18017578125,6265.7099609375,6280.91015625,4180090000,1.4344330155602991,19497.400390625,-67.32231129771007,True,bear
2018-09-19,6398.5400390625,6448.4599609375,6208.33984375,6371.85009765625,4431340000,0.4275459515334479,19497.400390625,-67.18259916260871,True,bear
2018-09-20,6519.669921875,6529.259765625,6395.9501953125,6398.85009765625,4348110000,1.8930862676956428,19497.400390625,-66.56133745394143,True,bear
2018-09-21,6734.9501953125,6794.330078125,6496.35986328125,6513.8701171875,6531940000,3.3020118505568075,19497.400390625,-65.45718885400287,True,bear
2018-09-22,6721.97998046875,6814.56005859375,6616.7998046875,6735.0498046875,4509660000,-0.19258070910126435,19497.400390625,-65.52371164465134,True,bear
2018-09-23,6710.6298828125,6766.14990234375,6679.419921875,6715.31982421875,4197500000,-0.1688505126350992,19497.400390625,-65.5819250342769,True,bear
2018-09-24,6595.41015625,6713.56005859375,6580.89990234375,6704.77001953125,4177310000,-1.7169733478761051,19497.400390625,-66.1728742082904,True,bear
2018-09-25,6446.47021484375,6603.64013671875,6381.85986328125,6603.64013671875,4726180000,-2.2582362260686772,19497.400390625,-66.9367706171566,True,bear
2018-09-26,6495.0,6585.91015625,6397.89013671875,6452.7900390625,4437300000,0.752811748738158,19497.400390625,-66.6878667418503,True,bear
2018-09-27,6676.75,6712.10009765625,6464.9501953125,6495.2900390625,4606810000,2.798306389530403,19497.400390625,-65.75569118839861,True,bear
2018-09-28,6644.1298828125,6785.02978515625,6598.31982421875,6678.75,5014430000,-0.4885628065675718,19497.400390625,-65.92299614461824,True,bear
2018-09-29,6601.9599609375,6643.10009765625,6511.64990234375,6643.10009765625,4363690000,-0.6346944237813346,19497.400390625,-66.13928098788008,True,bear
2018-09-30,6625.56005859375,6643.77978515625,6566.5400390625,6604.7099609375,4002280000,0.3574710812529469,19497.400390625,-66.01823870950744,True,bear
2018-10-01,6589.6201171875,6653.2998046875,6549.080078125,6619.85009765625,4000970000,-0.5424438249508223,19497.400390625,-66.20257067523725,True,bear
2018-10-02,6556.10009765625,6611.83984375,6537.89990234375,6593.240234375,3979260000,-0.5086790882500303,19497.400390625,-66.3744911305784,True,bear
2018-10-03,6502.58984375,6571.4599609375,6454.02978515625,6553.85986328125,3887310000,-0.8161903129785819,19497.400390625,-66.64893927666039,True,bear
2018-10-04,6576.68994140625,6603.31005859375,6497.91015625,6497.91015625,3838410000,1.1395474639611658,19497.400390625,-66.26888810998341,True,bear
2018-10-05,6622.47998046875,6623.6201171875,6557.41015625,6574.14990234375,3671500000,0.6962474963919218,19497.400390625,-66.03403608794402,True,bear
2018-10-06,6588.31005859375,6628.5400390625,6577.7998046875,6622.4501953125,3259740000,-0.5159686699812593,19497.400390625,-66.20928982018737,True,bear
2018-10-07,6602.9501953125,6641.490234375,6557.0400390625,6590.68017578125,3306630000,0.22221383918707982,19497.400390625,-66.13420218580822,True,bear
2018-10-08,6652.22998046875,6675.06005859375,6576.0400390625,6600.18994140625,3979460000,0.7463298025666587,19497.400390625,-65.88145164384395,True,bear
2018-10-09,6642.64013671875,6661.41015625,6606.93994140625,6653.080078125,3580810000,-0.14415983479458827,19497.400390625,-65.93063688678849,True,bear
2018-10-10,6585.52978515625,6640.2900390625,6538.9599609375,6640.2900390625,3787650000,-0.8597538085317824,19497.400390625,-66.22354953369684,True,bear
2018-10-11,6256.240234375,6586.740234375,6243.740234375,6586.740234375,5181640000,-5.000198336714945,19497.400390625,-67.91243904811428,True,bear
2018-10-12,6274.580078125,6328.5,6236.47021484375,6239.25,3783500000,0.2931448132255543,19497.400390625,-67.81837602749326,True,bear
2018-10-13,6285.990234375,6308.509765625,6259.81005859375,6278.080078125,3064030000,0.1818473285531752,19497.400390625,-67.75985460401421,True,bear
2018-10-14,6290.93017578125,6363.2099609375,6280.14990234375,6288.490234375,3085320000,0.07858652689651802,19497.400390625,-67.73451819348114,True,bear
2018-10-15,6596.5400390625,6965.06005859375,6258.68017578125,6292.64013671875,7370770000,4.857943972383971,19497.400390625,-66.16707916490068,True,bear
2018-10-16,6596.10986328125,6673.58984375,6571.3701171875,6601.41015625,4074800000,-0.006521233536105342,19497.400390625,-66.16928548868043,True,bear
2018-10-17,6544.43017578125,6601.2099609375,6517.4501953125,6590.52001953125,4088420000,-0.7834873671174969,19497.400390625,-66.4343448630822,True,bear
2018-10-18,6476.7099609375,6567.5400390625,6450.0400390625,6542.330078125,3924080000,-1.0347763368972918,19497.400390625,-66.78167431976358,True,bear
2018-10-19,6465.41015625,6493.68017578125,6445.31005859375,6478.06982421875,3578870000,-0.1744682833668909,19497.400390625,-66.83962976234112,True,bear
2018-10-20,6489.18994140625,6497.72021484375,6449.0,6460.919921875,3379130000,0.3678001021058641,19497.400390625,-66.71766588674832,True,bear
2018-10-21,6482.35009765625,6556.3798828125,6476.0,6490.08984375,3253610000,-0.10540366073054086,19497.400390625,-66.75274668528026,True,bear
2018-10-22,6487.16015625,6543.7998046875,6462.97998046875,6486.0498046875,3672860000,0.07420238835125215,19497.400390625,-66.72807642925956,True,bear
2018-10-23,6475.740234375,6506.009765625,6451.27001953125,6472.35986328125,3716150000,-0.17603884596555375,19497.400390625,-66.78664793954403,True,bear
2018-10-24,6495.83984375,6521.990234375,6468.85986328125,6478.89013671875,3424670000,0.31038319400622516,19497.400390625,-66.68355927658224,True,bear
2018-10-25,6476.2900390625,6504.64990234375,6447.02978515625,6484.64990234375,3230550000,-0.3009588468581126,19497.400390625,-66.78382805239761,True,bear
2018-10-26,6474.75,6498.2900390625,6449.60986328125,6468.43994140625,3306050000,-0.023779649354971344,19497.400390625,-66.79172674161589,True,bear
2018-10-27,6480.3798828125,6507.41015625,6453.52978515625,6480.83984375,3393250000,0.0869513542993916,19497.400390625,-66.7628516982783,True,bear
2018-10-28,6486.39013671875,6502.27978515625,6447.91015625,6482.66015625,3445190000,0.09274539479067201,19497.400390625,-66.7320257738687,True,bear
2018-10-29,6332.6298828125,6503.60009765625,6306.990234375,6492.35009765625,4199910000,-2.370505792364075,19497.400390625,-67.52064502990132,True,bear
2018-10-30,6334.27001953125,6364.990234375,6310.14013671875,6337.0400390625,3781100000,0.02589977227631657,19497.400390625,-67.51223295092726,True,bear
2018-10-31,6317.60986328125,6349.16015625,6316.8798828125,6336.990234375,4191240000,-0.2630161991615365,19497.400390625,-67.59768104101218,True,bear
2018-11-01,6377.77978515625,6547.14013671875,6311.830078125,6318.14013671875,3789400000,0.9524159164166601,19497.400390625,-67.28907619795868,True,bear
2018-11-02,6388.43994140625,6396.85986328125,6327.3798828125,6378.919921875,4234870000,0.16714525444749828,19497.400390625,-67.23440144113763,True,bear
2018-11-03,6361.259765625,6400.06982421875,6342.3701171875,6387.240234375,3658640000,-0.42545873531788514,19497.400390625,-67.3738055423855,True,bear
2018-11-04,6376.1298828125,6388.6298828125,6294.56982421875,6365.47021484375,4390020000,0.23376057157507013,19497.400390625,-67.2975383637382,True,bear
2018-11-05,6419.66015625,6480.58984375,6363.6201171875,6363.6201171875,4174800000,0.6827068180471185,19497.400390625,-67.0742764284782,True,bear
2018-11-06,6461.009765625,6463.5498046875,6408.16015625,6433.3798828125,4700040000,0.6441090083988854,19497.400390625,-66.8621988768735,True,bear
2018-11-07,6530.14013671875,6552.16015625,6468.31005859375,6468.5,4941260000,1.069962337180641,19497.400390625,-66.50763688548625,True,bear
2018-11-08,6453.72021484375,6536.919921875,6438.52978515625,6522.27001953125,4665260000,-1.1702646539741735,19497.400390625,-66.89958617279608,True,bear
2018-11-09,6385.6201171875,6456.4599609375,6373.3701171875,6442.60009765625,4346820000,-1.055206847976109,19497.400390625,-67.24886400620916,True,bear
2018-11-10,6409.22021484375,6437.27978515625,6385.31005859375,6386.1298828125,3705320000,0.3695819234960096,19497.400390625,-67.1278217278365,True,bear
2018-11-11,6411.27001953125,6423.25,6350.169921875,6413.6298828125,3939060000,0.03198212292272462,19497.400390625,-67.11730850737413,True,bear
2018-11-12,6371.27001953125,6434.2099609375,6360.47021484375,6411.759765625,4295770000,-0.6239013468180898,19497.400390625,-67.32246406246666,True,bear
2018-11-13,6359.490234375,6395.27001953125,6342.669921875,6373.18994140625,4503800000,-0.18488912132336166,19497.400390625,-67.38288127153169,True,bear
2018-11-14,5738.35009765625,6371.5498046875,5544.08984375,6351.240234375,7398940000,-9.767137204823372,19497.400390625,-70.56864001000133,True,bear
2018-11-15,5648.02978515625,5774.81982421875,5358.3798828125,5736.14990234375,7032140000,-1.5739770310788437,19497.400390625,-71.03188285617804,True,bear
2018-11-16,5575.5498046875,5657.02001953125,5498.93994140625,5645.31982421875,5279320000,-1.2832790057027754,19497.400390625,-71.4036246218321,True,bear
2018-11-17,5554.330078125,5578.580078125,5519.56005859375,5578.580078125,4303150000,-0.3805853647771196,19497.400390625,-71.51245824137813,True,bear
2018-11-18,5623.5400390625,5653.60986328125,5559.740234375,5559.740234375,4159680000,1.246054158899823,19497.400390625,-71.15748804252651,True,bear
2018-11-19,4871.490234375,5620.77978515625,4842.91015625,5620.77978515625,7039560000,-13.37324531280254,19497.400390625,-75.01466792097385,True,bear
2018-11-20,4451.8701171875,4951.60986328125,4272.10986328125,4863.93017578125,8428290000,-8.613793664749824,19497.400390625,-77.1668528727137,True,bear
2018-11-21,4602.169921875,4675.72998046875,4343.97998046875,4465.5400390625,6120120000,3.3761048892067214,19497.400390625,-76.39598187618962,True,bear
2018-11-22,4365.93994140625,4629.64013671875,4365.64013671875,4611.56982421875,4569370000,-5.133013002103715,19497.400390625,-77.60757919550373,True,bear
2018-11-23,4347.10986328125,4396.419921875,4195.68017578125,4360.7001953125,4871490000,-0.4312949417012546,19497.400390625,-77.70415657375797,True,bear
2018-11-24,3880.760009765625,4413.08984375,3795.159912109375,4347.68994140625,4679500000,-10.727813839138145,19497.400390625,-80.09601315039095,True,bear
2018-11-25,4009.969970703125,4120.8701171875,3585.06005859375,3880.780029296875,6825640000,3.329501453641903,19497.400390625,-79.43330961890052,True,bear
2018-11-26,3779.1298828125,4107.14013671875,3643.919921875,4015.070068359375,6476900000,-5.756653779882259,19497.400390625,-80.61726277812076,True,bear
2018-11-27,3820.719970703125,3862.9599609375,3661.010009765625,3765.949951171875,5998720000,1.100520203864308,19497.400390625,-80.40395183893206,True,bear
2018-11-28,4257.419921875,4385.89990234375,3822.469970703125,3822.469970703125,7280280000,11.429781677810569,19497.400390625,-78.16416631664337,True,bear
2018-11-29,4278.8466796875,4413.0205078125,4145.76513671875,4269.00439453125,6503347767,0.5032803483256965,19497.400390625,-78.05427085682196,True,bear
2018-11-30,4017.2685546875,4322.9765625,3942.822021484375,4289.0888671875,6048016717,-6.113285765572329,19497.400390625,-79.39587599268292,True,bear
2018-12-01,4214.671875,4309.37744140625,3969.710693359375,4024.46435546875,5375314093,4.913869153262418,19497.400390625,-78.38341629878742,True,bear
2018-12-02,4139.8779296875,4301.51953125,4110.978515625,4200.7333984375,5262697895,-1.7746089738599147,19497.400390625,-78.76702613299109,True,bear
2018-12-03,3894.130859375,4155.9794921875,3840.4462890625,4147.32373046875,5089570994,-5.936094601974173,19497.400390625,-80.02743554854919,True,bear
2018-12-04,3956.893798828125,4075.627685546875,3832.75,3886.294921875,5028069239,1.6117316474361765,19497.400390625,-79.70553140648057,True,bear
2018-12-05,3753.994873046875,3969.535888671875,3753.994873046875,3958.894775390625,5302481574,-5.127732410744523,19497.400390625,-80.74617745013883,True,bear
2018-12-06,3521.101806640625,3874.966064453125,3521.101806640625,3754.074462890625,5878333109,-6.203872788383058,19497.400390625,-81.94066010803324,True,bear
2018-12-07,3419.937255859375,3512.59033203125,3280.228759765625,3512.59033203125,6835615448,-2.873093603554966,19497.400390625,-82.45952184731358,True,bear
2018-12-08,3476.11474609375,3506.04345703125,3350.650634765625,3421.910400390625,5305024497,1.6426468099122626,19497.400390625,-82.17139374249511,True,bear
2018-12-09,3614.234375,3685.3056640625,3469.09423828125,3473.2275390625,4947372847,3.9733909549867663,19497.400390625,-81.4629935140592,True,bear
2018-12-10,3502.656005859375,3647.33251953125,3470.14453125,3612.04638671875,5020968740,-3.0871924054627797,19497.400390625,-82.03526657049332,True,bear
2018-12-11,3424.588134765625,3513.18505859375,3392.25,3497.5546875,4696765188,-2.228819243544189,19497.400390625,-82.43566800622159,True,bear
2018-12-12,3486.9501953125,3534.228515625,3413.4814453125,3421.458251953125,4139364829,1.8210090700773618,19497.400390625,-82.11581992751637,True,bear
2018-12-13,3313.67724609375,3489.739501953125,3298.132080078125,3487.87939453125,4343372456,-4.969183369802089,19497.400390625,-83.0045176295037,True,bear
2018-12-14,3242.48486328125,3329.555908203125,3206.542236328125,3311.751953125,4372763663,-2.1484404643338006,19497.400390625,-83.36965544986015,True,bear
2018-12-15,3236.76171875,3275.3779296875,3191.303466796875,3243.99755859375,3551763561,-0.176504895861207,19497.400390625,-83.39900882218973,True,bear
2018-12-16,3252.839111328125,3305.753173828125,3233.81982421875,3236.274658203125,3744248994,0.4967122690864523,19497.400390625,-83.3165496622196,True,bear
2018-12-17,3545.86474609375,3597.91796875,3253.123046875,3253.123046875,5409247918,9.008303968836117,19497.400390625,-81.81365374330252,True,bear
2018-12-18,3696.05908203125,3701.349365234375,3487.169189453125,3544.761474609375,5911325473,4.235760433416402,19497.400390625,-81.04332368427723,True,bear
2018-12-19,3745.95068359375,3949.322998046875,3687.22998046875,3706.824951171875,6810689119,1.3498594166162725,19497.400390625,-80.78743520395197,True,bear
2018-12-20,4134.44140625,4191.228515625,3728.974609375,3742.195068359375,8927129279,10.370951341077017,19497.400390625,-78.79490945758093,True,bear
2018-12-21,3896.543701171875,4198.4296875,3850.9462890625,4133.70361328125,7206015706,-5.754047081632285,19497.400390625,-80.01506035109448,True,bear
2018-12-22,4014.1826171875,4014.1826171875,3855.739013671875,3898.083740234375,5605823233,3.019058043163869,19497.400390625,-79.41170342320275,True,bear
2018-12-23,3998.980224609375,4085.7236328125,3976.40576171875,4020.99462890625,6151275490,-0.3787170148421448,19497.400390625,-79.48967480540526,True,bear
2018-12-24,4078.59912109375,4271.79248046875,4000.331787109375,4000.331787109375,7240968501,1.9909800002112288,19497.400390625,-79.08131833280258,True,bear
2018-12-25,3815.49072265625,4089.5615234375,3760.0205078125,4081.030517578125,6158207293,-6.450950206818629,19497.400390625,-80.43077207107639,True,bear
2018-12-26,3857.297607421875,3893.359619140625,3769.86376953125,3819.666748046875,5326547918,1.0957144913857908,19497.400390625,-80.21634920480685,True,bear
2018-12-27,3654.83349609375,3874.4169921875,3645.448486328125,3854.6884765625,5130222366,-5.248858966405945,19497.400390625,-81.25476513345279,True,bear
2018-12-28,3923.918701171875,3956.135986328125,3642.632080078125,3653.1318359375,5631554348,7.36244771111243,19497.400390625,-79.87465701807804,True,bear
2018-12-29,3820.40869140625,3963.7587890625,3820.40869140625,3932.49169921875,4991655917,-2.637924423222937,19497.400390625,-80.40554835585554,True,bear
2018-12-30,3865.95263671875,3901.908935546875,3797.21923828125,3822.384765625,4770578575,1.192122335365542,19497.400390625,-80.17195852131329,True,bear
2018-12-31,3742.700439453125,3868.742919921875,3725.867431640625,3866.839111328125,4661840806,-3.188145558095512,19497.400390625,-80.80410534497338,True,bear
2019-01-01,3843.52001953125,3850.913818359375,3707.231201171875,3746.71337890625,4324200990,2.693765683605087,19497.400390625,-80.28701292209529,True,bear
2019-01-02,3943.409423828125,3947.981201171875,3817.409423828125,3849.21630859375,5244856836,2.5989042281366226,19497.400390625,-79.7746912674356,True,bear
2019-01-03,3836.7412109375,3935.68505859375,3826.222900390625,3931.048583984375,4530215219,-2.704974336321264,19497.400390625,-80.3217806780932,True,bear
2019-01-04,3857.717529296875,3865.9345703125,3783.853759765625,3832.0400390625,4847965467,0.5467222626216461,19497.400390625,-80.21419547217282,True,bear
2019-01-05,3845.194580078125,3904.903076171875,3836.900146484375,3851.973876953125,5137609824,-0.3246206888826486,19497.400390625,-80.27842428713203,True,bear
2019-01-06,4076.632568359375,4093.29736328125,3826.51318359375,3836.51904296875,5597027440,6.018888861446059,19497.400390625,-79.09140456324857,True,bear
2019-01-07,4025.248291015625,4092.613525390625,4020.89404296875,4078.5849609375,5228625637,-1.260458883210791,19497.400390625,-79.3549488117857,True,bear
2019-01-08,4030.847900390625,4109.02099609375,3996.955322265625,4028.47216796875,5306593305,0.13911214837352137,19497.400390625,-79.32622903754498,True,bear
2019-01-09,4035.29638671875,4068.403564453125,4022.662841796875,4031.552001953125,5115905225,0.11036105648376537,19497.400390625,-79.30341324549576,True,bear
2019-01-10,3678.924560546875,4064.066650390625,3659.174560546875,4034.411376953125,6874143796,-8.831366819666354,19497.400390625,-81.13120474093651,True,bear
2019-01-11,3687.365478515625,3713.8818359375,3653.06982421875,3674.015380859375,5538712865,0.22943982214995717,19497.400390625,-81.08791221065228,True,bear
2019-01-12,3661.301025390625,3698.978271484375,3653.810791015625,3686.97314453125,4778170883,-0.7068584135981104,19497.400390625,-81.22159389437836,True,bear
2019-01-13,3552.953125,3674.760009765625,3544.92724609375,3658.8681640625,4681302466,-2.9592732102399433,19497.400390625,-81.77729823557208,True,bear
2019-01-14,3706.05224609375,3727.836181640625,3552.28515625,3557.31103515625,5651384490,4.309066731460187,19497.400390625,-80.9920698562679,True,bear
2019-01-15,3630.67529296875,3720.1533203125,3619.94921875,3704.21630859375,5537192302,-2.033888032864317,19497.400390625,-81.37866987275648,True,bear
2019-01-16,3655.0068359375,3685.777099609375,3624.67333984375,3631.509765625,5394457145,0.6701657682214313,19497.400390625,-81.25387609265618,True,bear
2019-01-17,3678.56396484375,3680.135986328125,3621.9609375,3651.87109375,5464420383,0.6445166852939055,19497.400390625,-81.13305419622748,True,bear
2019-01-18,3657.83935546875,3682.52001953125,3637.080810546875,3677.990478515625,5002961727,-0.5633885824214646,19497.400390625,-81.23934841473758,True,bear
2019-01-19,3728.568359375,3758.533447265625,3652.3779296875,3652.3779296875,5955691380,1.9336279435154813,19497.400390625,-80.87658721329937,True,bear
2019-01-20,3601.013671875,3743.387939453125,3583.01953125,3725.446044921875,5582489560,-3.4210097604695955,19497.400390625,-81.53080103126729,True,bear
2019-01-21,3576.032470703125,3608.8408203125,3558.537109375,3600.372802734375,5004347059,-0.6937269182559769,19497.400390625,-81.65892683609964,True,bear
2019-01-22,3604.5771484375,3620.74658203125,3539.721435546875,3575.081298828125,5313623556,0.7982219951364833,19497.400390625,-81.51252435596132,True,bear
2019-01-23,3585.123046875,3623.06787109375,3565.31396484375,3605.55712890625,5433755649,-0.5397055122244532,19497.400390625,-81.61230228108334,True,bear
2019-01-24,3600.865478515625,3616.08740234375,3569.0927734375,3584.500244140625,5262869046,0.43910436084884097,19497.400390625,-81.53156109853987,True,bear
2019-01-25,3599.765869140625,3612.927734375,3575.597412109375,3607.390380859375,5265847539,-0.03053736335224544,19497.400390625,-81.5372008728327,True,bear
2019-01-26,3602.46044921875,3654.93310546875,3593.345947265625,3599.71533203125,5098183235,0.07485431486600191,19497.400390625,-81.52338067104098,True,bear
2019-01-27,3583.9658203125,3612.67138671875,3567.245849609375,3604.687255859375,5570752966,-0.5133888120898322,19497.400390625,-81.61823756752828,True,bear
2019-01-28,3470.450439453125,3586.7509765625,3439.23291015625,3584.283203125,6908930483,-3.167312037855241,19497.400390625,-82.20044534182192,True,bear
2019-01-29,3448.116943359375,3476.0654296875,3400.81982421875,3468.8701171875,5897159493,-0.6435330653293936,19497.400390625,-82.31499136152867,True,bear
2019-01-30,3486.181640625,3495.1748046875,3429.387939453125,3443.89697265625,5955112627,1.103927096757329,19497.400390625,-82.1197617591047,True,bear
2019-01-31,3457.792724609375,3504.804931640625,3447.915771484375,3485.4091796875,5831198271,-0.8143269325041613,19497.400390625,-82.26536535469621,True,bear
2019-02-01,3487.9453125,3501.9541015625,3431.591552734375,3460.547119140625,5422926707,0.8720183739189036,19497.400390625,-82.11071608204179,True,bear
2019-02-02,3521.060791015625,3523.287353515625,3467.57470703125,3484.6259765625,5071623601,0.9494265405179059,19497.400390625,-81.94087047261608,True,bear
2019-02-03,3464.013427734375,3521.38818359375,3447.92431640625,3516.1396484375,5043937584,-1.620175471744556,19497.400390625,-82.23346005962935,True,bear
2019-02-04,3459.154052734375,3476.223876953125,3442.5869140625,3467.211669921875,5332718886,-0.14028164443861124,19497.400390625,-82.25838325401755,True,bear
2019-02-05,3466.357421875,3478.148193359375,3451.93701171875,3454.950927734375,5227549545,0.20824077305636735,19497.400390625,-82.221437974153,True,bear
2019-02-06,3413.767822265625,3469.091796875,3398.5654296875,3469.091796875,5482196038,-1.5171430181290635,19497.400390625,-82.49116418665189,True,bear
2019-02-07,3399.4716796875,3427.945556640625,3394.218505859375,3414.929443359375,5004962683,-0.41877899501193694,19497.400390625,-82.56448751330932,True,bear
2019-02-08,3666.7802734375,3695.614013671875,3391.023681640625,3401.37646484375,7735623101,7.863239318839477,19497.400390625,-81.19349144001468,True,bear
2019-02-09,3671.20361328125,3679.94140625,3646.559326171875,3671.5859375,6158833645,0.12063280354683847,19497.400390625,-81.1708046214895,True,bear
2019-02-10,3690.188232421875,3695.0361328125,3640.97998046875,3673.201416015625,6282256903,0.5171224791767015,19497.400390625,-81.07343461953911,True,bear
2019-02-11,3648.4306640625,3695.613037109375,3642.287841796875,3695.613037109375,6277056434,-1.1315836951756086,19497.400390625,-81.28760454744118,True,bear
2019-02-12,3653.528564453125,3668.5869140625,3618.556884765625,3642.751953125,6480384532,0.13972858086190865,19497.400390625,-81.26145798283004,True,bear
2019-02-13,3632.070556640625,3669.74658203125,3617.246337890625,3653.60400390625,6438903823,-0.5873228423961097,19497.400390625,-81.37151372042888,True,bear
2019-02-14,3616.880859375,3646.256591796875,3607.69775390625,3631.170166015625,6271044418,-0.41821041273146786,19497.400390625,-81.4494199897843,True,bear
2019-02-15,3620.810791015625,3647.795166015625,3608.20654296875,3617.368408203125,6091952231,0.10865526937218206,19497.400390625,-81.42926380710409,True,bear
2019-02-16,3629.78759765625,3652.84130859375,3615.270263671875,3615.270263671875,5934744052,0.24792255543701902,19497.400390625,-81.3832227633712,True,bear
2019-02-17,3673.836181640625,3680.537353515625,3619.18212890625,3633.359375,7039512503,1.213530621263259,19497.400390625,-81.15730247091234,True,bear
2019-02-18,3915.71435546875,3936.6650390625,3669.982421875,3671.369873046875,9908216640,6.583804009467542,19497.400390625,-79.91673619550042,True,bear
2019-02-19,3947.094482421875,4010.87939453125,3908.153076171875,3911.66162109375,9933626655,0.8013895832135631,19497.400390625,-79.75579101140187,True,bear
2019-02-20,3999.820556640625,4000.486328125,3926.246826171875,3946.68505859375,8693373948,1.3358199164869689,19497.400390625,-79.48536483579693,True,bear
2019-02-21,3954.1181640625,4010.009521484375,3940.108154296875,4000.2568359375,7775128102,-1.1426110729454764,19497.400390625,-79.71976732875747,True,bear
2019-02-22,4005.526611328125,4006.538330078125,3950.81640625,3952.406494140625,7826525254,1.300124202985553,19497.400390625,-79.45609911537686,True,bear
2019-02-23,4142.52685546875,4166.2861328125,3968.726806640625,3998.916259765625,8922258316,3.420280463327119,19497.400390625,-78.75344008701481,True,bear
2019-02-24,3810.427490234375,4210.6416015625,3793.708984375,4145.4580078125,10794227451,-8.016830712779921,19497.400390625,-80.45674082752818,True,bear
2019-02-25,3882.6962890625,3913.707275390625,3807.00244140625,3807.00244140625,9318796067,1.8966060635805304,19497.400390625,-80.08608218904183,True,bear
2019-02-26,3854.35791015625,3891.578857421875,3837.986328125,3878.697265625,7931218996,-0.7298633937987575,19497.400390625,-80.23142658541518,True,bear
2019-02-27,3851.04736328125,3888.802490234375,3787.058837890625,3857.479736328125,8301309684,-0.08589100836423613,19497.400390625,-80.2484060124602,True,bear
2019-02-28,3854.785400390625,3906.058349609375,3845.8212890625,3848.261962890625,8399767798,0.09706546704713048,19497.400390625,-80.22923403550693,True,bear
2019-03-01,3859.583740234375,3907.79541015625,3851.6923828125,3853.757080078125,7661247975,0.12447748305945971,19497.400390625,-80.20462388365276,True,bear
2019-03-02,3864.4150390625,3874.607421875,3832.1279296875,3855.318115234375,7578786076,0.12517668104363722,19497.400390625,-80.17984468883022,True,bear
2019-03-03,3847.17578125,3875.483642578125,3836.90576171875,3862.26611328125,7253558152,-0.44610264783262465,19497.400390625,-80.26826292647789,True,bear
2019-03-04,3761.55712890625,3867.3818359375,3733.749755859375,3845.091552734375,9029175788,-2.2254936403225956,19497.400390625,-80.7073914801743,True,bear
2019-03-05,3896.375,3903.916748046875,3745.18310546875,3759.83251953125,10174126415,3.5840973956695166,19497.400390625,-80.0159256006585,True,bear
2019-03-06,3903.942626953125,3919.510498046875,3871.460693359375,3897.0810546875,9175291529,0.19422224383240927,19497.400390625,-79.97711208295097,True,bear
2019-03-07,3911.484375,3939.373291015625,3894.113037109375,3903.384765625,9584165519,0.19318286070102442,19497.400390625,-79.93843129527785,True,bear
2019-03-08,3901.131591796875,3950.43212890625,3875.228515625,3913.225830078125,10638638944,-0.26467658337827604,19497.400390625,-79.9915295698976,True,bear
2019-03-09,3963.313720703125,3987.23779296875,3892.390380859375,3894.552490234375,10796103518,1.5939510740166751,19497.400390625,-79.67260434058267,True,bear
2019-03-10,3951.599853515625,3966.17431640625,3924.381103515625,3966.17431640625,9713267607,-0.29555740506511663,19497.400390625,-79.73268346371097,True,bear
2019-03-11,3905.227294921875,3966.384765625,3889.239013671875,3953.740234375,10125901903,-1.173513521428382,19497.400390625,-79.97052316369499,True,bear
2019-03-12,3909.15625,3926.88916015625,3863.55908203125,3903.75830078125,9809887079,0.10060759032475275,19497.400390625,-79.95037198969534,True,bear
2019-03-13,3906.71728515625,3926.59765625,3891.904296875,3913.04736328125,9469184841,-0.06239108103570645,19497.400390625,-79.9628811693546,True,bear
2019-03-14,3924.369140625,3946.50439453125,3901.296875,3905.576904296875,10480789570,0.4518334494236109,19497.400390625,-79.872346764177,True,bear
2019-03-15,3960.9111328125,3968.54296875,3914.015380859375,3926.663330078125,9394210605,0.9311558336655423,19497.400390625,-79.68492694689165,True,bear
2019-03-16,4048.725830078125,4077.036376953125,3961.657470703125,3963.900146484375,9856166973,2.217032756381765,19497.400390625,-79.23453512282136,True,bear
2019-03-17,4025.22900390625,4054.1220703125,4006.4111328125,4047.719482421875,8221625400,-0.5803511316403887,19497.400390625,-79.35504773322646,True,bear
2019-03-18,4032.50732421875,4071.556640625,4009.1171875,4029.968505859375,9646954186,0.18081754616785517,19497.400390625,-79.31771803713015,True,bear
2019-03-19,4071.190185546875,4082.216064453125,4023.8125,4032.69189453125,9344919956,0.9592756619634768,19497.400390625,-79.11931793992169,True,bear
2019-03-20,4087.476318359375,4089.4619140625,4031.11083984375,4070.7939453125,10175916388,0.40003370194585663,19497.400390625,-79.0357881744852,True,bear
2019-03-21,4029.326904296875,4097.35986328125,4005.1513671875,4083.953857421875,10831212662,-1.4226238767748978,19497.400390625,-79.33403005749264,True,bear
2019-03-22,4023.96826171875,4053.90673828125,4021.54248046875,4028.5146484375,9252935969,-0.13299101079167208,19497.400390625,-79.36151393980909,True,bear
2019-03-23,4035.826416015625,4049.882568359375,4015.964599609375,4022.71337890625,9578850549,0.2946880672416219,19497.400390625,-79.30069478413037,True,bear
2019-03-24,4022.168212890625,4040.69970703125,4006.19287109375,4035.16357421875,9144851065,-0.33842394882989124,19497.400390625,-79.37074619022228,True,bear
2019-03-25,3963.070556640625,4038.8408203125,3934.03125,4024.11279296875,10359818883,-1.4692984758966188,19497.400390625,-79.67385150203819,True,bear
2019-03-26,3985.080810546875,3985.080810546875,3944.753173828125,3969.228759765625,10707678815,0.555383851780511,19497.400390625,-79.56096335559157,True,bear
2019-03-27,4087.066162109375,4087.066162109375,3977.810546875,3984.244873046875,10897131934,2.5591790081793686,19497.400390625,-79.03789182031379,True,bear
2019-03-28,4069.107177734375,4094.902099609375,4040.266357421875,4087.58447265625,9353915899,-0.43941017009940797,19497.400390625,-79.13000145552257,True,bear
2019-03-29,4098.37451171875,4113.5009765625,4034.09716796875,4068.2998046875,10918665557,0.7192568960710188,19497.400390625,-78.97989255178149,True,bear
2019-03-30,4106.66015625,4296.806640625,4053.90966796875,4092.13623046875,9732688060,0.20216904305738748,19497.400390625,-78.9373964017038,True,bear
2019-03-31,4105.404296875,4113.0234375,4094.100830078125,4105.4560546875,9045122443,-0.03058103975535076,19497.400390625,-78.9438375648837,True,bear
2019-04-01,4158.18310546875,4164.953125,4096.9013671875,4105.3623046875,10157794171,1.285593446519373,19497.400390625,-78.67314092052938,True,bear
2019-04-02,4879.8779296875,4905.95458984375,4155.31689453125,4156.91943359375,21315047816,17.35601357404375,19497.400390625,-74.97164836377927,True,bear
2019-04-03,4973.02197265625,5307.00341796875,4876.62109375,4879.9580078125,22899891582,1.9087371510277729,19497.400390625,-74.49392291780885,True,bear
2019-04-04,4922.798828125,5063.15966796875,4836.7939453125,4971.3076171875,18251810240,-1.0099119772122078,19497.400390625,-74.75151184517887,True,bear
2019-04-05,5036.68115234375,5053.509765625,4919.49169921875,4922.80615234375,16837325387,2.3133653881632465,19497.400390625,-74.16742205917075,True,bear
2019-04-06,5059.8173828125,5205.82177734375,4992.22216796875,5036.79296875,16929795194,0.4593546775932822,19497.400390625,-74.04875890405663,True,bear
2019-04-07,5198.89697265625,5235.1865234375,5050.412109375,5062.7939453125,16655416140,2.7487076967675605,19497.400390625,-73.33543514264572,True,bear
2019-04-08,5289.77099609375,5318.83642578125,5148.2119140625,5199.83544921875,17154113634,1.7479481496835758,19497.400390625,-72.86935237460041,True,bear
2019-04-09,5204.95849609375,5289.91796875,5167.4189453125,5289.91796875,14722104361,-1.6033302776742198,19497.400390625,-73.30434626250755,True,bear
2019-04-10,5324.5517578125,5421.6513671875,5193.38232421875,5204.10546875,15504590933,2.297679449480783,19497.400390625,-72.69096571267664,True,bear
2019-04-11,5064.48779296875,5354.2255859375,5017.29638671875,5325.08154296875,16555616019,-4.884241466188555,19497.400390625,-74.02480488935375,True,bear
2019-04-12,5089.5390625,5103.2744140625,4955.8525390625,5061.20068359375,13675206312,0.4946456691243162,19497.400390625,-73.89631971169233,True,bear
2019-04-13,5096.58642578125,5127.1220703125,5061.58935546875,5088.85009765625,10823289598,0.13846761356397508,19497.400390625,-73.86017456854475,True,bear
2019-04-14,5167.72216796875,5184.01611328125,5053.568359375,5095.7587890625,10391952498,1.3957526910101548,19497.400390625,-73.49532725165986,True,bear
2019-04-15,5067.1083984375,5196.60693359375,5024.0693359375,5167.32177734375,12290155061,-1.9469655345422332,19497.400390625,-74.01136409511324,True,bear
2019-04-16,5235.5595703125,5238.9453125,5055.19482421875,5066.57763671875,11618660197,3.3244043472001383,19497.400390625,-73.14739675331316,True,bear
2019-04-17,5251.93798828125,5274.275390625,5219.20556640625,5236.13525390625,12438480677,0.3128303240330199,19497.400390625,-73.06339366756525,True,bear
2019-04-18,5298.3857421875,5319.986328125,5250.5068359375,5251.48046875,13256489918,0.8843926567657423,19497.400390625,-72.82516829917931,True,bear
2019-04-19,5303.8125,5336.68017578125,5233.3349609375,5298.154296875,13780238655,0.10242285247921146,19497.400390625,-72.7973350613949,True,bear
2019-04-20,5337.88623046875,5358.49072265625,5295.8779296875,5304.16064453125,13169647522,0.642438443454596,19497.400390625,-72.62257468418515,True,bear
2019-04-21,5314.53125,5359.9248046875,5257.33935546875,5335.87890625,13731844223,-0.43753237630730357,19497.400390625,-72.7423597837412,True,bear
2019-04-22,5399.365234375,5422.6875,5280.27685546875,5312.49462890625,14601631648,1.5962646635110156,19497.400390625,-72.3072557048621,True,bear
2019-04-23,5572.3623046875,5633.80224609375,5389.40869140625,5399.36572265625,15867308108,3.2040260809014454,19497.400390625,-71.41997295512854,True,bear
2019-04-24,5464.86669921875,5642.04443359375,5418.26318359375,5571.50830078125,17048033399,-1.9290850018550354,19497.400390625,-71.97130597037726,True,bear
2019-04-25,5210.515625,5542.23828125,5181.3388671875,5466.5244140625,15330283408,-4.654296037177108,19497.400390625,-73.27584436587048,True,bear
2019-04-26,5279.34814453125,5383.63427734375,5177.36865234375,5210.3046875,16812108040,1.3210308630683842,19497.400390625,-72.9228100220492,True,bear
2019-04-27,5268.291015625,5310.75,5233.6357421875,5279.47119140625,13111274675,-0.209441177273062,19497.400390625,-72.9795208075115,True,bear
2019-04-28,5285.13916015625,5326.23193359375,5255.68359375,5271.74658203125,12819992056,0.31980284462800324,19497.400390625,-72.8931085464218,True,bear
2019-04-29,5247.3525390625,5311.27490234375,5216.48779296875,5284.8583984375,13735490672,-0.7149598137096702,19497.400390625,-73.08691192706078,True,bear
2019-04-30,5350.7265625,5363.25732421875,5224.18994140625,5247.72607421875,13878964574,1.9700224573813152,19497.400390625,-72.55671804804908,True,bear
2019-05-01,5402.697265625,5418.00390625,5347.64599609375,5350.91455078125,13679528236,0.9712831055362026,19497.400390625,-72.2901660868451,True,bear
2019-05-02,5505.28369140625,5522.2626953125,5394.21728515625,5402.4228515625,14644460907,1.8988001869725712,19497.400390625,-71.76401170869234,True,bear
2019-05-03,5768.28955078125,5865.8818359375,5490.20166015625,5505.55224609375,18720780006,4.7773352676729886,19497.400390625,-70.41508388187567,True,bear
2019-05-04,5831.16748046875,5886.8935546875,5645.46923828125,5769.20263671875,17567780766,1.0900619522295596,19497.400390625,-70.09258996767298,True,bear
2019-05-05,5795.70849609375,5833.86279296875,5708.03515625,5831.068359375,14808830723,-0.6080940822531411,19497.400390625,-70.27445515823474,True,bear
2019-05-06,5746.80712890625,5802.95751953125,5653.6875,5791.693359375,15737171804,-0.8437513242851802,19497.400390625,-70.5252648364881,True,bear
2019-05-07,5829.50146484375,5988.17822265625,5741.39599609375,5745.59912109375,18026409033,1.4389613933892154,19497.400390625,-70.10113477668148,True,bear
2019-05-08,5982.45751953125,5989.98095703125,5794.7158203125,5849.4814453125,15320605300,2.6238273651690402,19497.400390625,-69.31664016907703,True,bear
2019-05-09,6174.52880859375,6183.0390625,5982.31640625,5982.31640625,16784645411,3.2105750594205507,19497.400390625,-68.33152787095315,True,bear
2019-05-10,6378.84912109375,6434.61767578125,6161.51904296875,6175.82275390625,19419875368,3.309083475578345,19497.400390625,-67.28359169276273,True,bear
2019-05-11,7204.771484375,7333.0029296875,6375.69873046875,6379.6669921875,28867562329,12.947827227172803,19497.400390625,-63.04752767020523,True,bear
2019-05-12,6972.37158203125,7503.8720703125,6815.77099609375,7203.50732421875,27773333680,-3.2256387707473633,19497.400390625,-64.23948094442477,True,bear
2019-05-13,7814.9150390625,8047.4130859375,6898.2822265625,6971.17822265625,28677672181,12.084029761159009,19497.400390625,-59.91816917900413,True,bear
2019-05-14,7994.416015625,8268.712890625,7696.39111328125,7807.88427734375,32031452227,2.296902470023965,19497.400390625,-58.99752861684586,True,bear
2019-05-15,8205.16796875,8216.423828125,7899.10693359375,7989.37451171875,28344112920,2.6362395040874453,19497.400390625,-57.91660526859099,True,bear
2019-05-16,7884.9091796875,8320.82421875,7729.6083984375,8194.5009765625,33167197581,-3.903135076359554,19497.400390625,-59.559177009675466,True,bear
2019-05-17,7343.8955078125,7929.1455078125,7038.12451171875,7886.92578125,30066644905,-6.8613811465161545,19497.400390625,-62.33397601382957,True,bear
2019-05-18,7271.2080078125,7447.27197265625,7251.50439453125,7341.66455078125,21354286562,-0.9897676229553398,19497.400390625,-62.70678212409928,True,bear
2019-05-19,8197.689453125,8261.94140625,7267.962890625,7267.962890625,25902422040,12.741781617539317,19497.400390625,-57.954961744198876,True,bear
2019-05-20,7978.30908203125,8200.9677734375,7678.78173828125,8196.923828125,23843404340,-2.6761244415049346,19497.400390625,-59.08013928940245,True,bear
2019-05-21,7963.32763671875,8062.16796875,7843.33984375,7977.96923828125,25127245056,-0.18777719888342093,19497.400390625,-59.15697745763182,True,bear
2019-05-22,7680.06640625,7997.6123046875,7615.9873046875,7956.2919921875,24719473175,-3.5570711565682367,19497.400390625,-60.609792831957066,True,bear
2019-05-23,7881.8466796875,7943.79150390625,7533.19677734375,7677.26904296875,24457107820,2.627324592835456,19497.400390625,-59.574884231862235,True,bear
2019-05-24,7987.37158203125,8140.7197265625,7824.44873046875,7881.6953125,25919126991,1.3388347506898546,19497.400390625,-59.03365873395181,True,bear
2019-05-25,8052.5439453125,8117.92578125,7965.97607421875,7991.88525390625,22256813107,0.8159425489589589,19497.400390625,-58.69939692481039,True,bear
2019-05-26,8673.2158203125,8687.5205078125,7924.67041015625,8055.2060546875,26677970091,7.7077738316635,19497.400390625,-55.51603984866171,True,bear
2019-05-27,8805.7783203125,8907.1748046875,8668.705078125,8674.072265625,27949839564,1.5284123299404317,19497.400390625,-54.83614151686287,True,bear
2019-05-28,8719.9619140625,8807.0166015625,8634.7216796875,8802.7578125,24226919267,-0.974546520800379,19497.400390625,-55.2762843283695,True,bear
2019-05-29,8659.4873046875,8755.8525390625,8482.728515625,8718.591796875,23473479966,-0.6935191916087824,19497.400390625,-55.586451879752794,True,bear
2019-05-30,8319.47265625,9008.314453125,8221.2734375,8661.7607421875,29246528551,-3.9264986075266295,19497.400390625,-57.33034922824747,True,bear
2019-05-31,8574.501953125,8586.6591796875,8172.55078125,8320.2861328125,25365190957,3.0654502684543283,19497.400390625,-56.02233230411626,True,bear
2019-06-01,8564.0166015625,8625.6005859375,8481.578125,8573.83984375,22488303544,-0.1222852548150466,19497.400390625,-56.07611050711989,True,bear
2019-06-02,8742.9580078125,8809.3037109375,8561.2353515625,8565.4736328125,20266216022,2.0894565549692157,19497.400390625,-55.15833991891347,True,bear
2019-06-03,8208.9951171875,8743.5,8204.185546875,8741.7470703125,22004511436,-6.107348224112064,19497.400390625,-57.89697624953807,True,bear
2019-06-04,7707.77099609375,8210.9853515625,7564.48876953125,8210.9853515625,24609731549,-6.105791439007158,19497.400390625,-60.46769906925693,True,bear
2019-06-05,7824.2314453125,7901.84912109375,7668.66845703125,7704.34326171875,21760923463,1.5109484866347334,19497.400390625,-59.870386366611974,True,bear
2019-06-06,7822.0234375,7937.3408203125,7571.47119140625,7819.63330078125,19474611077,-0.028220123956368415,19497.400390625,-59.881710993322535,True,bear
2019-06-07,8043.951171875,8126.1533203125,7788.37353515625,7826.9013671875,19141423231,2.837216433167966,19497.400390625,-58.743468304919254,True,bear
2019-06-08,7954.1279296875,8076.89111328125,7837.61083984375,8036.77490234375,16522722810,-1.1166557363197271,19497.400390625,-59.204161732698935,True,bear
2019-06-09,7688.0771484375,7975.97412109375,7583.2197265625,7949.6748046875,16610726547,-3.3448139582594405,19497.400390625,-60.56870662545257,True,bear
2019-06-10,8000.32958984375,8031.90966796875,7586.73095703125,7692.28466796875,18689275117,4.061515452790565,19497.400390625,-58.96719855181014,True,bear
2019-06-11,7927.71435546875,8026.39404296875,7772.8037109375,8004.24365234375,17107279932,-0.9076530355347279,19497.400390625,-59.339634019719576,True,bear
2019-06-12,8145.857421875,8196.6484375,7862.35986328125,7925.43408203125,19034432883,2.7516514423324256,19497.400390625,-58.220802472765556,True,bear
2019-06-13,8230.923828125,8311.5673828125,8087.06103515625,8145.54541015625,18669407147,1.0442903901259237,19497.400390625,-57.784506327916915,True,bear
2019-06-14,8693.8330078125,8710.63671875,8183.39306640625,8230.8984375,19831162906,5.624024585256682,19497.400390625,-55.41029658501149,True,bear
2019-06-15,8838.375,8859.1279296875,8618.3955078125,8689.74609375,18371033226,1.662580728863916,19497.400390625,-54.668956768976315,True,bear
2019-06-16,8994.48828125,9335.8671875,8814.556640625,8841.4404296875,23348550311,1.7663120341691707,19497.400390625,-53.8682690971723,True,bear
2019-06-17,9320.3525390625,9416.4072265625,8988.923828125,8988.923828125,15562951919,3.622932707487103,19497.400390625,-52.196947529763825,True,bear
2019-06-18,9081.7626953125,9348.3740234375,9004.9013671875,9335.466796875,15848210536,-2.5598800340442818,19497.400390625,-53.420648325613115,True,bear
2019-06-19,9273.521484375,9299.62109375,9070.3955078125,9078.7275390625,15546809946,2.1114710381221036,19497.400390625,-52.437138805263395,True,bear
2019-06-20,9527.16015625,9594.419921875,9232.484375,9273.060546875,17846823784,2.7350847496536934,19497.400390625,-51.13625424222721,True,bear
2019-06-21,10144.556640625,10144.556640625,9525.07421875,9525.07421875,20624008643,6.480383180815696,19497.400390625,-47.96969628062395,True,bear
2019-06-22,10701.69140625,11157.345703125,10107.03515625,10175.923828125,29995204861,5.49195775982847,19497.400390625,-45.11221397804535,True,bear
2019-06-23,10855.37109375,11246.14453125,10556.095703125,10696.69140625,20998326502,1.4360317604584338,19497.400390625,-44.324007938157614,True,bear
2019-06-24,11011.1025390625,11065.896484375,10610.427734375,10853.744140625,19271652365,1.4346026862422256,19497.400390625,-43.52527866044642,True,bear
2019-06-25,11790.9169921875,11790.9169921875,11007.2021484375,11007.2021484375,24879684533,7.082074209722089,19497.400390625,-39.52569698544548,True,bear
2019-06-26,13016.2314453125,13796.4892578125,11755.59765625,11778.5810546875,45105733173,10.392020009443502,19497.400390625,-33.241195315601466,True,bear
2019-06-27,11182.806640625,13311.14453125,10491.8525390625,13017.125,39977475223,-14.085680731712602,19497.400390625,-42.64462740375345,True,bear
2019-06-28,12407.33203125,12445.1748046875,10914.4951171875,11162.16796875,35087757766,10.950072106017949,19497.400390625,-36.36417274778919,True,bear
2019-06-29,11959.37109375,12400.91015625,11508.37890625,12400.763671875,29923961128,-3.6104533704081843,19497.400390625,-38.66171461760377,True,bear
2019-06-30,10817.1552734375,12178.3837890625,10799.0087890625,11931.9912109375,27256473494,-9.550801721584046,19497.400390625,-44.5200126338958,True,bear
2019-07-01,10583.134765625,11206.439453125,10089.314453125,10796.9306640625,29378589324,-2.163420066523025,19497.400390625,-45.72027781347854,True,bear
2019-07-02,10801.677734375,10912.1884765625,9737.884765625,10588.68359375,31015895223,2.0650116774459715,19497.400390625,-44.59939521184164,True,bear
2019-07-03,11961.26953125,11968.078125,10818.15625,10818.15625,30796494294,10.73529339969792,19497.400390625,-38.651977742625746,True,bear
2019-07-04,11215.4375,12006.0751953125,11166.5693359375,11972.71875,25920294033,-6.2353918980041385,19497.400390625,-42.47726735204783,True,bear
2019-07-05,10978.4599609375,11395.6611328125,10874.96484375,11203.1025390625,23838480210,-2.112958491922401,19497.400390625,-43.69269881631857,True,bear
2019-07-06,11208.55078125,11620.96484375,10982.5439453125,10982.5439453125,21092024306,2.095838770931313,19497.400390625,-42.51258856724589,True,bear
2019-07-07,11450.8466796875,11541.6201171875,11148.8046875,11217.6162109375,19369044277,2.161705854451945,19497.400390625,-41.26987982873117,True,bear
2019-07-08,12285.9580078125,12345.8330078125,11393.3740234375,11446.5966796875,23482551458,7.293009429655473,19497.400390625,-36.986686626592544,True,bear
2019-07-09,12573.8125,12779.1318359375,12233.26171875,12284.326171875,28167921523,2.3429552014133215,19497.400390625,-35.51031292332741,True,bear
2019-07-10,12156.5126953125,13129.529296875,11710.978515625,12571.537109375,33627574244,-3.318800918078746,19497.400390625,-37.650597250094144,True,bear
2019-07-11,11358.662109375,12144.623046875,11158.9228515625,12139.7138671875,28595327690,-6.5631534794114765,19497.400390625,-41.742684246066865,True,bear
2019-07-12,11815.986328125,11905.4873046875,11179.14453125,11354.2998046875,23534692797,4.026215537942113,19497.400390625,-39.397119147194005,True,bear
2019-07-13,11392.37890625,11841.95703125,10908.4794921875,11813.126953125,21042616384,-3.585036493032401,19497.400390625,-41.56975454159604,True,bear
2019-07-14,10256.05859375,11451.2041015625,10234.576171875,11381.0205078125,22486000001,-9.974390088768914,19497.400390625,-47.39781515344244,True,bear
2019-07-15,10895.08984375,11052.7666015625,9992.0068359375,10257.8388671875,25384047207,6.230768322534974,19497.400390625,-44.12029488306184,True,bear
2019-07-16,9477.6416015625,10996.6328125,9448.1064453125,10896.6533203125,24151199070,-13.009972955850602,19497.400390625,-51.39022940658455,True,bear
2019-07-17,9693.802734375,9963.134765625,9163.134765625,9471.2138671875,24569921549,2.2807481217359316,19497.400390625,-50.281562976795094,True,bear
2019-07-18,10666.482421875,10736.8427734375,9376.798828125,9698.5029296875,25187024648,10.034036323545138,19497.400390625,-45.29279694638778,True,bear
2019-07-19,10530.732421875,10716.98046875,10229.62890625,10653.9560546875,20727426310,-1.2726782329064878,19497.400390625,-45.98904361148306,True,bear
2019-07-20,10767.1396484375,11048.662109375,10451.2763671875,10525.8193359375,20206615155,2.244926725812757,19497.400390625,-44.77653721665018,True,bear
2019-07-21,10599.10546875,10841.8876953125,10389.599609375,10777.529296875,17130580467,-1.5606204170657723,19497.400390625,-45.638365851857856,True,bear
2019-07-22,10343.1064453125,10651.791015625,10154.921875,10596.9482421875,16334414913,-2.4152889523769483,19497.400390625,-46.95135639576951,True,bear
2019-07-23,9900.767578125,10346.748046875,9883.5947265625,10346.748046875,17851916995,-4.276653919461193,19497.400390625,-49.22006329169083,True,bear
2019-07-24,9811.92578125,9908.796875,9614.306640625,9887.73046875,17398734322,-0.8973223154060239,19497.400390625,-49.67572299552354,True,bear
2019-07-25,9911.841796875,10154.25390625,9773.95703125,9809.0966796875,15821952090,1.018311979244002,19497.400390625,-49.163264854319024,True,bear
2019-07-26,9870.3037109375,9916.517578125,9717.982421875,9913.126953125,14495714483,-0.41907535237897253,19497.400390625,-49.376309081268744,True,bear
2019-07-27,9477.677734375,10167.3203125,9411.521484375,9871.1650390625,16817809536,-3.9778510171619375,19497.400390625,-51.39004408540442,True,bear
2019-07-28,9552.8603515625,9575.544921875,9252.296875,9491.626953125,13738687093,0.7932599028432463,19497.400390625,-51.00444079634414,True,bear
2019-07-29,9519.1455078125,9681.6484375,9472.9482421875,9548.1787109375,13791445323,-0.35292930608459283,19497.400390625,-51.17736048345387,True,bear
2019-07-30,9607.423828125,9701.759765625,9437.3359375,9522.3291015625,13829811132,0.927376519668166,19497.400390625,-50.72459078829519,True,bear
2019-07-31,10085.6279296875,10085.6279296875,9598.09765625,9604.05078125,16631520648,4.977443590680308,19497.400390625,-48.271935090705696,True,bear
2019-08-01,10399.6689453125,10446.919921875,9922.01953125,10077.4423828125,17165337858,3.1137477786643997,19497.400390625,-46.661253618646484,True,bear
2019-08-02,10518.1748046875,10657.953125,10371.013671875,10402.04296875,17489094082,1.139515690337567,19497.400390625,-46.05345023460159,True,bear
2019-08-03,10821.7265625,10946.78125,10503.5048828125,10519.2783203125,15352685061,2.8859736926716506,19497.400390625,-44.49656700026816,True,bear
2019-08-04,10970.1845703125,11009.20703125,10620.2783203125,10821.6328125,16530894787,1.3718514042569074,19497.400390625,-43.73514237525055,True,bear
2019-08-05,11805.6533203125,11895.091796875,10960.7353515625,10960.7353515625,23875988832,7.615813067183441,19497.400390625,-39.45011599603272,True,bear
2019-08-06,11478.1689453125,12273.8212890625,11290.7314453125,11811.544921875,23635107660,-2.7739623222421628,19497.400390625,-41.12974696446411,True,bear
2019-08-07,11941.96875,12036.990234375,11433.701171875,11476.193359375,22194988641,4.040712476852915,19497.400390625,-38.75096930490233,True,bear
2019-08-08,11966.4072265625,11979.419921875,11556.16796875,11954.0400390625,19481591730,0.2046436150864972,19497.400390625,-38.62562707428244,True,bear
2019-08-09,11862.9365234375,11970.4580078125,11709.7451171875,11953.4697265625,18339989960,-0.8646764326666112,19497.400390625,-39.15631681266804,True,bear
2019-08-10,11354.0244140625,11915.6552734375,11323.8984375,11861.556640625,18125355447,-4.28993368016044,19497.400390625,-41.76647046997151,True,bear
2019-08-11,11523.5791015625,11523.5791015625,11248.294921875,11349.740234375,15774371518,1.4933443976921312,19497.400390625,-40.89684331915643,True,bear
2019-08-12,11382.6162109375,11528.189453125,11320.951171875,11528.189453125,13647198229,-1.223256154903185,19497.400390625,-41.61982632099692,True,bear
2019-08-13,10895.830078125,11420.0498046875,10830.3271484375,11385.052734375,16681503537,-4.27657511938907,19497.400390625,-44.1164983032093,True,bear
2019-08-14,10051.7041015625,10889.556640625,10028.1357421875,10889.4873046875,19990838300,-7.747238810719049,19497.400390625,-48.4459266354519,True,bear
2019-08-15,10311.5458984375,10437.4111328125,9675.31640625,10038.421875,22899115082,2.5850521886593203,19497.400390625,-47.11322693359862,True,bear
2019-08-16,10374.3388671875,10524.349609375,9855.478515625,10319.419921875,20228207096,0.6089578552864294,19497.400390625,-46.791168774603264,True,bear
2019-08-17,10231.744140625,10452.625,10086.6982421875,10358.72265625,13778035685,-1.3744945908168327,19497.400390625,-47.5225212816332,True,bear
2019-08-18,10345.810546875,10487.0703125,10119.0947265625,10233.005859375,12999813869,1.1148285637548438,19497.400390625,-46.93748735934248,True,bear
2019-08-19,10916.0537109375,10916.0537109375,10313.2041015625,10350.283203125,16038264603,5.511826854733437,19497.400390625,-44.0127735378184,True,bear
2019-08-20,10763.232421875,10947.0419921875,10618.9609375,10916.3466796875,15053082175,-1.3999682770833077,19497.400390625,-44.796576947507724,True,bear
2019-08-21,10138.0498046875,10798.7294921875,9962.7216796875,10764.572265625,19473084768,-5.80850243386819,19497.400390625,-48.00306911909029,True,bear
2019-08-22,10131.0556640625,10232.99609375,9831.462890625,10142.521484375,17097508856,-0.06898901425563819,19497.400390625,-48.03894128914822,True,bear
2019-08-23,10407.96484375,10442.443359375,10078.1923828125,10136.3095703125,15627023886,2.7332707357414776,19497.400390625,-46.61870487742307,True,bear
2019-08-24,10159.9609375,10418.0205078125,9982.296875,10407.64453125,15451030650,-2.38282805498643,19497.400390625,-47.890689353718926,True,bear
2019-08-25,10138.517578125,10304.6220703125,10008.7890625,10160.7373046875,14153856610,-0.21105749822180053,19497.400390625,-48.0006699611096,True,bear
2019-08-26,10370.8203125,10512.328125,10126.2998046875,10126.2998046875,18438654080,2.2912889639430167,19497.400390625,-46.8092150506042,True,bear
2019-08-27,10185.5,10381.328125,10087.30078125,10372.826171875,14762609503,-1.7869397686568034,19497.400390625,-47.75970234012568,True,bear
2019-08-28,9754.4228515625,10279.3662109375,9716.65625,10203.4267578125,17603790323,-4.23226300562074,19497.400390625,-49.97064913201069,True,bear
2019-08-29,9510.2001953125,9756.7861328125,9421.6298828125,9756.7861328125,17045878501,-2.503712008044423,19497.400390625,-51.22323999723921,True,bear
2019-08-30,9598.173828125,9656.1240234375,9428.302734375,9514.8447265625,13595263986,0.9250450148868827,19497.400390625,-50.77203301041035,True,bear
2019-08-31,9630.6640625,9673.220703125,9531.7998046875,9597.5390625,11454806419,0.33850433381186207,19497.400390625,-50.6053942087031,True,bear
2019-09-01,9757.970703125,9796.755859375,9582.9443359375,9630.5927734375,11445355859,1.3218884990569668,19497.400390625,-49.95245259559342,True,bear
2019-09-02,10346.7607421875,10396.591796875,9730.650390625,9757.4736328125,17248102294,6.033939401703048,19497.400390625,-46.932613913172915,True,bear
2019-09-03,10623.5400390625,10736.1044921875,10308.5478515625,10345.7255859375,19384917989,2.675033314982045,19497.400390625,-45.51304365596014,True,bear
2019-09-04,10594.4931640625,10762.64453125,10434.7099609375,10621.1806640625,16742664769,-0.2734199230500889,19497.400390625,-45.662021850068356,True,bear
2019-09-05,10575.533203125,10627.26953125,10516.41796875,10588.18359375,14551239508,-0.17896052830365106,19497.400390625,-45.75926538283499,True,bear
2019-09-06,10353.302734375,10898.76171875,10292.2998046875,10578.1982421875,19536574783,-2.1013642005712985,19497.400390625,-46.89906076220698,True,bear
2019-09-07,10517.2548828125,10558.673828125,10348.9189453125,10353.931640625,15307366476,1.5835734030373416,19497.400390625,-46.058168411674274,True,bear
2019-09-08,10441.2763671875,10595.6376953125,10409.0908203125,10518.1142578125,13670567493,-0.7224177456150227,19497.400390625,-46.447853775378114,True,bear
2019-09-09,10334.974609375,10450.3115234375,10144.9296875,10443.228515625,17595943368,-1.0180916017754393,19497.400390625,-46.993063678661485,True,bear
2019-09-10,10115.9755859375,10394.353515625,10020.5732421875,10336.408203125,14906809639,-2.119008819226731,19497.400390625,-48.116285334112554,True,bear
2019-09-11,10178.3720703125,10215.9482421875,9980.7763671875,10123.03515625,15428063426,0.6168113381149309,19497.400390625,-47.796260699418156,True,bear
2019-09-12,10410.126953125,10442.25390625,10099.2421875,10176.8193359375,15323563925,2.2769346729666573,19497.400390625,-46.60761565869809,True,bear
2019-09-13,10360.546875,10441.4892578125,10226.5966796875,10415.3623046875,14109864675,-0.4762677568511009,19497.400390625,-46.86190636992973,True,bear
2019-09-14,10358.048828125,10422.1337890625,10291.6943359375,10345.4033203125,13468713124,-0.024111148814232042,19497.400390625,-46.87471857476192,True,bear
2019-09-15,10347.712890625,10387.03515625,10313.0927734375,10356.4658203125,12043433567,-0.09978652998753335,19497.400390625,-46.92773044964228,True,bear
2019-09-16,10276.7939453125,10386.8671875,10189.744140625,10347.22265625,15160167779,-0.6853586494147135,19497.400390625,-47.291465839446346,True,bear
2019-09-17,10241.2724609375,10296.771484375,10199.7392578125,10281.513671875,15304603363,-0.3456475294145833,19497.400390625,-47.47365158556293,True,bear
2019-09-18,10198.248046875,10275.9287109375,10191.4697265625,10247.7958984375,16169268880,-0.4201080893668663,19497.400390625,-47.69431902430101,True,bear
2019-09-19,10266.4150390625,10295.6689453125,9851.6923828125,10200.49609375,19937691247,0.6684186526369817,19497.400390625,-47.34469809627064,True,bear
2019-09-20,10181.6416015625,10285.8720703125,10132.1865234375,10266.318359375,14734189639,-0.8257355384274523,19497.400390625,-47.77949163695601,True,bear
2019-09-21,10019.716796875,10188.09765625,10000.7080078125,10183.6484375,13425266806,-1.5903604843314323,19497.400390625,-48.60998596667885,True,bear
2019-09-22,10070.392578125,10074.4443359375,9922.533203125,10024.115234375,13199651698,0.5057606145695059,19497.400390625,-48.35007551587657,True,bear
2019-09-23,9729.32421875,10074.23828125,9727.1435546875,10067.962890625,15144925408,-3.3868427345709606,19497.400390625,-50.099377230678485,True,bear
2019-09-24,8620.56640625,9804.3173828125,8370.8017578125,9729.3212890625,25002886689,-11.396041364961839,19497.400390625,-55.786072842843936,True,bear
2019-09-25,8486.9931640625,8744.828125,8325.396484375,8603.4287109375,21744728353,-1.5494717619790932,19497.400390625,-56.471155159006074,True,bear
2019-09-26,8118.9677734375,8515.685546875,7895.62939453125,8487.669921875,19258205289,-4.336346023976723,19497.400390625,-58.35871649155151,True,bear
2019-09-27,8251.845703125,8271.5205078125,7965.9228515625,8113.10107421875,16408941156,1.636635757099958,19497.400390625,-57.677200355936876,True,bear
2019-09-28,8245.9150390625,8285.6171875,8125.431640625,8251.2734375,14141152736,-0.07187075808087195,19497.400390625,-57.70761807288211,True,bear
2019-09-29,8104.185546875,8261.70703125,7990.4970703125,8246.037109375,13034629109,-1.7187842891431715,19497.400390625,-58.43453288894984,True,bear
2019-09-30,8293.8681640625,8314.2314453125,7830.7587890625,8104.2265625,17115474183,2.340551263175872,19497.400390625,-57.4616718234372,True,bear
2019-10-01,8343.2763671875,8497.6923828125,8232.6796875,8299.720703125,15305343413,0.5957196587605074,19497.400390625,-57.208262639981356,True,bear
2019-10-02,8393.0419921875,8393.0419921875,8227.6953125,8344.212890625,13125712443,0.5964758065035269,19497.400390625,-56.95302027944631,True,bear
2019-10-03,8259.9921875,8414.2275390625,8146.43701171875,8390.7744140625,13668823409,-1.5852393543526522,19497.400390625,-57.63541794283673,True,bear
2019-10-04,8205.939453125,8260.0556640625,8151.23681640625,8259.494140625,13139456229,-0.6543920762636879,19497.400390625,-57.91264841096104,True,bear
2019-10-05,8151.50048828125,8215.5263671875,8071.12060546875,8210.1494140625,12200497197,-0.6634092921928403,19497.400390625,-58.1918598122406,True,bear
2019-10-06,7988.15576171875,8161.41015625,7958.8505859375,8149.876953125,13160830305,-2.003860844973604,19497.400390625,-59.02963676347478,True,bear
2019-10-07,8245.623046875,8308.4501953125,7905.76611328125,7989.12060546875,18009742607,3.2231129792197777,19497.400390625,-57.70911566836484,True,bear
2019-10-08,8228.783203125,8332.71484375,8185.76318359375,8246.849609375,15592264032,-0.20422766908295698,19497.400390625,-57.79548535566992,True,bear
2019-10-09,8595.740234375,8627.7060546875,8169.298828125,8229.8408203125,19384942333,4.45943248463081,19497.400390625,-55.91340351963989,True,bear
2019-10-10,8586.4736328125,8625.2724609375,8471.93359375,8585.2802734375,17618660671,-0.10780457889411066,19497.400390625,-55.96093088932429,True,bear
2019-10-11,8321.7568359375,8721.7802734375,8316.181640625,8585.2626953125,19604381101,-3.0829512579344187,19497.400390625,-57.31863392445447,True,bear
2019-10-12,8336.5556640625,8415.2421875,8313.3408203125,8315.6650390625,14532641605,0.17783297946283305,19497.400390625,-57.242732379486895,True,bear
2019-10-13,8321.005859375,8470.98828125,8276.6123046875,8336.90234375,13808286059,-0.18652553061611066,19497.400390625,-57.322485599793005,True,bear
2019-10-14,8374.6865234375,8390.208984375,8284.130859375,8320.83203125,15151387859,0.6451222961466829,19497.400390625,-57.04716343895606,True,bear
2019-10-15,8205.369140625,8410.71484375,8182.70654296875,8373.4580078125,15220412632,-2.0217757684260373,19497.400390625,-57.91557348039888,True,bear
2019-10-16,8047.52685546875,8216.8125,7985.08984375,8204.6748046875,16071646996,-1.9236463643636514,19497.400390625,-58.72512902110648,True,bear
2019-10-17,8103.9111328125,8134.83154296875,8000.94287109375,8047.8125,14313052244,0.7006410585064904,19497.400390625,-58.43594032818278,True,bear
2019-10-18,7973.20751953125,8138.41357421875,7902.1640625,8100.93359375,15651592610,-1.6128460830725944,19497.400390625,-59.10630463656563,True,bear
2019-10-19,7988.560546875,8082.62939453125,7944.77685546875,7973.8037109375,13797825640,0.19255772919670733,19497.400390625,-59.02756066538919,True,bear
2019-10-20,8222.078125,8281.818359375,7949.439453125,7997.80712890625,15504249442,2.9231496307097427,19497.400390625,-57.829874956286744,True,bear
2019-10-21,8243.720703125,8296.6943359375,8196.416015625,8225.115234375,15868748866,0.2632251578733369,19497.400390625,-57.71887257806505,True,bear
2019-10-22,8078.203125,8296.6513671875,8074.462890625,8243.40234375,16803377857,-2.0078018662405217,19497.400390625,-58.56779384351019,True,bear
2019-10-23,7514.671875,8092.99951171875,7469.32275390625,8076.228515625,21942878958,-6.975948008239763,19497.400390625,-61.45808300365363,True,bear
2019-10-24,7493.48876953125,7532.86767578125,7446.98876953125,7509.72802734375,16268708849,-0.2818899590176671,19497.400390625,-61.56672879767926,True,bear
2019-10-25,8660.7001953125,8691.5400390625,7479.984375,7490.703125,28705065488,15.576341830619223,19497.400390625,-55.58023109851684,True,bear
2019-10-26,9244.97265625,10021.744140625,8662.6220703125,8667.5771484375,44496255609,6.74624969992299,19497.400390625,-52.58356257229404,True,bear
2019-10-27,9551.71484375,9749.529296875,9112.5419921875,9241.70703125,32593129501,3.317935043243514,19497.400390625,-51.01031597862256,True,bear
2019-10-28,9256.1484375,9805.1181640625,9256.1484375,9565.1015625,30948255332,-3.0943805493041765,19497.400390625,-52.52624323214563,True,bear
2019-10-29,9427.6875,9516.1806640625,9232.6484375,9248.4404296875,28426779937,1.8532445072405368,19497.400390625,-51.646438442464635,True,bear
2019-10-30,9205.7265625,9426.8740234375,9085.3701171875,9422.462890625,27706531577,-2.354351875791383,19497.400390625,-52.78485142600642,True,bear
2019-10-31,9199.5849609375,9383.1611328125,9028.7177734375,9202.4580078125,26583653947,-0.0667150118005666,19497.400390625,-52.816351017949216,True,bear
2019-11-01,9261.1044921875,9275.6572265625,9132.0478515625,9193.9921875,24324691031,0.6687207250242189,19497.400390625,-52.50082417838355,True,bear
2019-11-02,9324.7177734375,9377.486328125,9249.587890625,9259.783203125,21242676385,0.6868865512063227,19497.400390625,-52.174558727731025,True,bear
2019-11-03,9235.3544921875,9379.806640625,9141.251953125,9324.787109375,21132220847,-0.9583483749455834,19497.400390625,-52.632893066974376,True,bear
2019-11-04,9412.6123046875,9505.0517578125,9191.4853515625,9235.607421875,26170255634,1.919339562438549,19497.400390625,-51.72375744402624,True,bear
2019-11-05,9342.52734375,9457.41796875,9256.931640625,9413.0048828125,26198609048,-0.7445856545328811,19497.400390625,-52.08321542064552,True,bear
2019-11-06,9360.8798828125,9423.2373046875,9305.9091796875,9340.8642578125,23133895765,0.1964408386214478,19497.400390625,-51.989087287177405,True,bear
2019-11-07,9267.5615234375,9368.4765625,9202.353515625,9352.3935546875,22700383839,-0.9968973060571096,19497.400390625,-52.467706782624965,True,bear
2019-11-08,8804.880859375,9272.759765625,8775.5341796875,9265.3681640625,24333037836,-4.992474696740768,19497.400390625,-54.840744494283044,True,bear
2019-11-09,8813.58203125,8891.818359375,8793.1630859375,8809.46875,17578630606,0.09882214210468199,19497.400390625,-54.79611715063376,True,bear
2019-11-10,9055.5263671875,9103.826171875,8806.162109375,8812.4892578125,20587919881,2.745130584586919,19497.400390625,-53.55521153711498,True,bear
2019-11-11,8757.7880859375,9081.279296875,8700.6083984375,9056.91796875,20265510765,-3.2879179981060824,19497.400390625,-55.082278096168466,True,bear
2019-11-12,8815.662109375,8853.7685546875,8685.427734375,8759.751953125,20309769107,0.6608292284490114,19497.400390625,-54.78544866107451,True,bear
2019-11-13,8808.2626953125,8836.841796875,8761.6513671875,8812.033203125,17545755405,-0.0839348646839655,19497.400390625,-54.82339943355829,True,bear
2019-11-14,8708.0947265625,8826.943359375,8692.5517578125,8811.9365234375,19084739975,-1.1372046022572246,19497.400390625,-55.337149814343235,True,bear
2019-11-15,8491.9921875,8730.873046875,8484.84375,8705.7080078125,21796856471,-2.481628253345902,19497.400390625,-56.445515723300055,True,bear
2019-11-16,8550.7607421875,8591.9970703125,8473.9736328125,8491.166015625,16495389808,0.6920467352055093,19497.400390625,-56.14409833682756,True,bear
2019-11-17,8577.9755859375,8727.7890625,8500.9677734375,8549.470703125,18668638897,0.31827394743637605,19497.400390625,-56.00451642742037,True,bear
2019-11-18,8309.2861328125,8653.2802734375,8273.5732421875,8573.98046875,21579470673,-3.1323177646423006,19497.400390625,-57.382594775004556,True,bear
2019-11-19,8206.1455078125,8408.5166015625,8099.96337890625,8305.134765625,21083613816,-1.2412693864603863,19497.400390625,-57.9115915793662,True,bear
2019-11-20,8027.26806640625,8237.240234375,8010.51171875,8203.61328125,20764300437,-2.1797985575073398,19497.400390625,-58.82903409899698,True,bear
2019-11-21,7642.75,8110.09814453125,7597.3818359375,8023.64453125,22514243371,-4.790148568918983,19497.400390625,-60.801184532913986,True,bear
2019-11-22,7296.57763671875,7697.3828125,6936.70654296875,7643.5693359375,34242315785,-4.529421520804034,19497.400390625,-62.576664116580446,True,bear
2019-11-23,7397.796875,7442.2587890625,7151.41796875,7296.16455078125,21008924418,1.3872152579023078,19497.400390625,-62.05752189118962,True,bear
2019-11-24,7047.9169921875,7408.5771484375,7029.2890625,7398.6337890625,30433517289,-4.729514593660699,19497.400390625,-63.85201693054232,True,bear
2019-11-25,7146.1337890625,7319.85693359375,6617.1669921875,7039.97705078125,42685231262,1.3935577984796277,19497.400390625,-63.348273893484794,True,bear
2019-11-26,7218.37109375,7320.23046875,7098.572265625,7145.1591796875,21129505542,1.0108585540066883,19497.400390625,-62.97777678494598,True,bear
2019-11-27,7531.66357421875,7619.693359375,6974.17431640625,7220.880859375,23991412764,4.340210227484875,19497.400390625,-61.37093446652393,True,bear
2019-11-28,7463.10595703125,7730.07275390625,7454.12158203125,7536.8203125,19050116751,-0.9102586236349741,19497.400390625,-61.722558866772005,True,bear
2019-11-29,7761.24365234375,7781.1796875,7460.75634765625,7466.72705078125,19709695456,3.9948206152910615,19497.400390625,-60.19344375737591,True,bear
2019-11-30,7569.6298828125,7836.10205078125,7515.849609375,7764.05712890625,17158194786,-2.468853937775628,19497.400390625,-61.1762094886648,True,bear
2019-12-01,7424.29248046875,7571.6162109375,7291.341796875,7571.6162109375,18720708479,-1.9200067188720915,19497.400390625,-61.92162887500328,True,bear
2019-12-02,7321.98828125,7474.81884765625,7233.3994140625,7424.0361328125,17082040706,-1.3779656376399996,19497.400390625,-62.44633574447875,True,bear
2019-12-03,7320.1455078125,7418.85888671875,7229.35693359375,7323.9755859375,14797485769,-0.025167664392733435,19497.400390625,-62.455787124665754,True,bear
2019-12-04,7252.03466796875,7539.78466796875,7170.9228515625,7320.125,21664240918,-0.930457458407874,19497.400390625,-62.805120053564835,True,bear
2019-12-05,7448.3076171875,7743.431640625,7232.6767578125,7253.24169921875,18816085231,2.706453543109233,19497.400390625,-61.79845790739931,True,bear
2019-12-06,7546.99658203125,7546.99658203125,7392.17529296875,7450.5615234375,18104466307,1.3249850827323328,19497.400390625,-61.29229317329865,True,bear
2019-12-07,7556.23779296875,7589.95166015625,7525.71142578125,7547.265625,15453520564,0.12244885547587625,19497.400390625,-61.24489602930839,True,bear
2019-12-08,7564.34521484375,7634.6064453125,7476.09130859375,7551.3388671875,15409908086,0.10729442478032425,19497.400390625,-61.20331396343002,True,bear
2019-12-09,7400.8994140625,7618.091796875,7365.9853515625,7561.79541015625,17872021272,-2.1607395767781146,19497.400390625,-62.04160931310053,True,bear
2019-12-10,7278.11962890625,7424.02294921875,7246.0439453125,7397.13427734375,18249031195,-1.658984648851669,19497.400390625,-62.67133318754734,True,bear
2019-12-11,7217.42724609375,7324.15625,7195.52734375,7277.19775390625,16350490689,-0.8339019679128423,19497.400390625,-62.98261767469201,True,bear
2019-12-12,7243.13427734375,7266.6396484375,7164.7412109375,7216.73876953125,18927080224,0.3561799845493985,19497.400390625,-62.85076916804514,True,bear
2019-12-13,7269.6845703125,7293.560546875,7227.12255859375,7244.662109375,17125736940,0.3665580666065926,19497.400390625,-62.714595665748305,True,bear
2019-12-14,7124.673828125,7308.83642578125,7097.208984375,7268.90283203125,17137029730,-1.994732244362929,19497.400390625,-63.45833964844472,True,bear
2019-12-15,7152.3017578125,7181.07568359375,6924.3759765625,7124.23974609375,16881129804,0.3877781685729609,19497.400390625,-63.316639067167316,True,bear
2019-12-16,6932.48046875,7171.1689453125,6903.6826171875,7153.6630859375,20213265950,-3.0734342104957735,19497.400390625,-64.44407803163664,True,bear
2019-12-17,6640.51513671875,6964.0751953125,6587.97412109375,6931.3154296875,22363804217,-4.211556503438585,19497.400390625,-65.94153577565278,True,bear
2019-12-18,7276.802734375,7324.98486328125,6540.04931640625,6647.6982421875,31836522778,9.58190117115909,19497.400390625,-62.678087393261265,True,bear
2019-12-19,7202.84423828125,7346.6025390625,7041.3818359375,7277.5908203125,25904604416,-1.0163597776861044,19497.400390625,-63.05741230125932,True,bear
2019-12-20,7218.81640625,7257.921875,7086.1240234375,7208.63671875,22633815180,0.22174806840695727,19497.400390625,-62.97549282661781,True,bear
2019-12-21,7191.15869140625,7223.22607421875,7112.73583984375,7220.59375,19312552168,-0.3831336508268057,19497.400390625,-63.11734617265182,True,bear
2019-12-22,7511.5888671875,7518.033203125,7167.17919921875,7191.1884765625,23134537956,4.45589076158448,19497.400390625,-61.47389540813184,True,bear
2019-12-23,7355.62841796875,7656.17626953125,7326.1923828125,7508.90234375,27831788041,-2.0762644491902904,19497.400390625,-62.27379922143066,True,bear
2019-12-24,7322.5322265625,7535.716796875,7269.52880859375,7354.39306640625,22991622105,-0.4499437644974069,19497.400390625,-62.44354590941561,True,bear
2019-12-25,7275.15576171875,7357.02001953125,7220.9912109375,7325.755859375,21559505149,-0.6469956481979233,19497.400390625,-62.68653453299914,True,bear
2019-12-26,7238.966796875,7388.302734375,7200.38671875,7274.79931640625,22787010034,-0.4974321654276248,19497.400390625,-62.87214371226773,True,bear
2019-12-27,7290.08837890625,7363.529296875,7189.93408203125,7238.14111328125,22777360996,0.7061999794407026,19497.400390625,-62.60994679879699,True,bear
2019-12-28,7317.990234375,7399.041015625,7286.9052734375,7289.03125,21365673026,0.3827368615925586,19497.400390625,-62.466841282626916,True,bear
2019-12-29,7422.65283203125,7513.9482421875,7279.865234375,7317.6474609375,22445257702,1.4302095835631912,19497.400390625,-61.93003844963707,True,bear
2019-12-30,7292.9951171875,7454.82421875,7276.30810546875,7420.27294921875,22874131672,-1.7467840376992116,19497.400390625,-62.59503846115704,True,bear
2019-12-31,7193.59912109375,7335.2900390625,7169.77783203125,7294.43896484375,21167946112,-1.3628967865274233,19497.400390625,-63.104829479971734,True,bear
2020-01-01,7200.17431640625,7254.33056640625,7174.9443359375,7194.89208984375,18565664997,0.09140341575637478,19497.400390625,-63.071106033867295,True,bear
2020-01-02,6985.47021484375,7212.1552734375,6935.27001953125,7202.55126953125,20802083465,-2.9819292162590716,19497.400390625,-64.17229951228474,True,bear
2020-01-03,7344.88427734375,7413.71533203125,6914.99609375,6984.4287109375,28111481032,5.145166344511276,19497.400390625,-62.32890472477851,True,bear
2020-01-04,7410.65673828125,7427.3857421875,7309.51416015625,7345.37548828125,18444271275,0.8954866877941559,19497.400390625,-61.991565081442644,True,bear
2020-01-05,7411.3173828125,7544.4970703125,7400.53564453125,7410.45166015625,19725074095,0.008914790612779555,19497.400390625,-61.98817670905446,True,bear
2020-01-06,7769.21923828125,7781.8671875,7409.29296875,7410.4521484375,23276261598,4.829126010697582,19497.400390625,-60.152537863371,True,bear
2020-01-07,8163.6923828125,8178.2158203125,7768.2275390625,7768.68212890625,28767291327,5.077384643588934,19497.400390625,-58.12932893998589,True,bear
2020-01-08,8079.86279296875,8396.73828125,7956.7744140625,8161.935546875,31672559265,-1.0268587535248286,19497.400390625,-58.559281590925224,True,bear
2020-01-09,7879.0712890625,8082.2958984375,7842.40380859375,8082.2958984375,24045990466,-2.4850855645838776,19497.400390625,-59.58911890196901,True,bear
2020-01-10,8166.55419921875,8166.55419921875,7726.77490234375,7878.3076171875,28714583844,3.648690303834745,19497.400390625,-58.11465100165096,True,bear
2020-01-11,8037.53759765625,8218.359375,8029.64208984375,8162.19091796875,25521165085,-1.5798168776598898,19497.400390625,-58.77636281439362,True,bear
2020-01-12,8192.494140625,8200.0634765625,8009.05908203125,8033.26171875,22903438381,1.9279106453440997,19497.400390625,-57.98160792469429,True,bear
2020-01-13,8144.1943359375,8197.7880859375,8079.70068359375,8189.77197265625,22482910688,-0.5895616628883604,19497.400390625,-58.229332255732416,True,bear
2020-01-14,8827.7646484375,8879.51171875,8140.93310546875,8140.93310546875,44841784107,8.393344808628168,19497.400390625,-54.723376083089605,True,bear
2020-01-15,8807.0107421875,8890.1171875,8657.1875,8825.34375,40102834650,-0.2350980919464507,19497.400390625,-54.82982056201603,True,bear
2020-01-16,8723.7861328125,8846.4609375,8612.095703125,8812.4814453125,31313981931,-0.9449813541879348,19497.400390625,-55.256670335358216,True,bear
2020-01-17,8929.0380859375,8958.1220703125,8677.31640625,8725.2099609375,36372139320,2.352785247141642,19497.400390625,-54.203955875928564,True,bear
2020-01-18,8942.80859375,9012.1982421875,8827.33203125,8927.2119140625,32337772627,0.15422162701026476,19497.400390625,-54.13332847157408,True,bear
2020-01-19,8706.2451171875,9164.3623046875,8620.080078125,8941.4453125,34217320471,-2.6452928527155417,19497.400390625,-55.34663625529406,True,bear
2020-01-20,8657.642578125,8745.5908203125,8560.4736328125,8704.6318359375,26422375678,-0.5582491465413786,19497.400390625,-55.59591327730089,True,bear
2020-01-21,8745.89453125,8755.7060546875,8544.5205078125,8658.9912109375,24097418512,1.0193531591149663,19497.400390625,-55.143278816516904,True,bear
2020-01-22,8680.8759765625,8792.994140625,8636.7470703125,8744.2109375,22600204051,-0.7434180055016837,19497.400390625,-55.47675175847261,True,bear
2020-01-23,8406.515625,8687.7470703125,8333.6376953125,8680.650390625,25770680779,-3.160514587505292,19497.400390625,-56.88391551397727,True,bear
2020-01-24,8445.4345703125,8514.6669921875,8266.8408203125,8405.5673828125,24397913026,0.4629616722148233,19497.400390625,-56.68430456824722,True,bear
2020-01-25,8367.84765625,8458.453125,8296.21875,8440.119140625,19647331549,-0.918684685986848,19497.400390625,-57.08223922880744,True,bear
2020-01-26,8596.830078125,8602.4013671875,8325.498046875,8364.41015625,22177678796,2.7364554337216074,19497.400390625,-55.907813832152506,True,bear
2020-01-27,8909.8193359375,8977.7265625,8597.30859375,8597.30859375,28647338393,3.6407519395889265,19497.400390625,-54.302526709039434,True,bear
2020-01-28,9358.58984375,9358.58984375,8908.447265625,8912.5244140625,34398744403,5.036808165148732,19497.400390625,-52.00083264305368,True,bear
2020-01-29,9316.6298828125,9406.431640625,9269.4677734375,9357.470703125,30682598115,-0.4483577295090302,19497.400390625,-52.216040619998516,True,bear
2020-01-30,9508.9931640625,9553.1259765625,9230.8974609375,9316.0166015625,32378792851,2.064730312029206,19497.400390625,-51.22943072639191,True,bear
2020-01-31,9350.529296875,9521.7060546875,9230.7763671875,9508.3134765625,29432489719,-1.6664631518128026,19497.400390625,-52.04217429226592,True,bear
2020-02-01,9392.875,9439.3232421875,9313.2392578125,9346.357421875,25922656496,0.45286958396197896,19497.400390625,-51.8249878865061,True,bear
2020-02-02,9344.365234375,9468.7978515625,9217.82421875,9389.8203125,30835736946,-0.516452796667688,19497.400390625,-52.07378908386124,True,bear
2020-02-03,9293.521484375,9540.3720703125,9248.6337890625,9344.68359375,30934096509,-0.5441113304621492,19497.400390625,-52.33456102771714,True,bear
2020-02-04,9180.962890625,9331.265625,9112.8115234375,9292.841796875,29893183716,-1.2111511652417528,19497.400390625,-52.91186154724754,True,bear
2020-02-05,9613.423828125,9701.2998046875,9163.7041015625,9183.416015625,35222060874,4.710409383547343,19497.400390625,-50.69381745503132,True,bear
2020-02-06,9729.8017578125,9824.619140625,9539.818359375,9617.8212890625,37628823716,1.2105773319493585,19497.400390625,-50.09692798589235,True,bear
2020-02-07,9795.943359375,9834.716796875,9726.0029296875,9726.0029296875,34522718159,0.6797836503646293,19497.400390625,-49.757695061310756,True,bear
2020-02-08,9865.119140625,9876.7490234375,9678.91015625,9793.0703125,35172043762,0.7061676319697785,19497.400390625,-49.40290016627817,True,bear
2020-02-09,10116.673828125,10129.435546875,9850.392578125,9863.89453125,35807884663,2.549940694219166,19497.400390625,-48.11270412752341,True,bear
2020-02-10,9856.611328125,10165.765625,9784.5634765625,10115.5595703125,39386548075,-2.5706324471686526,19497.400390625,-49.44653579117969,True,bear
2020-02-11,10208.236328125,10210.052734375,9729.3349609375,9855.8916015625,37648059389,3.5674025108068053,19497.400390625,-47.643090239694416,True,bear
2020-02-12,10326.0546875,10393.611328125,10202.3876953125,10202.3876953125,43444303830,1.1541499979814906,19497.400390625,-47.03881296675267,True,bear
2020-02-13,10214.3798828125,10457.626953125,10116.1611328125,10323.9609375,49356071373,-1.0814856987217514,19497.400390625,-47.61158063039053,True,bear
2020-02-14,10312.1162109375,10321.99609375,10125.5341796875,10211.55078125,43338264162,0.9568503349817403,19497.400390625,-47.110301864160775,True,bear
2020-02-15,9889.4248046875,10341.5556640625,9874.427734375,10313.8564453125,43865054831,-4.09897830477971,19497.400390625,-49.278239116212305,True,bear
2020-02-16,9934.43359375,10053.96875,9722.38671875,9889.1796875,43374780305,0.4551203932625647,19497.400390625,-49.04739403860832,True,bear
2020-02-17,9690.142578125,9938.8154296875,9507.6376953125,9936.560546875,45998298413,-2.4590331529186438,19497.400390625,-50.300335511474934,True,bear
2020-02-18,10141.99609375,10161.935546875,9632.3828125,9691.23046875,47271023953,4.66302236506857,19497.400390625,-47.98282904101098,True,bear
2020-02-19,9633.38671875,10191.67578125,9611.2236328125,10143.798828125,46992019710,-5.014884351152826,19497.400390625,-50.591430007345735,True,bear
2020-02-20,9608.4755859375,9643.216796875,9507.900390625,9629.3251953125,44925260237,-0.2585916411308786,19497.400390625,-50.719196439349034,True,bear
2020-02-21,9686.44140625,9723.0146484375,9589.7431640625,9611.7822265625,40930547513,0.8114275736580634,19497.400390625,-50.319318410737644,True,bear
2020-02-22,9663.181640625,9698.2314453125,9600.728515625,9687.70703125,35838025154,-0.2401270461409255,19497.400390625,-50.438615163940625,True,bear
2020-02-23,9924.515625,9937.404296875,9657.791015625,9663.318359375,41185185761,2.704430011708836,19497.400390625,-49.09826219821573,True,bear
2020-02-24,9650.1748046875,9951.74609375,9537.04296875,9921.5830078125,45080496648,-2.7642741538078885,19497.400390625,-50.50532578010951,True,bear
2020-02-25,9341.705078125,9652.7373046875,9305.021484375,9651.3125,42515259129,-3.1965195740564556,19497.400390625,-52.08743272966379,True,bear
2020-02-26,8820.5224609375,9354.7783203125,8704.4267578125,9338.2900390625,50420050762,-5.579095174048332,19497.400390625,-54.76052045800577,True,bear
2020-02-27,8784.494140625,8932.892578125,8577.19921875,8825.09375,45470195695,-0.40846016176541156,19497.400390625,-54.945305709324835,True,bear
2020-02-28,8672.455078125,8890.4560546875,8492.9326171875,8788.728515625,44605450443,-1.2754184897438958,19497.400390625,-55.51994161080569,True,bear
2020-02-29,8599.5087890625,8775.6318359375,8599.5087890625,8671.212890625,35792392544,-0.8411261679117432,19497.400390625,-55.89407502141962,True,bear
2020-03-01,8562.4541015625,8726.796875,8471.212890625,8599.7587890625,35349164300,-0.43089307085921735,19497.400390625,-56.084124395990685,True,bear
2020-03-02,8869.669921875,8921.30859375,8532.630859375,8563.2646484375,42857674409,3.587941221856461,19497.400390625,-54.508448592255235,True,bear
2020-03-03,8787.7861328125,8901.5986328125,8704.990234375,8865.3876953125,42386715821,-0.9231886844013548,19497.400390625,-54.928421447210155,True,bear
2020-03-04,8755.24609375,8843.3662109375,8712.431640625,8788.5419921875,34746706368,-0.37028710724991143,19497.400390625,-55.09531569162516,True,bear
2020-03-05,9078.7626953125,9142.0546875,8757.25390625,8760.28515625,39698054597,3.695117168590434,19497.400390625,-53.436034992245055,True,bear
2020-03-06,9122.5458984375,9167.6953125,9032.0791015625,9078.30859375,40826885651,0.4822595830994203,19497.400390625,-53.211475808724096,True,bear
2020-03-07,8909.9541015625,9163.220703125,8890.744140625,9121.6005859375,36216930370,-2.330399860322019,19497.400390625,-54.30183551112433,True,bear
2020-03-08,8108.1162109375,8914.34375,8105.2529296875,8908.2060546875,39973102121,-8.999349283790192,19497.400390625,-58.41437294975923,True,bear
2020-03-09,7923.64453125,8177.79345703125,7690.09814453125,8111.146484375,46936995808,-2.275148442478603,19497.400390625,-59.36050769588774,True,bear
2020-03-10,7909.7294921875,8136.9453125,7814.76318359375,7922.14697265625,42213940994,-0.17561412564156553,19497.400390625,-59.43187638496278,True,bear
2020-03-11,7911.43017578125,7950.814453125,7642.8125,7910.08984375,38682762605,0.021501160000858555,19497.400390625,-59.423153767794965,True,bear
2020-03-12,4970.7880859375,7929.1162109375,4860.35400390625,7913.6162109375,53980357243,-37.169538560117076,19497.400390625,-74.50538027455383,True,bear
2020-03-13,5563.70703125,5838.11474609375,4106.98095703125,5017.8310546875,74156772075,11.928067241286833,19497.400390625,-71.46436489079223,True,bear
2020-03-14,5200.3662109375,5625.2265625,5125.0693359375,5573.07763671875,36154506008,-6.530552710121185,19497.400390625,-73.32789958276689,True,bear
2020-03-15,5392.31494140625,5836.64501953125,5169.283203125,5201.06689453125,33997889639,3.6910617960911996,19497.400390625,-72.34341587405132,True,bear
2020-03-16,5014.47998046875,5385.2294921875,4575.35791015625,5385.2294921875,45368026430,-7.006915676163484,19497.400390625,-74.28128940266376,True,bear
2020-03-17,5225.62939453125,5371.3486328125,4981.9091796875,5002.578125,38622642935,4.210793838741411,19497.400390625,-73.19832752142739,True,bear
2020-03-18,5238.4384765625,5331.833984375,5069.3359375,5227.11376953125,37878801016,0.24512036855608432,19497.400390625,-73.13263116306872,True,bear
2020-03-19,6191.19287109375,6329.73583984375,5236.96875,5245.41650390625,51000731797,18.187755736638024,19497.400390625,-68.24605974614605,True,bear
2020-03-20,6198.7783203125,6844.26171875,5865.78173828125,6191.65380859375,54442976103,0.1225199953657663,19497.400390625,-68.20715482001857,True,bear
2020-03-21,6185.06640625,6378.13525390625,5932.8232421875,6206.521484375,42494390880,-0.221203491300348,19497.400390625,-68.2774817035404,True,bear
2020-03-22,5830.2548828125,6359.697265625,5823.7138671875,6185.55810546875,40099664740,-5.7365838963178035,19497.400390625,-70.09727057964157,True,bear
2020-03-23,6416.31494140625,6443.9345703125,5785.00439453125,5831.37451171875,46491916000,10.052048673231173,19497.400390625,-67.09143366368254,True,bear
2020-03-24,6734.8037109375,6789.02294921875,6411.06640625,6436.642578125,48221910672,4.963733427047878,19497.400390625,-65.4579401560845,True,bear
2020-03-25,6681.06298828125,6892.51123046875,6536.92626953125,6738.716796875,44590107888,-0.7979552925792555,19497.400390625,-65.73357035077493,True,bear
2020-03-26,6716.4404296875,6735.4638671875,6590.962890625,6675.1708984375,35319797642,0.5295181540467819,19497.400390625,-65.55212338503861,True,bear
2020-03-27,6469.79833984375,6793.83642578125,6466.70166015625,6719.38916015625,34585598367,-3.672214358569481,19497.400390625,-66.81712325631553,True,bear
2020-03-28,6242.19384765625,6467.5009765625,6117.837890625,6467.25390625,34885225901,-3.5179534234601295,19497.400390625,-67.98448140472253,True,bear
2020-03-29,5922.04296875,6250.46728515625,5920.0859375,6245.62451171875,28373690931,-5.128819878390301,19497.400390625,-69.62649968660686,True,bear
2020-03-30,6429.841796875,6517.19580078125,5903.234375,5925.53857421875,37101651525,8.574723804008189,19497.400390625,-67.02205592512382,True,bear
2020-03-31,6438.64453125,6504.51513671875,6374.162109375,6430.6064453125,32786468812,0.13690436954885143,19497.400390625,-66.97690767869796,True,bear
2020-04-01,6606.7763671875,6612.57373046875,6202.37353515625,6437.3193359375,40346426266,2.6112924097839496,19497.400390625,-66.11457817543584,True,bear
2020-04-02,6793.62451171875,7088.24755859375,6595.91845703125,6606.7763671875,47660646124,2.828128789998541,19497.400390625,-65.15625480520289,True,bear
2020-04-03,6733.38720703125,7003.220703125,6673.3359375,6797.396484375,38976504903,-0.8866740365705117,19497.400390625,-65.46520524721396,True,bear
2020-04-04,6867.52734375,6878.95361328125,6696.48486328125,6738.3828125,33185988584,1.992164308903499,19497.400390625,-64.77721539199587,True,bear
2020-04-05,6791.12939453125,6883.4140625,6715.92919921875,6862.53759765625,29510409856,-1.1124520572645125,19497.400390625,-65.16905198399346,True,bear
2020-04-06,7271.78125,7271.78125,6782.8896484375,6788.0498046875,46896904615,7.0776424294876294,19497.400390625,-62.7038420286198,True,bear
2020-04-07,7176.41455078125,7427.939453125,7136.71435546875,7273.64404296875,44243482668,-1.3114627068677276,19497.400390625,-63.19296723150893,True,bear
2020-04-08,7334.0986328125,7356.2236328125,7153.3056640625,7179.283203125,37563249549,2.197254365887824,19497.400390625,-62.3842230970495,True,bear
2020-04-09,7302.08935546875,7341.4482421875,7179.09423828125,7337.96630859375,34815139178,-0.43644459866604146,19497.400390625,-62.5483951235887,True,bear
2020-04-10,6865.4931640625,7303.8154296875,6802.47509765625,7303.8154296875,43622840992,-5.979058460566089,19497.400390625,-64.78764847356955,True,bear
2020-04-11,6859.0830078125,6926.06982421875,6789.9208984375,6867.4404296875,31222085946,-0.09336774645052337,19497.400390625,-64.82052545266201,True,bear
2020-04-12,6971.091796875,7119.947265625,6811.078125,6858.06787109375,35759567632,1.6329994685138294,19497.400390625,-64.24604482027803,True,bear
2020-04-13,6845.03759765625,6965.61669921875,6668.259765625,6965.61669921875,38619308647,-1.8082418492216368,19497.400390625,-64.8925628005897,True,bear
2020-04-14,6842.427734375,6958.55712890625,6793.8212890625,6843.28173828125,34110434052,-0.03812781513637953,19497.400390625,-64.90594849934422,True,bear
2020-04-15,6642.10986328125,6928.66455078125,6633.40283203125,6845.5615234375,32288311031,-2.9275847531044064,19497.400390625,-65.93335660032402,True,bear
2020-04-16,7116.80419921875,7134.45068359375,6555.50439453125,6640.4541015625,46783242377,7.146740203164859,19497.400390625,-63.49870210061057,True,bear
2020-04-17,7096.1845703125,7167.18310546875,7050.33203125,7116.552734375,32513423567,-0.2897315751431484,19497.400390625,-63.60445788596216,True,bear
2020-04-18,7257.6650390625,7269.95654296875,7089.2470703125,7092.29150390625,32447188386,2.275595669052466,19497.400390625,-62.776242505886955,True,bear
2020-04-19,7189.4248046875,7280.52197265625,7167.0546875,7260.92236328125,31311210215,-0.9402505352301915,19497.400390625,-63.12623908495814,True,bear
2020-04-20,6881.95849609375,7240.29052734375,6835.5029296875,7186.87353515625,37747113936,-4.276646838190478,19497.400390625,-64.7031996152532,True,bear
2020-04-21,6880.3232421875,6934.5517578125,6834.4423828125,6879.7841796875,32589741511,-0.023761461322069355,19497.400390625,-64.71158665082454,True,bear
2020-04-22,7117.20751953125,7145.86572265625,6867.78173828125,6879.4404296875,33249153866,3.4429236680519004,19497.400390625,-63.496633515545795,True,bear
2020-04-23,7429.724609375,7491.78515625,7081.5947265625,7121.30615234375,43500782316,4.391007132869618,19497.400390625,-61.89376808947586,True,bear
2020-04-24,7550.90087890625,7574.19580078125,7434.181640625,7434.181640625,34636526286,1.6309658285092787,19497.400390625,-61.27226846848273,True,bear
2020-04-25,7569.93603515625,7641.36376953125,7521.67236328125,7550.48291015625,32941541447,0.2520911948821203,19497.400390625,-61.17463926731419,True,bear
2020-04-26,7679.8671875,7700.59423828125,7561.40771484375,7570.13916015625,33070154491,1.4522071498782596,19497.400390625,-60.610814602788096,True,bear
2020-04-27,7795.60107421875,7795.60107421875,7679.4189453125,7679.4189453125,36162144725,1.5069777105927384,19497.400390625,-60.01722835846805,True,bear
2020-04-28,7807.05859375,7814.52734375,7730.806640625,7796.97021484375,33187959921,0.1469741643032707,19497.400390625,-59.958464013982635,True,bear
2020-04-29,8801.0380859375,8871.75390625,7786.04931640625,7806.71240234375,60201052203,12.731805202323422,19497.400390625,-54.86045365222467,True,bear
2020-04-30,8658.5537109375,9440.650390625,8533.255859375,8797.669921875,66964629541,-1.6189496467202469,19497.400390625,-55.591240178353104,True,bear
2020-05-01,8864.7666015625,9048.0234375,8667.763671875,8672.7822265625,44068389997,2.3816089558295506,19497.400390625,-54.53359717726792,True,bear
2020-05-02,8988.5966796875,9007.1875,8811.3662109375,8869.0576171875,40134388683,1.3968791699848548,19497.400390625,-53.898486466895775,True,bear
2020-05-03,8897.46875,9167.78125,8830.9716796875,8983.6142578125,47101785174,-1.0138170944239966,19497.400390625,-54.36587149188259,True,bear
2020-05-04,8912.654296875,8956.90625,8645.0244140625,8895.7451171875,45718796276,0.17067266322232655,19497.400390625,-54.287986509419476,True,bear
2020-05-05,9003.0703125,9062.4150390625,8856.8271484375,8912.83203125,43148462663,1.0144678859214995,19497.400390625,-53.82425281254943,True,bear
2020-05-06,9268.76171875,9411.4677734375,8966.7060546875,9007.44140625,49371886931,2.9511199738283755,19497.400390625,-52.46155111423608,True,bear
2020-05-07,9951.5185546875,9992.6640625,9138.322265625,9261.8955078125,61112700562,7.366214135771076,19497.400390625,-48.959767172486636,True,bear
2020-05-08,9842.666015625,9996.7431640625,9767.1728515625,9936.162109375,51780748042,-1.0938284289408906,19497.400390625,-49.51805974935161,True,bear
2020-05-09,9593.896484375,9913.86328125,9580.64453125,9840.90625,46566121841,-2.5274608612654736,19497.400390625,-50.79397103119416,True,bear
2020-05-10,8756.4306640625,9595.5810546875,8395.107421875,9591.1689453125,63325279337,-8.729152140388742,19497.400390625,-55.08924016212497,True,bear
2020-05-11,8601.7958984375,9033.470703125,8374.3232421875,8755.53515625,57119858802,-1.7659566044374797,19497.400390625,-55.88234469158498,True,bear
2020-05-12,8804.4775390625,8949.8984375,8569.6435546875,8610.3857421875,42142717533,2.3562712138033515,19497.400390625,-54.84281307934782,True,bear
2020-05-13,9269.9873046875,9317.87890625,8805.3876953125,8805.3876953125,45558144023,5.287193516704303,19497.400390625,-52.455265220153045,True,bear
2020-05-14,9733.7216796875,9793.2685546875,9255.03515625,9271.3291015625,56426907637,5.002535168149658,19497.400390625,-50.076823142187735,True,bear
2020-05-15,9328.197265625,9755.828125,9261.3984375,9734.291015625,48158802327,-4.166180495059313,19497.400390625,-52.156712798951865,True,bear
2020-05-16,9377.013671875,9564.205078125,9260.6943359375,9333.240234375,36164766408,0.5233209039209763,19497.400390625,-51.90633887590583,True,bear
2020-05-17,9670.7392578125,9823.001953125,9349.5458984375,9374.9296875,40084250663,3.132400103227817,19497.400390625,-50.39985298520866,True,bear
2020-05-18,9726.5751953125,9906.0302734375,9570.359375,9675.6953125,41827139896,0.5773698991511145,19497.400390625,-50.11347666641055,True,bear
2020-05-19,9729.0380859375,9836.0478515625,9539.6240234375,9727.0634765625,39254288955,0.025321252090737545,19497.400390625,-50.100844774077956,True,bear
2020-05-20,9522.9814453125,9804.7939453125,9447.201171875,9725.3291015625,36546239703,-2.117954918100662,19497.400390625,-51.157686386276055,True,bear
2020-05-21,9081.76171875,9555.2421875,8869.9306640625,9522.740234375,39326160532,-4.633209978369557,19497.400390625,-53.42065333429367,True,bear
2020-05-22,9182.5771484375,9232.9365234375,9008.638671875,9080.3349609375,29810773699,1.110086707949609,19497.400390625,-52.90358219830789,True,bear
2020-05-23,9209.287109375,9302.501953125,9118.1083984375,9185.0625,27727866812,0.29087652089092586,19497.400390625,-52.766589776742066,True,bear
2020-05-24,8790.3681640625,9288.404296875,8787.2509765625,9212.283203125,32518803300,-4.548874851409979,19497.400390625,-54.91517849585116,True,bear
2020-05-25,8906.9345703125,8951.005859375,8719.66796875,8786.107421875,31288157264,1.3260696716498988,19497.400390625,-54.317322351367146,True,bear
2020-05-26,8835.052734375,8991.9677734375,8757.2939453125,8909.5859375,29584186947,-0.8070322664891605,19497.400390625,-54.68599630018785,True,bear
2020-05-27,9181.017578125,9203.3203125,8834.1572265625,8837.380859375,32740536902,3.9158209254817056,19497.400390625,-52.911581061137056,True,bear
2020-05-28,9525.7509765625,9546.3193359375,9148.45703125,9184.9453125,34367073114,3.7548495632866885,19497.400390625,-51.14348176825256,True,bear
2020-05-29,9439.1240234375,9573.6669921875,9379.3388671875,9528.35546875,32896642044,-0.9093976247976698,19497.400390625,-51.58778178461091,True,bear
2020-05-30,9700.4140625,9704.0302734375,9366.7294921875,9438.9140625,32722975141,2.768159825145977,19497.400390625,-50.24765420951049,True,bear
2020-05-31,9461.05859375,9700.34375,9432.296875,9700.10546875,27773290299,-2.4674768232348376,19497.400390625,-51.47528181090648,True,bear
2020-06-01,10167.2685546875,10199.5654296875,9450.8994140625,9463.60546875,35198901068,7.464386293982206,19497.400390625,-47.8532093972063,True,bear
2020-06-02,9529.8037109375,10182.3408203125,9460.5712890625,10162.9736328125,39137252109,-6.269774820259899,19497.400390625,-51.122695743993916,True,bear
2020-06-03,9656.7177734375,9682.859375,9471.8466796875,9533.7607421875,25007459262,1.3317594606312655,19497.400390625,-50.47176762046303,True,bear
2020-06-04,9800.63671875,9887.6103515625,9525.2470703125,9655.8544921875,25921805072,1.4903505382374727,19497.400390625,-49.73362334261508,True,bear
2020-06-05,9665.533203125,9869.2373046875,9663.216796875,9800.2158203125,23509628646,-1.3785177382049874,19497.400390625,-50.42655426119007,True,bear
2020-06-06,9653.6796875,9773.431640625,9591.0244140625,9664.904296875,20438419222,-0.12263695520872142,19497.400390625,-50.48734962563619,True,bear
2020-06-07,9758.8525390625,9768.498046875,9458.150390625,9653.0029296875,25015250846,1.0894586827723485,19497.400390625,-49.94792975706196,True,bear
2020-06-08,9771.4892578125,9782.306640625,9675.8857421875,9760.0634765625,21486346312,0.1294898011771073,19497.400390625,-49.883117430819354,True,bear
2020-06-09,9795.7001953125,9836.369140625,9664.7197265625,9774.3603515625,23717842783,0.24777121338637187,19497.400390625,-49.75894222276628,True,bear
2020-06-10,9870.0947265625,9908.896484375,9728.291015625,9794.119140625,25706567601,0.7594610876882513,19497.400390625,-49.37738093890521,True,bear
2020-06-11,9321.78125,9938.2978515625,9263.0693359375,9870.078125,30247143440,-5.555301055894358,19497.400390625,-52.1896198301276,True,bear
2020-06-12,9480.84375,9540.4658203125,9285.8515625,9320.6904296875,22610564515,1.7063530642279279,19497.400390625,-51.37380594307995,True,bear
2020-06-13,9475.27734375,9493.2119140625,9396.009765625,9480.7353515625,17564322315,-0.05871213994007585,19497.400390625,-51.40235542218219,True,bear
2020-06-14,9386.7880859375,9482.2705078125,9347.59375,9477.5537109375,18991732746,-0.9338962291258746,19497.400390625,-51.856206992338414,True,bear
2020-06-15,9450.7021484375,9504.8603515625,8990.17578125,9386.03515625,26699704768,0.6808938469139436,19497.400390625,-51.52839886807827,True,bear
2020-06-16,9538.0244140625,9579.4306640625,9400.4453125,9454.2666015625,21565537209,0.9239764861221245,19497.400390625,-51.080532671172406,True,bear
2020-06-17,9480.2548828125,9540.4228515625,9327.33984375,9533.7841796875,20177709879,-0.6056760681470541,19497.400390625,-51.376826177448145,True,bear
2020-06-18,9411.8408203125,9482.7822265625,9328.3955078125,9481.5673828125,17770083003,-0.7216479234543938,19497.400390625,-51.7277143016562,True,bear
2020-06-19,9288.0185546875,9440.8759765625,9274.2958984375,9410.2939453125,19632223107,-1.3156009327927487,19497.400390625,-52.36278494258399,True,bear
2020-06-20,9332.3408203125,9394.9716796875,9247.3798828125,9290.9599609375,17130541557,0.47719828900030237,19497.400390625,-52.1354609674026,True,bear
2020-06-21,9303.6298828125,9401.107421875,9300.4306640625,9330.9267578125,15324301169,-0.30764990320015784,19497.400390625,-52.282716175403586,True,bear
2020-06-22,9648.7177734375,9655.0732421875,9296.8720703125,9300.9150390625,21104009514,3.709174751916078,19497.400390625,-50.51279873148153,True,bear
2020-06-23,9629.658203125,9670.541015625,9547.2470703125,9644.076171875,17006433272,-0.19753474772544743,19497.400390625,-50.61055314966369,True,bear
2020-06-24,9313.6103515625,9680.3671875,9278.2333984375,9632.1494140625,18961716076,-3.282025643027875,19497.400390625,-52.231527460241345,True,bear
2020-06-25,9264.8134765625,9340.1611328125,9095.32421875,9314.126953125,18616048626,-0.5239308190707503,19497.400390625,-52.48180120967649,True,bear
2020-06-26,9162.91796875,9310.5166015625,9101.73828125,9260.9951171875,18341465837,-1.0998117562784016,19497.400390625,-53.00441194634421,True,bear
2020-06-27,9045.390625,9207.810546875,8998.216796875,9167.82421875,17273093144,-1.2826410118569775,19497.400390625,-53.607196632483756,True,bear
2020-06-28,9143.58203125,9197.546875,8975.525390625,9048.4609375,14560870760,1.0855408054862181,19497.400390625,-53.10358382112038,True,bear
2020-06-29,9190.8544921875,9237.5732421875,9041.8759765625,9140.029296875,16460547078,0.5170015512075743,19497.400390625,-52.86112862201482,True,bear
2020-06-30,9137.9931640625,9217.8359375,9084.837890625,9185.5810546875,15735797744,-0.5751513982724221,19497.400390625,-53.13224849987513,True,bear
2020-07-01,9228.3251953125,9309.7548828125,9104.7353515625,9145.9853515625,15971550355,0.988532488788163,19497.400390625,-52.6689455495319,True,bear
2020-07-02,9123.41015625,9274.962890625,9036.623046875,9231.1396484375,16338916796,-1.1368806022981404,19497.400390625,-53.20704312644244,True,bear
2020-07-03,9087.3037109375,9202.3447265625,9058.794921875,9124.8427734375,13078970999,-0.395756024273064,19497.400390625,-53.39222907220504,True,bear
2020-07-04,9132.48828125,9183.2958984375,9053.6298828125,9084.2333984375,12290528515,0.4972274697731871,19497.400390625,-53.16048243210307,True,bear
2020-07-05,9073.9423828125,9162.18359375,8977.015625,9126.0908203125,12903406143,-0.641072801130238,19497.400390625,-53.460757839411485,True,bear
2020-07-06,9375.474609375,9375.474609375,9058.6640625,9072.849609375,17889263252,3.32305643833104,19497.400390625,-51.91423255644357,True,bear
2020-07-07,9252.27734375,9360.6171875,9201.8154296875,9349.1611328125,13839652595,-1.314037643510968,19497.400390625,-52.54609764182304,True,bear
2020-07-08,9428.3330078125,9450.3359375,9249.5,9253.0205078125,19702359883,1.9028359994139876,19497.400390625,-51.64312770462489,True,bear
2020-07-09,9277.9677734375,9431.37890625,9234.9990234375,9427.994140625,18000702524,-1.5948231171979632,19497.400390625,-52.41433428274542,True,bear
2020-07-10,9278.8076171875,9287.4716796875,9118.001953125,9273.357421875,16860035605,0.009052022711308894,19497.400390625,-52.41002681747737,True,bear
2020-07-11,9240.3466796875,9293.5322265625,9199.4853515625,9277.51171875,13249910444,-0.4145030168397623,19497.400390625,-52.607288692032164,True,bear
2020-07-12,9276.5,9319.4189453125,9197.4501953125,9241.0546875,14452361907,0.3912550206798482,19497.400390625,-52.42186232960344,True,bear
2020-07-13,9243.6142578125,9306.4052734375,9224.29296875,9277.205078125,17519821266,-0.3545059255915528,19497.400390625,-52.590529646931095,True,bear
2020-07-14,9243.2138671875,9283.841796875,9171.6611328125,9238.703125,18085038362,-0.004331537576462985,19497.400390625,-52.592583205954234,True,bear
2020-07-15,9192.8369140625,9275.3251953125,9171.93359375,9241.8974609375,15844731575,-0.5450155524782674,19497.400390625,-52.85096100050999,True,bear
2020-07-16,9132.2275390625,9214.3125,9088.947265625,9191.98046875,15713967523,-0.6593108913667822,19497.400390625,-53.161819749808394,True,bear
2020-07-17,9151.392578125,9182.25390625,9089.2021484375,9131.8125,13944570749,0.2098616025556055,19497.400390625,-53.06352439412747,True,bear
2020-07-18,9159.0400390625,9230.9833984375,9100.82421875,9151.18359375,12252601475,0.08356608977502233,19497.400390625,-53.02430141678543,True,bear
2020-07-19,9185.8173828125,9201.3984375,9097.6328125,9158.005859375,12939002784,0.2923597193133398,19497.400390625,-52.88696339626207,True,bear
2020-07-20,9164.2314453125,9214.2705078125,9137.509765625,9187.220703125,13755604146,-0.23499201650132306,19497.400390625,-52.99767527101219,True,bear
2020-07-21,9374.8876953125,9407.2626953125,9149.3896484375,9162.5146484375,18069581956,2.298678850016933,19497.400390625,-51.91724277345067,True,bear
2020-07-22,9525.36328125,9530.5185546875,9319.6533203125,9375.080078125,16532254884,1.6050921443329758,19497.400390625,-51.145470214428634,True,bear
2020-07-23,9581.072265625,9610.2470703125,9483.00390625,9527.1416015625,18146399002,0.584848921034431,19497.400390625,-50.859745024101265,True,bear
2020-07-24,9536.892578125,9623.3369140625,9481.4541015625,9585.5146484375,16552768325,-0.4611142289210002,19497.400390625,-51.086337731923194,True,bear
2020-07-25,9677.11328125,9704.556640625,9530.2119140625,9539.4853515625,16610070933,1.4702976045533722,19497.400390625,-50.36716132729634,True,bear
2020-07-26,9905.1669921875,10023.8076171875,9652.84765625,9680.234375,20507998997,2.356629547567324,19497.400390625,-49.19749918583898,True,bear
2020-07-27,10990.873046875,11298.2216796875,9903.9697265625,9905.2177734375,35359749590,10.96100707382146,19497.400390625,-43.629033477920586,True,bear
2020-07-28,10912.8232421875,11204.3271484375,10632.6318359375,11017.4638671875,28766551142,-0.7101328925793737,19497.400390625,-44.02934225305878,True,bear
2020-07-29,11100.4677734375,11304.3974609375,10856.1416015625,10912.953125,24617249715,1.7194865809297744,19497.400390625,-43.06693430384199,True,bear
2020-07-30,11111.2138671875,11169.3564453125,10895.455078125,11099.8330078125,22857247901,0.09680757576464583,19497.400390625,-43.01181878313305,True,bear
2020-07-31,11323.466796875,11415.8642578125,10987.0537109375,11110.2109375,23160469766,1.9102587010254801,19497.400390625,-41.92319709288167,True,bear
2020-08-01,11759.5927734375,11794.775390625,11239.6826171875,11322.5703125,26075670303,3.851523428168302,19497.400390625,-39.68635542258288,True,bear
2020-08-02,11053.6142578125,12034.14453125,11018.1298828125,11758.7646484375,27410067336,-6.0034265575901635,19497.400390625,-43.30724077899407,True,bear
2020-08-03,11246.3486328125,11453.0791015625,11012.4150390625,11043.7685546875,20271713443,1.7436321777176023,19497.400390625,-42.318727586780646,True,bear
2020-08-04,11205.892578125,11385.3818359375,11094.1455078125,11246.203125,21250197042,-0.359726129861071,19497.400390625,-42.526222195687346,True,bear
2020-08-05,11747.0224609375,11786.6171875,11158.28515625,11203.8232421875,24411254471,4.828976175167332,19497.400390625,-39.75082715854848,True,bear
2020-08-06,11779.7734375,11902.3359375,11598.7138671875,11749.87109375,23400740340,0.2788023660583505,19497.400390625,-39.582851039135925,True,bear
2020-08-07,11601.47265625,11898.0380859375,11408.59375,11778.89453125,23132312867,-1.513618086086388,19497.400390625,-40.49733593290532,True,bear
2020-08-08,11754.0458984375,11800.064453125,11558.431640625,11604.5537109375,17572057837,1.3151196120374076,19497.400390625,-39.71480472807423,True,bear
2020-08-09,11675.7392578125,11806.056640625,11548.7841796875,11737.3251953125,17489608833,-0.6662100973708895,19497.400390625,-40.11643078619556,True,bear
2020-08-10,11878.111328125,12045.140625,11662.2568359375,11662.2568359375,26114112569,1.7332698670629254,19497.400390625,-39.07848692569091,True,bear
2020-08-11,11410.525390625,11932.7109375,11195.708984375,11881.6474609375,27039782640,-3.9365343915648388,19497.400390625,-41.47668323972277,True,bear
2020-08-12,11584.9345703125,11748.396484375,11249.60546875,11404.5966796875,25064548486,1.5284938573538076,19497.400390625,-40.58215793792221,True,bear
2020-08-13,11784.1376953125,11796.396484375,11216.8720703125,11588.4052734375,27522199497,1.7195015111304723,19497.400390625,-39.56046724578367,True,bear
2020-08-14,11768.87109375,12150.994140625,11685.455078125,11772.6591796875,24237958589,-0.12955213149429268,19497.400390625,-39.638767948731946,True,bear
2020-08-15,11865.6982421875,11963.203125,11768.697265625,11768.697265625,23354924400,0.8227394765919493,19497.400390625,-39.14215226408889,True,bear
2020-08-16,11892.8037109375,11934.9013671875,11737.1884765625,11866.685546875,20583375490,0.22843551383793237,19497.400390625,-39.003131326902654,True,bear
2020-08-17,12254.40234375,12359.056640625,11806.6962890625,11895.658203125,28227687027,3.040482644811049,19497.400390625,-37.14853212101894,True,bear
2020-08-18,11991.2333984375,12335.70703125,11954.525390625,12251.8955078125,26043227672,-2.1475461465219614,19497.400390625,-38.498296397486484,True,bear
2020-08-19,11758.283203125,12028.923828125,11687.3330078125,11990.884765625,24502851117,-1.9426708460436926,19497.400390625,-39.69307206319272,True,bear
2020-08-20,11878.3720703125,11900.4111328125,11710.0634765625,11761.5,20175242945,1.021312934149976,19497.400390625,-39.077149607985596,True,bear
2020-08-21,11592.4892578125,11899.259765625,11564.9794921875,11878.0263671875,23762425999,-2.406750780391065,19497.400390625,-40.543410785231885,True,bear
2020-08-22,11681.8251953125,11689.4072265625,11448.8056640625,11585.4775390625,20224191306,0.7706363621583279,19497.400390625,-40.085216689043776,True,bear
2020-08-23,11664.84765625,11713.4296875,11559.9208984375,11679.6962890625,18482062658,-0.14533293195752028,19497.400390625,-40.172292600305596,True,bear
2020-08-24,11774.595703125,11807.6318359375,11623.25,11663.689453125,20681511755,0.9408442365399949,19497.400390625,-39.60940706338155,True,bear
2020-08-25,11366.134765625,11778.2998046875,11189.8505859375,11773.5888671875,26301509932,-3.4690018052305094,19497.400390625,-41.70435782254225,True,bear
2020-08-26,11488.36328125,11530.052734375,11296.9931640625,11366.89453125,22466660958,1.0753745063331488,19497.400390625,-41.07746134826268,True,bear
2020-08-27,11323.3974609375,11570.7861328125,11185.94140625,11485.6083984375,23240415076,-1.435938403704018,19497.400390625,-41.923552709200315,True,bear
2020-08-28,11542.5,11545.615234375,11316.4228515625,11325.2958984375,19807127588,1.934954061432026,19497.400390625,-40.79980013361156,True,bear
2020-08-29,11506.865234375,11585.640625,11466.29296875,11541.0546875,17485597759,-0.3087265811132722,19497.400390625,-40.98256688667129,True,bear
2020-08-30,11711.505859375,11715.2646484375,11492.3818359375,11508.7138671875,19760127945,1.7784220187846422,19497.400390625,-39.93298786126236,True,bear
2020-08-31,11680.8203125,11768.876953125,11598.318359375,11713.306640625,22285928250,-0.26201196706430174,19497.400390625,-40.090370621323814,True,bear
2020-09-01,11970.478515625,12067.0810546875,11601.12890625,11679.31640625,27311555343,2.4797762089964426,19497.400390625,-38.60474588509345,True,bear
2020-09-02,11414.0341796875,11964.8232421875,11290.7939453125,11964.8232421875,28037405299,-4.648471948812871,19497.400390625,-41.45868705052727,True,bear
2020-09-03,10245.296875,11443.0224609375,10182.46484375,11407.19140625,31927261555,-10.23947612464131,19497.400390625,-47.45301081304007,True,bear
2020-09-04,10511.8134765625,10663.919921875,10207.9404296875,10230.365234375,29965130374,2.601355576262887,19497.400390625,-46.08607677966684,True,bear
2020-09-05,10169.5673828125,10581.5712890625,9946.67578125,10512.5302734375,44916565292,-3.255823502891142,19497.400390625,-47.84141896320513,True,bear
2020-09-06,10280.3515625,10353.927734375,10056.8857421875,10167.216796875,37071460174,1.0893696409813414,19497.400390625,-47.27321921622364,True,bear
2020-09-07,10369.5634765625,10399.1533203125,9916.4931640625,10280.998046875,33703098409,0.867790498409815,19497.400390625,-46.815661222464655,True,bear
2020-09-08,10131.5166015625,10414.775390625,9945.1103515625,10369.306640625,33430927462,-2.2956306264775628,19497.400390625,-48.03657719193134,True,bear
2020-09-09,10242.34765625,10350.54296875,10017.2509765625,10134.1513671875,24128292755,1.0939236349907233,19497.400390625,-47.46813702828372,True,bear
2020-09-10,10363.138671875,10503.912109375,10238.1357421875,10242.330078125,54406443211,1.1793293850096198,19497.400390625,-46.848613331765286,True,bear
2020-09-11,10400.9150390625,10434.9228515625,10140.8369140625,10369.0283203125,45201121775,0.36452631180188266,19497.400390625,-46.654862542272014,True,bear
2020-09-12,10442.1708984375,10578.837890625,10292.38671875,10409.861328125,36750077324,0.3966560559340859,19497.400390625,-46.44326582399957,True,bear
2020-09-13,10323.755859375,10577.21484375,10224.330078125,10452.3994140625,36506852789,-1.1340078630605377,19497.400390625,-47.05060340075384,True,bear
2020-09-14,10680.837890625,10800.0107421875,10266.0087890625,10328.734375,35453581940,3.45883839286778,19497.400390625,-45.21916934238729,True,bear
2020-09-15,10796.951171875,10938.6318359375,10656.4599609375,10677.7548828125,32509451925,1.0871177190313608,19497.400390625,-44.623637225675814,True,bear
2020-09-16,10974.9052734375,11100.1240234375,10704.884765625,10797.76171875,30769986455,1.648188444401355,19497.400390625,-43.71093041349964,True,bear
2020-09-17,10948.990234375,11037.4208984375,10774.6279296875,10973.251953125,38151810523,-0.23612995663134795,19497.400390625,-43.84384576910243,True,bear
2020-09-18,10944.5859375,11034.908203125,10829.6572265625,10951.8203125,26341903912,-0.040225598714782596,19497.400390625,-43.866434918357,True,bear
2020-09-19,11094.3466796875,11134.0927734375,10909.6181640625,10933.7529296875,22764204008,1.3683545731443925,19497.400390625,-43.09832871349335,True,bear
2020-09-20,10938.271484375,11095.8701171875,10814.4775390625,11095.8701171875,24699523788,-1.4067993350005525,19497.400390625,-43.89882104675613,True,bear
2020-09-21,10462.259765625,10988.3046875,10380.2607421875,10934.92578125,28884999244,-4.351800185522626,19497.400390625,-46.340232256523784,True,bear
2020-09-22,10538.4599609375,10568.0771484375,10382.7265625,10459.6240234375,23621787804,0.7283340025915352,19497.400390625,-45.9494099223364,True,bear
2020-09-23,10246.1865234375,10537.828125,10197.865234375,10535.4921875,23788661867,-2.773397997272453,19497.400390625,-47.44844790506426,True,bear
2020-09-24,10760.06640625,10771.056640625,10231.490234375,10248.7861328125,47144380902,5.015328206616498,19497.400390625,-44.81281508983219,True,bear
2020-09-25,10692.716796875,10777.6962890625,10578.9140625,10761.109375,39348590957,-0.6259218747560857,19497.400390625,-45.15824375224702,True,bear
2020-09-26,10750.7236328125,10772.9990234375,10667.28125,10695.5751953125,46852525493,0.5424892199001441,19497.400390625,-44.86073313659904,True,bear
2020-09-27,10775.26953125,10803.9765625,10622.921875,10746.892578125,53745972818,0.22831856976197606,19497.400390625,-44.734839951119284,True,bear
2020-09-28,10709.65234375,10945.34765625,10703.8935546875,10776.61328125,47762394731,-0.6089609852421796,19497.400390625,-45.07138321424862,True,bear
2020-09-29,10844.640625,10860.0009765625,10649.4951171875,10709.650390625,46582396602,1.2604356977915954,19497.400390625,-44.37904331997785,True,bear
2020-09-30,10784.4912109375,10847.2568359375,10669.3212890625,10843.87109375,44171073700,-0.554646448346463,19497.400390625,-44.68754298073993,True,bear
2020-10-01,10619.4521484375,10933.6240234375,10472.3564453125,10795.2548828125,40023134100,-1.530337030017881,19497.400390625,-45.53400999271838,True,bear
2020-10-02,10575.974609375,10657.837890625,10416.689453125,10619.8212890625,48661453918,-0.409414143543152,19497.400390625,-45.75700145922899,True,bear
2020-10-03,10549.3291015625,10598.9404296875,10511.1298828125,10575.1005859375,44660271563,-0.25194375739971964,19497.400390625,-45.89366330787888,True,bear
2020-10-04,10669.5830078125,10686.0,10534.3916015625,10550.4404296875,71251776995,1.1399199427022166,19497.400390625,-45.27689438565978,True,bear
2020-10-05,10793.33984375,10793.5078125,10634.6005859375,10676.529296875,47537578009,1.159903211277169,19497.400390625,-44.64215932632845,True,bear
2020-10-06,10604.40625,10797.578125,10528.890625,10796.306640625,42623695307,-1.7504646058134066,19497.400390625,-45.61117873386365,True,bear
2020-10-07,10668.96875,10680.5078125,10562.5068359375,10603.35546875,37799458436,0.6088271090142428,19497.400390625,-45.280044845722124,True,bear
2020-10-08,10915.685546875,10945.7373046875,10562.6064453125,10669.37109375,63314794397,2.3124708925124526,19497.400390625,-44.01466181038357,True,bear
2020-10-09,11064.4580078125,11102.671875,10846.8505859375,10927.9130859375,22799117613,1.3629236597062944,19497.400390625,-43.25162439023072,True,bear
2020-10-10,11296.361328125,11442.2109375,11056.9404296875,11059.142578125,22877978588,2.095930231275278,19497.400390625,-42.06221803006791,True,bear
2020-10-11,11384.181640625,11428.8134765625,11288.6279296875,11296.08203125,19968627060,0.7774212416643334,19497.400390625,-41.611797406084484,True,bear
2020-10-12,11555.36328125,11698.4677734375,11240.6865234375,11392.6357421875,26163972642,1.503679807902314,19497.400390625,-40.73382579348268,True,bear
2020-10-13,11425.8994140625,11548.984375,11321.224609375,11548.7197265625,24241420251,-1.1203790312466544,19497.400390625,-41.397831581914616,True,bear
2020-10-14,11429.5068359375,11539.9775390625,11307.8310546875,11429.0478515625,24103426719,0.03157232305546209,19497.400390625,-41.37932951598415,True,bear
2020-10-15,11495.349609375,11569.9140625,11303.603515625,11426.6025390625,24487233058,0.5760771167350187,19497.400390625,-41.041629247649105,True,bear
2020-10-16,11322.123046875,11540.0615234375,11223.0126953125,11502.828125,25635480772,-1.506927308750361,19497.400390625,-41.93008903731056,True,bear
2020-10-17,11358.1015625,11386.26171875,11285.345703125,11322.123046875,19130430174,0.31777181254826203,19497.400390625,-41.74555922869926,True,bear
2020-10-18,11483.359375,11483.359375,11347.578125,11355.982421875,18283314340,1.1028058853915557,19497.400390625,-41.10312582737142,True,bear
2020-10-19,11742.037109375,11799.0927734375,11408.2900390625,11495.0380859375,23860769928,2.252631185070797,19497.400390625,-39.77639647272688,True,bear
2020-10-20,11916.3349609375,11999.91796875,11681.48046875,11745.974609375,30915821592,1.4843919324981414,19497.400390625,-38.882442160508376,True,bear
2020-10-21,12823.689453125,13184.56640625,11900.9287109375,11913.0771484375,43414712626,7.614375520341321,19497.400390625,-34.228721797747674,True,bear
2020-10-22,12965.8916015625,13161.59375,12717.09375,12801.6357421875,34729759598,1.1089019970212055,19497.400390625,-33.49938278029653,True,bear
2020-10-23,12931.5390625,13015.9619140625,12752.6474609375,12971.548828125,28974975003,-0.26494544392426933,19497.400390625,-33.67557313580166,True,bear
2020-10-24,13108.0625,13145.06640625,12885.7470703125,12931.57421875,24542317940,1.36506131750318,19497.400390625,-32.77020404062281,True,bear
2020-10-25,13031.173828125,13329.18359375,12910.0615234375,13108.0634765625,24406920575,-0.586575413986623,19497.400390625,-33.16455749459388,True,bear
2020-10-26,13075.248046875,13225.2978515625,12822.3828125,13031.201171875,29461458313,0.3382214014740148,19497.400390625,-32.93850572427074,True,bear
2020-10-27,13654.21875,13759.6689453125,13060.837890625,13075.2421875,33749878156,4.427990207523247,19497.400390625,-29.969029324722673,True,bear
2020-10-28,13271.28515625,13837.6953125,12932.2509765625,13654.21484375,35867318895,-2.804507535445777,19497.400390625,-31.93305317445665,True,bear
2020-10-29,13437.8828125,13612.0478515625,12980.0595703125,13271.298828125,56499499598,1.2553242153156674,19497.400390625,-31.07859230832957,True,bear
2020-10-30,13546.5224609375,13651.5166015625,13136.1982421875,13437.8740234375,30581485201,0.808458072996765,19497.400390625,-30.521391623823245,True,bear
2020-10-31,13780.9951171875,14028.2138671875,13457.5302734375,13546.5322265625,30306464719,1.730869726353168,19497.400390625,-29.31880742514853,True,bear
2020-11-01,13737.109375,13862.033203125,13628.3779296875,13780.9951171875,24453857900,-0.3184511845067406,19497.400390625,-29.543892520126636,True,bear
2020-11-02,13550.4892578125,13808.3232421875,13243.16015625,13737.0322265625,30771455468,-1.3585108198026608,19497.400390625,-30.5010463634525,True,bear
2020-11-03,13950.30078125,13984.9814453125,13325.44140625,13550.451171875,29869951617,2.950532012761009,19497.400390625,-28.450457487872228,True,bear
2020-11-04,14133.70703125,14218.7666015625,13580.4716796875,13950.48828125,35116364962,1.3147117963686394,19497.400390625,-27.509787212217496,True,bear
2020-11-05,15579.8486328125,15706.404296875,14102.0888671875,14133.7333984375,40856321439,10.231863433740651,19497.400390625,-20.092687636943584,True,bear
2020-11-06,15565.880859375,15903.4375,15226.83984375,15579.7294921875,39837841971,-0.08965281862933772,19497.400390625,-20.164326794768016,True,bear
2020-11-07,14833.75390625,15737.095703125,14423.203125,15565.880859375,35024953706,-4.70340843373509,19497.400390625,-23.91932458143208,True,bear
2020-11-08,15479.5673828125,15637.3203125,14744.1103515625,14833.75390625,26632075029,4.353675277640923,19497.400390625,-20.607019024671658,True,bear
2020-11-09,15332.3154296875,15785.13671875,14865.529296875,15479.595703125,34149115566,-0.9512665921690977,19497.400390625,-21.362257929217122,True,bear
2020-11-10,15290.90234375,15450.3291015625,15124.9599609375,15332.3505859375,25574938143,-0.2701032738819942,19497.400390625,-21.574661045057187,True,bear
2020-11-11,15701.33984375,15916.2607421875,15290.0068359375,15290.9091796875,29772374934,2.684194109497806,19497.400390625,-19.469572716474925,False,bull
2020-11-12,16276.34375,16305.00390625,15534.771484375,15701.298828125,34175758344,3.6621327349900312,19497.400390625,-16.520441577297618,False,bull
2020-11-13,16317.80859375,16463.177734375,15992.15234375,16276.4404296875,31599492172,0.2547552717421464,19497.400390625,-16.307773001388703,False,bull
2020-11-14,16068.138671875,16317.80859375,15749.193359375,16317.80859375,27481710135,-1.5300456580341737,19497.400390625,-17.588302286693068,False,bull
2020-11-15,15955.587890625,16123.1103515625,15793.5341796875,16068.1396484375,23653867583,-0.7004593596581565,19497.400390625,-18.165562736779115,False,bull
2020-11-16,16716.111328125,16816.181640625,15880.7060546875,15955.5771484375,31526766675,4.766502135260464,19497.400390625,-14.264922537249303,False,bull
2020-11-17,17645.40625,17782.919921875,16564.544921875,16685.69140625,39006849170,5.559276937282975,19497.400390625,-9.498672148700916,False,bull
2020-11-18,17804.005859375,18393.94921875,17352.90625,17645.19140625,49064800278,0.8988152900985202,19497.400390625,-8.685232376231244,False,bull
2020-11-19,17817.08984375,18119.546875,17382.5546875,17803.861328125,36985055355,0.07348899162549216,19497.400390625,-8.61812607429937,False,bull
2020-11-20,18621.314453125,18773.2265625,17765.794921875,17817.083984375,36992873940,4.513782084660201,19497.400390625,-4.493347420414318,False,bull
2020-11-21,18642.232421875,18936.62109375,18444.359375,18621.31640625,39650210707,0.11233347035009,19497.400390625,-4.386061483156456,False,bull
2020-11-22,18370.001953125,18688.96875,17671.384765625,18642.232421875,41280434226,-1.4602889964538845,19497.400390625,-5.78230130639411,False,bull
2020-11-23,18364.12109375,18711.42578125,18000.796875,18370.017578125,42741112308,-0.0320133845930215,19497.400390625,-5.812463580631588,False,bull
2020-11-24,19107.46484375,19348.271484375,18128.65625,18365.015625,51469565009,4.0478046632625775,19497.400390625,-1.9999360892362539,False,bull
2020-11-25,18732.12109375,19390.96484375,18581.146484375,19104.41015625,43710357371,-1.964382784787766,19497.400390625,-3.92503247378031,False,bull
2020-11-26,17150.623046875,18866.28515625,16351.03515625,18729.83984375,61396835737,-8.442706722639482,19497.400390625,-12.036360215890163,False,bull
2020-11-27,17108.40234375,17445.0234375,16526.423828125,17153.9140625,38886494645,-0.24617591448197196,19497.400390625,-12.252905510540312,False,bull
2020-11-28,17717.4140625,17853.939453125,16910.65234375,17112.93359375,32601040734,3.5597229157547927,19497.400390625,-9.129352080090003,False,bull
2020-11-29,18177.484375,18283.62890625,17559.1171875,17719.634765625,31133957704,2.596712538731971,19497.400390625,-6.7697025715267145,False,bull
2020-11-30,19625.8359375,19749.263671875,18178.322265625,18178.322265625,47728480399,7.967832801396635,19625.8359375,0.0,False,bull
2020-12-01,18802.998046875,19845.974609375,18321.921875,19633.76953125,49633658712,-4.192625951044282,19625.8359375,-4.192625951044282,False,bull
2020-12-02,19201.091796875,19308.330078125,18347.71875,18801.744140625,37387697139,2.1171823185194727,19625.8359375,-2.1642091678419795,False,bull
2020-12-03,19445.3984375,19566.19140625,18925.78515625,19205.92578125,31930317405,1.2723580680175761,19625.8359375,-0.9193875897802073,False,bull
2020-12-04,18699.765625,19511.404296875,18697.193359375,19446.966796875,33872388058,-3.8344949058079725,19625.8359375,-4.71862862529343,False,bull
2020-12-05,19154.23046875,19160.44921875,18590.193359375,18698.384765625,27242455064,2.4303237423597412,19625.8359375,-2.4029828347279847,False,bull
2020-12-06,19345.12109375,19390.5,18897.89453125,19154.1796875,25293775714,0.9965977245154134,19625.8359375,-1.430333182463961,False,bull
2020-12-07,19191.630859375,19411.828125,18931.142578125,19343.12890625,26896357742,-0.7934312410408761,19625.8359375,-2.2124157131841904,False,bull
2020-12-08,18321.14453125,19283.478515625,18269.9453125,19191.529296875,31692288756,-4.53576006387062,19625.8359375,-6.647825908689398,False,bull
2020-12-09,18553.916015625,18626.29296875,17935.546875,18320.884765625,34420373071,1.2705073309037251,19625.8359375,-5.461779693301283,False,bull
2020-12-10,18264.9921875,18553.298828125,17957.064453125,18553.298828125,25547132265,-1.5572121156616547,19625.8359375,-6.9339403138480975,False,bull
2020-12-11,18058.904296875,18268.453125,17619.533203125,18263.9296875,27919640985,-1.1283218109780502,19625.8359375,-7.984024963904801,False,bull
2020-12-12,18803.65625,18919.55078125,18046.041015625,18051.3203125,21752580802,4.1240151721379625,19625.8359375,-4.189272192625548,False,bull
2020-12-13,19142.3828125,19381.53515625,18734.33203125,18806.765625,25450468637,1.8013866983980886,19625.8359375,-2.4633504862651145,False,bull
2020-12-14,19246.64453125,19305.099609375,19012.708984375,19144.4921875,22473997681,0.5446642655266398,19625.8359375,-1.932103210571845,False,bull
2020-12-15,19417.076171875,19525.0078125,19079.841796875,19246.919921875,26741982541,0.8855135259981495,19625.8359375,-1.0636987198395564,False,bull
2020-12-16,21310.59765625,21458.908203125,19298.31640625,19418.818359375,44409011479,9.751836309514527,21310.59765625,0.0,False,bull
2020-12-17,22805.162109375,23642.66015625,21234.67578125,21308.3515625,71378606374,7.013245133867341,22805.162109375,0.0,False,bull
2020-12-18,23137.9609375,23238.6015625,22399.8125,22806.796875,40387896275,1.459313582288413,23137.9609375,0.0,False,bull
2020-12-19,23869.83203125,24085.85546875,22826.47265625,23132.865234375,38487546580,3.1630751548372027,23869.83203125,0.0,False,bull
2020-12-20,23477.294921875,24209.66015625,23147.7109375,23861.765625,37844228422,-1.644490454985592,23869.83203125,-1.644490454985592,False,bull
2020-12-21,22803.08203125,24059.982421875,22159.3671875,23474.455078125,45852713981,-2.871765647910318,23869.83203125,-4.469030190926471,False,bull
2020-12-22,23783.029296875,23789.90234375,22430.60546875,22794.0390625,44171632681,4.2974334095805755,23869.83203125,-0.3636503778550182,False,bull
2020-12-23,23241.345703125,24024.490234375,22802.646484375,23781.974609375,51146161904,-2.2776055438033516,23869.83203125,-2.632973400492289,False,bull
2020-12-24,23735.94921875,23768.337890625,22777.59765625,23240.203125,41080759713,2.128119094061298,23869.83203125,-0.5608871161084106,False,bull
2020-12-25,24664.791015625,24710.1015625,23463.673828125,23733.5703125,42068395846,3.913227940938091,24664.791015625,0.0,False,bull
2020-12-26,26437.037109375,26718.0703125,24522.689453125,24677.015625,48332647295,7.185327832809496,26437.037109375,0.0,False,bull
2020-12-27,26272.294921875,28288.83984375,25922.76953125,26439.373046875,66479895605,-0.6231492085078671,26437.037109375,-0.6231492085078671,False,bull
2020-12-28,27084.80859375,27389.111328125,26207.640625,26280.822265625,49056742893,3.092663485588698,27084.80859375,0.0,False,bull
2020-12-29,27362.4375,27370.720703125,25987.298828125,27081.810546875,45265946774,1.0250355112868093,27362.4375,0.0,False,bull
2020-12-30,28840.953125,28937.740234375,27360.08984375,27360.08984375,51287442704,5.4034499850387885,28840.953125,0.0,False,bull
2020-12-31,29001.720703125,29244.876953125,28201.9921875,28841.57421875,46754964848,0.5574281038085438,29001.720703125,0.0,False,bull
2021-01-01,29374.15234375,29600.626953125,28803.5859375,28994.009765625,40730301359,1.2841708408869223,29374.15234375,0.0,False,bull
2021-01-02,32127.267578125,33155.1171875,29091.181640625,29376.455078125,67865420765,9.372577639540935,32127.267578125,0.0,False,bull
2021-01-03,32782.0234375,34608.55859375,32052.31640625,32129.408203125,78665235202,2.0380066800975483,32782.0234375,0.0,False,bull
2021-01-04,31971.9140625,33440.21875,28722.755859375,32810.94921875,81163475344,-2.471200036033472,32782.0234375,-2.471200036033472,False,bull
2021-01-05,33992.4296875,34437.58984375,30221.1875,31977.041015625,67547324782,6.319658000613337,33992.4296875,0.0,False,bull
2021-01-06,36824.36328125,36879.69921875,33514.03515625,34013.61328125,75289433811,8.331071417326141,36824.36328125,0.0,False,bull
2021-01-07,39371.04296875,40180.3671875,36491.19140625,36833.875,84762141031,6.91574669750421,39371.04296875,0.0,False,bull
2021-01-08,40797.609375,41946.73828125,36838.63671875,39381.765625,88107519480,3.62338992996023,40797.609375,0.0,False,bull
2021-01-09,40254.546875,41436.3515625,38980.875,40788.640625,61984162837,-1.3311135341493308,40797.609375,-1.3311135341493308,False,bull
2021-01-10,38356.44140625,41420.19140625,35984.62890625,40254.21875,79980747690,-4.715257321474942,40797.609375,-5.9836054272481505,False,bull
2021-01-11,35566.65625,38346.53125,30549.599609375,38346.53125,123320567399,-7.273315912449108,40797.609375,-12.821714814019048,False,bull
2021-01-12,33922.9609375,36568.52734375,32697.9765625,35516.359375,74773277909,-4.621450217153877,40797.609375,-16.850615864057595,False,bull
2021-01-13,37316.359375,37599.9609375,32584.66796875,33915.12109375,69364315979,10.003249550509551,40797.609375,-8.532975469227477,False,bull
2021-01-14,39187.328125,39966.40625,36868.5625,37325.109375,63615990033,5.0138030111625875,40797.609375,-3.946999039082788,False,bull
2021-01-15,36825.3671875,39577.7109375,34659.58984375,39156.70703125,67760757881,-6.027358971670127,40797.609375,-9.736458210059029,False,bull
2021-01-16,36178.140625,37864.3671875,35633.5546875,36821.6484375,57706187875,-1.7575563040677422,40797.609375,-11.322890779062956,False,bull
2021-01-17,35791.27734375,36722.3515625,34069.3203125,36163.6484375,52359854336,-1.0693288117263444,40797.609375,-12.271140657368484,False,bull
2021-01-18,36630.07421875,37299.28515625,34883.84375,35792.23828125,49511702429,2.3435790428599335,40797.609375,-10.215145495274502,False,bull
2021-01-19,36069.8046875,37755.890625,36069.8046875,36642.234375,57244195486,-1.5295342507474663,40797.609375,-11.588435596908065,False,bull
2021-01-20,35547.75,36378.328125,33570.4765625,36050.11328125,66834573161,-1.4473454791977813,40797.609375,-12.86805637738424,False,bull
2021-01-21,30825.69921875,35552.6796875,30250.75,35549.3984375,75643067688,-13.283684006020069,40797.609375,-24.442388436516083,True,bear
2021-01-22,33005.76171875,33811.8515625,28953.373046875,30817.625,77207272511,7.072224005462169,40797.609375,-19.09878489356951,False,bull
2021-01-23,32067.642578125,33360.9765625,31493.16015625,32985.7578125,48354737975,-2.842289017956734,40797.609375,-21.39823124593314,True,bear
2021-01-24,32289.37890625,32944.0078125,31106.685546875,32064.376953125,48643830599,0.6914643868341619,40797.609375,-20.854728007577037,True,bear
2021-01-25,32366.392578125,34802.7421875,32087.787109375,32285.798828125,59897054838,0.23851084933719235,40797.609375,-20.66595794713768,True,bear
2021-01-26,32569.849609375,32794.55078125,31030.265625,32358.61328125,60255421470,0.6286058316783416,40797.609375,-20.16725953228724,True,bear
2021-01-27,30432.546875,32564.029296875,29367.138671875,32564.029296875,62576762015,-6.562212475675022,40797.609375,-25.406053586932753,True,bear
2021-01-28,33466.09765625,33858.3125,30023.20703125,30441.041015625,76517157706,9.968113394222765,40797.609375,-17.97044442325243,False,bull
2021-01-29,34316.38671875,38406.26171875,32064.814453125,34318.671875,117894572511,2.540747568580648,40797.609375,-15.886280484418702,False,bull
2021-01-30,34269.5234375,34834.70703125,32940.1875,34295.93359375,65141828798,-0.13656239986477026,40797.609375,-16.001148198404703,False,bull
2021-01-31,33114.359375,34288.33203125,32270.17578125,34270.87890625,52754542671,-3.3708203284669613,40797.609375,-18.832598570611715,False,bull
2021-02-01,33537.17578125,34638.21484375,32384.228515625,33114.578125,61400400660,1.2768370405776608,40797.609375,-17.796223124286925,False,bull
2021-02-02,35510.2890625,35896.8828125,33489.21875,33533.19921875,63088585433,5.883361479570781,40797.609375,-12.959877780828922,False,bull
2021-02-03,37472.08984375,37480.1875,35443.984375,35510.8203125,61166818159,5.524598174340745,40797.609375,-8.151260777764623,False,bull
2021-02-04,36926.06640625,38592.17578125,36317.5,37475.10546875,68838074392,-1.4571470120209207,40797.609375,-9.489631936920329,False,bull
2021-02-05,38144.30859375,38225.90625,36658.76171875,36931.546875,58598066402,3.2991388091470286,40797.609375,-6.50356925784944,False,bull
2021-02-06,39266.01171875,40846.546875,38138.38671875,38138.38671875,71326033653,2.9406828078771152,40797.609375,-3.754135793036284,False,bull
2021-02-07,38903.44140625,39621.8359375,37446.15234375,39250.19140625,65500641143,-0.9233693380855112,40797.609375,-4.6428405922988025,False,bull
2021-02-08,46196.46484375,46203.9296875,38076.32421875,38886.828125,101467222687,18.746473766529938,46196.46484375,0.0,False,bull
2021-02-09,46481.10546875,48003.72265625,45166.9609375,46184.9921875,91809846886,0.6161523959955284,46481.10546875,0.0,False,bull
2021-02-10,44918.18359375,47145.56640625,43881.15234375,46469.76171875,87301089896,-3.362488605290981,46481.10546875,-3.362488605290981,False,bull
2021-02-11,47909.33203125,48463.46875,44187.76171875,44898.7109375,81388911810,6.65910372634968,47909.33203125,0.0,False,bull
2021-02-12,47504.8515625,48745.734375,46424.9765625,47877.03515625,76555041196,-0.8442623839676311,47909.33203125,-0.8442623839676311,False,bull
2021-02-13,47105.515625,48047.74609375,46392.28125,47491.203125,70250456155,-0.8406213773231364,47909.33203125,-1.6777867112104383,False,bull
2021-02-14,48717.2890625,49487.640625,47114.5078125,47114.5078125,71248675228,3.421623595697554,48717.2890625,0.0,False,bull
2021-02-15,47945.05859375,48875.5703125,46347.4765625,48696.53515625,77069903166,-1.585126109458379,48717.2890625,-1.585126109458379,False,bull
2021-02-16,49199.87109375,50341.1015625,47201.3046875,47944.45703125,77049582886,2.6171883752032166,49199.87109375,0.0,False,bull
2021-02-17,52149.0078125,52533.9140625,49072.37890625,49207.27734375,80820545404,5.994196027730325,52149.0078125,0.0,False,bull
2021-02-18,51679.796875,52474.10546875,51015.765625,52140.97265625,52054723579,-0.8997504596578998,52149.0078125,-0.8997504596578998,False,bull
2021-02-19,55888.1328125,56113.65234375,50937.27734375,51675.98046875,63495496918,8.14309690047519,55888.1328125,0.0,False,bull
2021-02-20,56099.51953125,57505.2265625,54626.55859375,55887.3359375,68145460026,0.37823185014820293,56099.51953125,0.0,False,bull
2021-02-21,57539.9453125,58330.5703125,55672.609375,56068.56640625,51897585191,2.5676258785917394,57539.9453125,0.0,False,bull
2021-02-22,54207.3203125,57533.390625,48967.56640625,57532.73828125,92052420332,-5.791845963531039,57539.9453125,-5.791845963531039,False,bull
2021-02-23,48824.42578125,54204.9296875,45290.58984375,54204.9296875,106102492824,-9.930198541853997,57539.9453125,-15.146902701968045,False,bull
2021-02-24,49705.33203125,51290.13671875,47213.5,48835.0859375,63695521388,1.8042326886684945,57539.9453125,-13.615955383169275,False,bull
2021-02-25,47093.8515625,51948.96875,47093.8515625,49709.08203125,54506565949,-5.253924200945182,57539.9453125,-18.15450760904822,False,bull
2021-02-26,46339.76171875,48370.78515625,44454.84375,47180.46484375,350967941479,-1.6012490351298148,57539.9453125,-19.46505776625559,False,bull
2021-02-27,46188.453125,48253.26953125,45269.02734375,46344.7734375,45910946382,-0.3265200081699504,57539.9453125,-19.72802046621688,False,bull
2021-02-28,45137.76953125,46716.4296875,43241.6171875,46194.015625,53443887451,-2.2747754528746222,57539.9453125,-21.55402775218792,True,bear
2021-03-01,49631.2421875,49784.015625,45115.09375,45159.50390625,53891300112,9.955017057586456,57539.9453125,-13.744717833928688,False,bull
2021-03-02,48378.98828125,50127.51171875,47228.84375,49612.10546875,47530897720,-2.5231161886280384,57539.9453125,-15.92103882180762,False,bull
2021-03-03,50538.2421875,52535.13671875,48274.3203125,48415.81640625,53220811975,4.463205996986197,57539.9453125,-12.168421584298839,False,bull
2021-03-04,48561.16796875,51735.08984375,47656.9296875,50522.3046875,52343816680,-3.9120359814156846,57539.9453125,-15.604424534966398,False,bull
2021-03-05,48927.3046875,49396.4296875,46542.515625,48527.03125,48625928883,0.7539701660092213,57539.9453125,-14.968107074528248,False,bull
2021-03-06,48912.3828125,49147.21875,47257.52734375,48899.23046875,34363564661,-0.03049805235605385,57539.9453125,-14.994040145752008,False,bull
2021-03-07,51206.69140625,51384.3671875,48918.6796875,48918.6796875,43137459378,4.690649814679793,57539.9453125,-11.006708247381948,False,bull
2021-03-08,52246.5234375,52314.0703125,49506.0546875,51174.1171875,48597428048,2.0306565464276005,57539.9453125,-9.199560142525986,False,bull
2021-03-09,54824.1171875,54824.1171875,51981.83203125,52272.96875,50912227385,4.9335220420617,57539.9453125,-4.7199004278685175,False,bull
2021-03-10,56008.55078125,57258.25390625,53290.890625,54824.01171875,57295577614,2.1604243798385436,57539.9453125,-2.6614459275777547,False,bull
2021-03-11,57805.12109375,58091.0625,54484.59375,55963.1796875,56772343595,3.2076714848716215,57805.12109375,0.0,False,bull
2021-03-12,57332.08984375,57996.62109375,55376.6484375,57821.21875,55689944702,-0.8183206626845796,57805.12109375,-0.8183206626845796,False,bull
2021-03-13,61243.0859375,61683.86328125,56217.97265625,57343.37109375,60669829814,6.821652767950437,61243.0859375,0.0,False,bull
2021-03-14,59302.31640625,61597.91796875,59302.31640625,61221.1328125,43901225564,-3.1689610370558396,61243.0859375,-3.1689610370558396,False,bull
2021-03-15,55907.19921875,60540.9921875,55393.1640625,59267.4296875,66419369890,-5.725100456855314,61243.0859375,-8.712635291101101,False,bull
2021-03-16,56804.90234375,56833.1796875,53555.02734375,55840.78515625,59749798599,1.6057021949669181,61243.0859375,-7.246832072242848,False,bull
2021-03-17,58870.89453125,58969.81640625,54528.62890625,56825.828125,60258313191,3.6369962842253134,61243.0859375,-3.8734028012090693,False,bull
2021-03-18,57858.921875,60116.25,54253.578125,58893.078125,55746041000,-1.7189693893861602,61243.0859375,-5.525789582114815,False,bull
2021-03-19,58346.65234375,59498.375,56643.703125,57850.44140625,49063873786,0.8429650137686817,61243.0859375,-4.72940504125785,False,bull
2021-03-20,58313.64453125,60031.28515625,58213.296875,58332.26171875,50361731222,-0.056571904597946254,61243.0859375,-4.783301431347797,False,bull
2021-03-21,57523.421875,58767.8984375,56005.6171875,58309.9140625,51943414539,-1.3551247955811196,61243.0859375,-6.073606523185338,False,bull
2021-03-22,54529.14453125,58471.48046875,54288.15625,57517.890625,56521454974,-5.205318540083804,61243.0859375,-10.962774496866034,False,bull
2021-03-23,54738.9453125,55985.44140625,53470.6953125,54511.66015625,56435023914,0.3847498123315862,61243.0859375,-10.62020393883748,False,bull
2021-03-24,52774.265625,57262.3828125,52514.33203125,54710.48828125,70567223787,-3.5891807492523076,61243.0859375,-13.8282063727857,False,bull
2021-03-25,51704.16015625,53392.38671875,50856.5703125,52726.74609375,67999812841,-2.0277031922222966,61243.0859375,-15.575514582959936,False,bull
2021-03-26,55137.3125,55137.3125,51579.85546875,51683.01171875,56652197978,6.639992475218648,61243.0859375,-9.969735104026412,False,bull
2021-03-27,55973.51171875,56568.21484375,54242.91015625,55137.56640625,47266542233,1.5165759461888806,61243.0859375,-8.604357762323932,False,bull
2021-03-28,55950.74609375,56610.3125,55071.11328125,55974.94140625,47686580918,-0.04067213991215679,61243.0859375,-8.641530325808466,False,bull
2021-03-29,57750.19921875,58342.09765625,55139.33984375,55947.8984375,57625587027,3.216137854506651,61243.0859375,-5.703315999318804,False,bull
2021-03-30,58917.69140625,59447.22265625,57251.55078125,57750.1328125,54414116432,2.021624519558274,61243.0859375,-3.796991114430648,False,bull
2021-03-31,58918.83203125,59930.02734375,57726.41796875,58930.27734375,65520826225,0.0019359634988669328,61243.0859375,-3.7951286592938116,False,bull
2021-04-01,59095.80859375,59586.0703125,58505.27734375,58926.5625,61669163792,0.30037350775407035,61243.0859375,-3.5061547126174264,False,bull
2021-04-02,59384.3125,60267.1875,58869.28125,59098.87890625,58727860620,0.48819690112593683,61243.0859375,-3.035074750147182,False,bull
2021-04-03,57603.890625,60110.26953125,57603.890625,59397.41015625,59641344484,-2.998135029348026,61243.0859375,-5.94221414024415,False,bull
2021-04-04,58758.5546875,58913.74609375,57168.67578125,57604.83984375,50749662970,2.00448971410081,61243.0859375,-4.056835497374389,False,bull
2021-04-05,59057.87890625,59891.296875,57694.82421875,58760.875,60706272115,0.5094138552963257,61243.0859375,-3.5680877241882514,False,bull
2021-04-06,58192.359375,59479.578125,57646.80859375,59171.93359375,66058027988,-1.4655445594718208,61243.0859375,-4.981340368141051,False,bull
2021-04-07,56048.9375,58731.14453125,55604.0234375,58186.5078125,75645303584,-3.6833390122360865,61243.0859375,-8.481199727265132,False,bull
2021-04-08,58323.953125,58338.73828125,55879.0859375,56099.9140625,53053855641,4.058980823677527,61243.0859375,-4.766469174135091,False,bull
2021-04-09,58245.00390625,58937.046875,57807.86328125,58326.5625,46655208546,-0.13536328475677317,61243.0859375,-4.895380409650829,False,bull
2021-04-10,59793.234375,61276.6640625,58038.70703125,58253.77734375,58238470525,2.6581343719059625,61243.0859375,-2.3673718270493582,False,bull
2021-04-11,60204.96484375,60790.5546875,59289.796875,59846.23046875,46280252580,0.6885903949730876,61243.0859375,-1.6950829270906187,False,bull
2021-04-12,59893.453125,61253.03515625,59589.875,60175.9453125,51828688519,-0.5174186540237491,61243.0859375,-2.2037309058484333,False,bull
2021-04-13,63503.45703125,63742.28515625,59869.95703125,59890.01953125,69983454362,6.027376479221824,63503.45703125,0.0,False,bull
2021-04-14,63109.6953125,64863.09765625,61554.796875,63523.75390625,77451779687,-0.620063437737306,63503.45703125,-0.620063437737306,False,bull
2021-04-15,63314.01171875,63821.671875,62208.96484375,63075.1953125,60954381579,0.3237480473297971,63503.45703125,-0.2983228336793875,False,bull
2021-04-16,61572.7890625,63594.72265625,60222.53125,63258.50390625,84293007468,-2.7501379378466195,63503.45703125,-3.0402564820997346,False,bull
2021-04-17,60683.8203125,62572.17578125,60361.3515625,61529.921875,66138759198,-1.4437688523377457,63503.45703125,-4.440131058317753,False,bull
2021-04-18,56216.18359375,61057.45703125,52829.53515625,60701.88671875,97468872758,-7.36215468265391,63503.45703125,-11.475396424345751,False,bull
2021-04-19,55724.265625,57520.0546875,54368.59375,56191.5859375,65344865159,-0.8750468945115109,63503.45703125,-12.250028218813135,False,bull
2021-04-20,56473.03125,57062.1484375,53448.046875,55681.79296875,67849323955,1.3436976092944253,63503.45703125,-11.070933945832795,False,bull
2021-04-21,53906.08984375,56757.97265625,53695.46875,56471.12890625,54926612466,-4.545428763840265,63503.45703125,-15.113141293673415,False,bull
2021-04-22,51762.2734375,55410.23046875,50583.8125,53857.10546875,74798630778,-3.97694659817468,63503.45703125,-18.489046333292013,False,bull
2021-04-23,51093.65234375,52120.79296875,47714.6640625,51739.80859375,86668667320,-1.2917150838772984,63503.45703125,-19.54193561681712,False,bull
2021-04-24,50050.8671875,51167.5625,48805.28515625,51143.2265625,49014494781,-2.040928977310741,63503.45703125,-21.184027567396825,True,bear
2021-04-25,49004.25390625,50506.01953125,47159.484375,50052.83203125,46117114240,-2.091099195802515,63503.45703125,-22.832147733098928,True,bear
2021-04-26,54021.75390625,54288.00390625,48852.796875,49077.79296875,58284039825,10.238907033660748,63503.45703125,-14.931003079618266,False,bull
2021-04-27,55033.1171875,55416.96484375,53319.1875,54030.3046875,49448222757,1.8721407731506323,63503.45703125,-13.33839170296155,False,bull
2021-04-28,54824.703125,56227.20703125,53887.91796875,55036.63671875,48000572955,-0.3787066282106566,63503.45703125,-13.666584957696381,False,bull
2021-04-29,53555.109375,55115.84375,52418.02734375,54858.08984375,46088929780,-2.315733013830157,63503.45703125,-15.665836351798024,False,bull
2021-04-30,57750.17578125,57900.71875,53129.6015625,53568.6640625,52395931985,7.833176806484676,63503.45703125,-9.059792204964234,False,bull
2021-05-01,57828.05078125,58448.33984375,57052.2734375,57714.6640625,42836427360,0.13484807439372304,63503.45703125,-8.93716108590299,False,bull
2021-05-02,56631.078125,57902.59375,56141.90625,57825.86328125,38177405335,-2.0698824187899145,63503.45703125,-10.822054778636868,False,bull
2021-05-03,57200.29296875,58973.30859375,56590.87109375,56620.2734375,51713139031,1.0051280367532334,63503.45703125,-9.925702248616508,False,bull
2021-05-04,53333.5390625,57214.1796875,53191.42578125,57214.1796875,68564706967,-6.760024652955021,63503.45703125,-16.014746982586146,False,bull
2021-05-05,57424.0078125,57911.36328125,52969.0546875,53252.1640625,69241316747,7.669599321369813,63503.45703125,-9.573414587111861,False,bull
2021-05-06,56396.515625,58363.31640625,55382.5078125,57441.30859375,69523285106,-1.789307689659958,63503.45703125,-11.191424433401597,False,bull
2021-05-07,57356.40234375,58606.6328125,55321.84765625,56413.953125,68434023376,1.7020319573156195,63503.45703125,-9.679874096421305,False,bull
2021-05-08,58803.77734375,59464.61328125,56975.2109375,57352.765625,65382980634,2.523475916996243,63503.45703125,-7.400667471043809,False,bull
2021-05-09,58232.31640625,59210.8828125,56482.00390625,58877.390625,65906690347,-0.9718099130935132,63503.45703125,-8.300556964018636,False,bull
2021-05-10,55859.796875,59519.35546875,54071.45703125,58250.87109375,71776546298,-4.074231762821235,63503.45703125,-12.036604798520745,False,bull
2021-05-11,56704.57421875,56872.54296875,54608.65234375,55847.2421875,61308396325,1.512317249631967,63503.45703125,-10.706319199526849,False,bull
2021-05-12,49150.53515625,57939.36328125,49150.53515625,56714.53125,75215403907,-13.32174549686006,63503.45703125,-22.60179610054448,True,bear
2021-05-13,49716.19140625,51330.84375,46980.01953125,49735.43359375,96721152926,1.1508648851976444,63503.45703125,-21.711047350091974,True,bear
2021-05-14,49880.53515625,51438.1171875,48868.578125,49682.98046875,55737497453,0.330563837155351,63503.45703125,-21.452252384143698,True,bear
2021-05-15,46760.1875,50639.6640625,46664.140625,49855.49609375,59161047474,-6.255641898138342,63503.45703125,-26.365918194045168,True,bear
2021-05-16,46456.05859375,49720.04296875,43963.3515625,46716.63671875,64047871555,-0.6504013831210576,63503.45703125,-26.844835280559586,True,bear
2021-05-17,43537.51171875,46623.55859375,42207.2890625,46415.8984375,74903638450,-6.282381595309616,63503.45703125,-31.440721884912147,True,bear
2021-05-18,42909.40234375,45812.45703125,42367.83203125,43488.05859375,56187365084,-1.4426855146374762,63503.45703125,-32.42981665921854,True,bear
2021-05-19,37002.44140625,43546.1171875,30681.49609375,42944.9765625,126358098747,-13.766122609163734,63503.45703125,-41.731610945147246,True,bear
2021-05-20,40782.73828125,42462.984375,35050.6171875,36753.66796875,88281943359,10.216344466291027,63503.45703125,-35.77871160434487,True,bear
2021-05-21,37304.69140625,42172.171875,33616.453125,40596.94921875,82051616861,-8.528232829817227,63503.45703125,-41.25565260503473,True,bear
2021-05-22,37536.6328125,38831.0546875,35383.68359375,37371.03125,57377273240,0.6217486259949112,63503.45703125,-40.89041043225685,True,bear
2021-05-23,34770.58203125,38289.21875,31227.33984375,37531.44921875,78469274361,-7.36893688644572,63503.45703125,-45.24615878134095,True,bear
2021-05-24,38705.98046875,39835.140625,34551.08203125,34700.36328125,67359584098,11.318183957815453,63503.45703125,-39.049018308242935,True,bear
2021-05-25,38402.22265625,39776.3515625,36581.4296875,38795.78125,56211915803,-0.7847826326095597,63503.45703125,-39.52735102696489,True,bear
2021-05-26,39294.19921875,40782.078125,37905.8359375,38392.625,51346735160,2.3227211885217036,63503.45703125,-38.12273999600785,True,bear
2021-05-27,38436.96875,40379.6171875,37247.90234375,39316.890625,43210968721,-2.1815700174415475,63503.45703125,-39.47263574786929,True,bear
2021-05-28,35697.60546875,38856.96875,34779.0390625,38507.08203125,55200191952,-7.126897282320166,63503.45703125,-43.78635882581442,True,bear
2021-05-29,34616.06640625,37234.5,33693.9296875,35684.15625,45231013335,-3.029724398312339,63503.45703125,-45.489477227648464,True,bear
2021-05-30,35678.12890625,36400.66796875,33520.73828125,34607.40625,31646080921,3.068120125307594,63503.45703125,-43.81702890805958,True,bear
2021-05-31,37332.85546875,37468.25,34241.9453125,35658.59375,39009847639,4.637929771620186,63503.45703125,-41.2113021652057,True,bear
2021-06-01,36684.92578125,37896.734375,35787.0859375,37293.79296875,34639423297,-1.7355481635803582,63503.45703125,-42.23160833087027,True,bear
2021-06-02,37575.1796875,38231.33984375,35966.30859375,36699.921875,33070867190,2.426756732611457,63503.45703125,-40.82970999671831,True,bear
2021-06-03,39208.765625,39478.953125,37243.97265625,37599.41015625,35460750427,4.347513308215634,63503.45703125,-38.257273764315855,True,bear
2021-06-04,36894.40625,39242.484375,35717.72265625,39242.484375,41831090187,-5.902658087058821,63503.45703125,-41.90173578763705,True,bear
2021-06-05,35551.95703125,37917.71484375,34900.4140625,36880.15625,35959473399,-3.6386253505570343,63503.45703125,-44.0157139575017,True,bear
2021-06-06,35862.37890625,36436.421875,35304.578125,35538.609375,28913440585,0.8731498936251025,63503.45703125,-43.52688722347485,True,bear
2021-06-07,33560.70703125,36790.5703125,33480.640625,35835.265625,33683936663,-6.4180680289418035,63503.45703125,-47.15137001953327,True,bear
2021-06-08,33472.6328125,34017.38671875,31114.443359375,33589.51953125,49902050442,-0.2624325484799517,63503.45703125,-47.29006202602775,True,bear
2021-06-09,37345.12109375,37537.37109375,32475.865234375,33416.9765625,53972919008,11.569117681725526,63503.45703125,-41.19198727185436,True,bear
2021-06-10,36702.59765625,38334.32421875,35847.59375,37389.515625,43576032854,-1.720501684509279,63503.45703125,-42.20378012146854,True,bear
2021-06-11,37334.3984375,37608.6953125,36044.44921875,36697.03125,38699736985,1.721406171757467,63503.45703125,-41.20887242543697,True,bear
2021-06-12,35552.515625,37408.92578125,34728.19140625,37340.14453125,37924228550,-4.772764225685799,63503.45703125,-44.01483433019302,True,bear
2021-06-13,39097.859375,39322.78125,34864.109375,35555.7890625,40669112838,9.972131894675185,63503.45703125,-38.43191976814746,True,bear
2021-06-14,40218.4765625,40978.36328125,38757.28515625,39016.96875,43148914673,2.8661855288592664,63503.45703125,-36.66726436214564,True,bear
2021-06-15,40406.26953125,41295.26953125,39609.46875,40427.16796875,46420149185,0.4669320789865594,63503.45703125,-36.371543502952754,True,bear
2021-06-16,38347.0625,40516.77734375,38176.03515625,40168.69140625,39211635100,-5.096256237308472,63503.45703125,-39.61421268588663,True,bear
2021-06-17,38053.50390625,39513.671875,37439.67578125,38341.421875,37096670047,-0.7655308506355651,63503.45703125,-40.07648451717534,True,bear
2021-06-18,35787.24609375,38187.26171875,35255.85546875,38099.4765625,36200887275,-5.95545108824469,63503.45703125,-43.6452001721117,True,bear
2021-06-19,35615.87109375,36457.796875,34933.0625,35854.52734375,31207279719,-0.4788717174578294,63503.45703125,-43.91506736991742,True,bear
2021-06-20,35698.296875,36059.484375,33432.07421875,35563.140625,36664034054,0.23142991795155332,63503.45703125,-43.78527005634844,True,bear
2021-06-21,31676.693359375,35721.640625,31295.935546875,35641.14453125,52809038594,-11.265533282181261,63503.45703125,-50.11815916763882,True,bear
2021-06-22,32505.66015625,33292.453125,28893.62109375,31622.376953125,58964353058,2.616961270137308,63503.45703125,-48.812770712224385,True,bear
2021-06-23,33723.02734375,34753.41015625,31772.6328125,32515.71484375,46317108925,3.74509295196066,63503.45703125,-46.895761395863964,True,bear
2021-06-24,34662.4375,35228.8515625,32385.21484375,33682.80078125,33123368116,2.7856637741157764,63503.45703125,-45.416455858548545,True,bear
2021-06-25,31637.779296875,35487.24609375,31350.884765625,34659.10546875,40230904226,-8.72604012088013,63503.45703125,-50.17943781972991,True,bear
2021-06-26,32186.27734375,32637.587890625,30184.501953125,31594.6640625,38585385521,1.7336806155961115,63503.45703125,-49.315708390629574,True,bear
2021-06-27,34649.64453125,34656.12890625,32071.7578125,32287.5234375,35511640894,7.6534703320648045,63503.45703125,-45.43660116928919,True,bear
2021-06-28,34434.3359375,35219.890625,33902.07421875,34679.12109375,33892523752,-0.6213875976586625,63503.45703125,-45.77565136248426,True,bear
2021-06-29,35867.77734375,36542.109375,34252.484375,34475.55859375,37901460044,4.162825758718758,63503.45703125,-43.51838620990429,True,bear
2021-06-30,35040.8359375,36074.7578125,34086.15234375,35908.38671875,34059036099,-2.305527321430456,63503.45703125,-44.820585247419785,True,bear
2021-07-01,33572.1171875,35035.984375,32883.78125,35035.984375,37838957079,-4.191448950075438,63503.45703125,-47.133402247724575,True,bear
2021-07-02,33897.046875,33939.58984375,32770.6796875,33549.6015625,38728974942,0.967855812266083,63503.45703125,-46.62172980863185,True,bear
2021-07-03,34668.546875,34909.26171875,33402.6953125,33854.421875,24383958643,2.2760094790705843,63503.45703125,-45.4068353193124,True,bear
2021-07-04,35287.78125,35937.56640625,34396.4765625,34665.56640625,24924307911,1.7861561294527206,63503.45703125,-44.431716162106085,True,bear
2021-07-05,33746.00390625,35284.34375,33213.66015625,35284.34375,26721554282,-4.369153540221515,63503.45703125,-46.85957980264976,True,bear
2021-07-06,34235.1953125,35038.53515625,33599.91796875,33723.5078125,26501259870,1.4496276584600176,63503.45703125,-46.0892415736471,True,bear
2021-07-07,33855.328125,34997.6640625,33839.2890625,34225.6796875,24796027477,-1.1095808977648836,63503.45703125,-46.687425050986086,True,bear
2021-07-08,32877.37109375,33907.90625,32133.18359375,33889.60546875,29910396946,-2.888635512966242,63503.45703125,-48.22743102384005,True,bear
2021-07-09,33798.01171875,34042.29296875,32318.880859375,32861.671875,27436021028,2.800225791699673,63503.45703125,-46.777682194344116,True,bear
2021-07-10,33520.51953125,34209.0703125,33116.01171875,33811.2421875,22971873468,-0.8210311003178261,63503.45703125,-47.21465397583855,True,bear
2021-07-11,34240.1875,34584.703125,33346.73828125,33509.078125,20108729370,2.146947537847921,63503.45703125,-46.0813802890283,True,bear
2021-07-12,33155.84765625,34592.15625,32697.30859375,34254.015625,24321499537,-3.1668630428790756,63503.45703125,-47.78890912988558,True,bear
2021-07-13,32702.025390625,33327.1015625,32261.419921875,33125.46875,19120856669,-1.3687548281983153,63503.45703125,-48.50355095702529,True,bear
2021-07-14,32822.34765625,33061.3984375,31639.125,32723.845703125,21376531210,0.3679352094793975,63503.45703125,-48.31407738936456,True,bear
2021-07-15,31780.73046875,33159.640625,31175.708984375,32827.875,21300524237,-3.1734999531688124,63503.45703125,-49.95433011920796,True,bear
2021-07-16,31421.5390625,32218.40625,31100.673828125,31841.55078125,23699476918,-1.1302175908234458,63503.45703125,-50.51995508364611,True,bear
2021-07-17,31533.068359375,31935.9453125,31223.990234375,31397.30859375,18895018942,0.3549453661488622,63503.45703125,-50.34432795704712,True,bear
2021-07-18,31796.810546875,32398.99609375,31215.4921875,31533.884765625,18787986667,0.8363987433579023,63503.45703125,-49.92900854007395,True,bear
2021-07-19,30817.83203125,31885.859375,30563.734375,31800.01171875,20434789545,-3.078857592278905,63503.45703125,-51.4706230621672,True,bear
2021-07-20,29807.34765625,31006.1875,29360.955078125,30838.28515625,23148267245,-3.278895069501786,63503.45703125,-53.06185040984174,True,bear
2021-07-21,32110.693359375,32752.326171875,29526.18359375,29796.28515625,28203024559,7.727442675168827,63503.45703125,-49.43473180747726,True,bear
2021-07-22,32313.10546875,32576.400390625,31745.298828125,32138.873046875,19555230518,0.6303573302191001,63503.45703125,-49.115989932880744,True,bear
2021-07-23,33581.55078125,33581.55078125,32057.892578125,32305.958984375,22552046192,3.925482537500802,63503.45703125,-47.118547003315825,True,bear
2021-07-24,34292.4453125,34490.390625,33424.859375,33593.73046875,21664706865,2.1169199000986128,63503.45703125,-45.999089001367736,True,bear
2021-07-25,35350.1875,35364.92578125,33881.8359375,34290.29296875,20856685287,3.0844758309330533,63503.45703125,-44.333443953131244,True,bear
2021-07-26,37337.53515625,40499.67578125,35287.3125,35384.03125,51022126212,5.621887171744144,63503.45703125,-41.20393297978057,True,bear
2021-07-27,39406.94140625,39406.94140625,36441.7265625,37276.03515625,35097370560,5.542428661506316,63503.45703125,-37.94520290941345,True,bear
2021-07-28,39995.90625,40816.0703125,38862.4375,39503.1875,38702404695,1.4945713184850051,63503.45703125,-37.017749710353485,True,bear
2021-07-29,40008.421875,40593.0703125,39352.05859375,39995.453125,27167146027,0.03129226506775051,63503.45703125,-36.99804113764722,True,bear
2021-07-30,42235.546875,42235.546875,38397.35546875,40027.484375,33072782960,5.566640461246641,63503.45703125,-33.49094860423752,True,bear
2021-07-31,41626.1953125,42231.44921875,41110.83203125,42196.3046875,25802845343,-1.4427457617713135,63503.45703125,-34.4505051244442,True,bear
2021-08-01,39974.89453125,42541.6796875,39540.94140625,41460.84375,26688438115,-3.9669750474507826,63503.45703125,-37.05083722988752,True,bear
2021-08-02,39201.9453125,40419.1796875,38746.34765625,39907.26171875,25595265436,-1.9335866368471732,63503.45703125,-38.268013829217594,True,bear
2021-08-03,38152.98046875,39750.03125,37782.05078125,39178.40234375,26189830450,-2.675797936526192,63503.45703125,-39.91983704135201,True,bear
2021-08-04,39747.50390625,39952.296875,37589.1640625,38213.33203125,25372562724,4.1792893187100555,63503.45703125,-37.40891320815764,True,bear
2021-08-05,40869.5546875,41341.93359375,37458.00390625,39744.515625,35185031017,2.822946527400849,63503.45703125,-35.64200029710489,True,bear
2021-08-06,42816.5,43271.66015625,39932.1796875,40865.8671875,38226483046,4.763803587748594,63503.45703125,-32.57611159825514,True,bear
2021-08-07,44555.80078125,44689.859375,42618.56640625,42832.796875,40030862141,4.062220829002827,63503.45703125,-29.837204359875834,True,bear
2021-08-08,43798.1171875,45282.3515625,43331.91015625,44574.4375,36302664750,-1.7005273846830926,63503.45703125,-31.030341913595382,True,bear
2021-08-09,46365.40234375,46456.83203125,42848.6875,43791.92578125,38734079049,5.8616336068955555,63503.45703125,-26.98759325664173,True,bear
2021-08-10,45585.03125,46637.98828125,44705.5546875,46280.84765625,33546019517,-1.6830892309838696,63503.45703125,-28.216457211821332,True,bear
2021-08-11,45593.63671875,46735.6328125,45351.7109375,45599.703125,34319709073,0.018877838873909702,63503.45703125,-28.202906030275788,True,bear
2021-08-12,44428.2890625,46228.91015625,43861.4453125,45576.87890625,33723620826,-2.555943636254754,63503.45703125,-30.037999284610795,True,bear
2021-08-13,47793.3203125,47831.9765625,44282.41796875,44439.69140625,31744259539,7.574073458615982,63503.45703125,-24.739025957309778,True,bear
2021-08-14,47096.9453125,48098.68359375,46177.6328125,47810.6875,31211354442,-1.457055076832292,63503.45703125,-25.83561980047223,True,bear
2021-08-15,47047.00390625,47357.10546875,45579.58984375,47096.66796875,30988958446,-0.10603958689597848,63503.45703125,-25.91426340285977,True,bear
2021-08-16,46004.484375,47998.09765625,45700.3203125,47019.9609375,32776876610,-2.215910567498447,63503.45703125,-27.55593706912487,True,bear
2021-08-17,44695.359375,47139.5703125,44512.41796875,45936.45703125,33451362600,-2.8456465011732934,63503.45703125,-29.617439011225088,True,bear
2021-08-18,44801.1875,45952.0625,44364.02734375,44686.75,32194123075,0.23677653895135542,63503.45703125,-29.45078961929053,True,bear
2021-08-19,46717.578125,46970.76171875,43998.31640625,44741.8828125,37204312299,4.277544261522093,63503.45703125,-26.433015919101354,True,bear
2021-08-20,49339.17578125,49342.15234375,46650.70703125,46723.12109375,34706867452,5.611587247171745,63503.45703125,-22.30474042228877,True,bear
2021-08-21,48905.4921875,49717.01953125,48312.19921875,49327.07421875,40585205312,-0.8789842693618932,63503.45703125,-22.987669532016742,True,bear
2021-08-22,49321.65234375,49471.609375,48199.94140625,48869.10546875,25370975378,0.8509476904035029,63503.45703125,-22.332334884573523,True,bear
2021-08-23,49546.1484375,50482.078125,49074.60546875,49291.67578125,34305053719,0.45516742258624454,63503.45703125,-21.978816975084715,True,bear
2021-08-24,47706.1171875,49878.76953125,47687.1171875,49562.34765625,35361168834,-3.7137725293038826,63503.45703125,-24.876346237301917,True,bear
2021-08-25,48960.7890625,49202.87890625,47163.61328125,47727.2578125,32646349931,2.630002081428562,63503.45703125,-22.900592579697776,True,bear
2021-08-26,46942.21875,49347.58203125,46405.78125,49002.640625,32666549568,-4.122830434622349,63503.45703125,-26.07927041373548,True,bear
2021-08-27,49058.66796875,49112.78515625,46394.28125,46894.5546875,34511076995,4.508626296557394,63503.45703125,-22.746460961002057,True,bear
2021-08-28,48902.40234375,49283.50390625,48499.23828125,49072.5859375,28568103401,-0.3185280633781984,63503.45703125,-22.992535162794102,True,bear
2021-08-29,48829.83203125,49644.11328125,47925.85546875,48911.25,25889650240,-0.14839825657210204,63503.45703125,-23.106812898042893,True,bear
2021-08-30,47054.984375,48925.60546875,46950.2734375,48834.8515625,31847007016,-3.6347609287579297,63503.45703125,-25.90169641970156,True,bear
2021-08-31,47166.6875,48189.55078125,46750.09375,47024.33984375,34730363427,0.23738850726162664,63503.45703125,-25.725795562926113,True,bear
2021-09-01,48847.02734375,49111.08984375,46562.4375,47099.7734375,39139399125,3.562556399047523,63503.45703125,-23.079735139911495,True,bear
2021-09-02,49327.72265625,50343.421875,48652.3203125,48807.84765625,39508070319,0.9840830417728652,63503.45703125,-22.322775857736588,True,bear
2021-09-03,50025.375,50982.2734375,48386.0859375,49288.25,43206179619,1.4143210068944922,63503.45703125,-21.224170559120026,True,bear
2021-09-04,49944.625,50545.58203125,49548.78125,50009.32421875,37471327794,-0.1614180803242382,63503.45703125,-21.351328990762987,True,bear
2021-09-05,51753.41015625,51868.6796875,49538.59765625,49937.859375,30322676319,3.6215812136941583,63503.45703125,-18.50300349667233,False,bull
2021-09-06,52633.53515625,52700.94140625,51053.6796875,51769.00390625,38884105426,1.7006125728580734,63503.45703125,-17.117055327635033,False,bull
2021-09-07,46811.12890625,52853.765625,43285.20703125,52660.48046875,65210059683,-11.06216071695616,63503.45703125,-26.2856998742379,True,bear
2021-09-08,46091.390625,47334.0546875,44561.39453125,46827.76171875,49007762488,-1.5375366885328479,63503.45703125,-27.41908428336671,True,bear
2021-09-09,46391.421875,47261.94921875,45669.73828125,45774.7421875,38672657013,0.6509485739778498,63503.45703125,-26.94661984752922,True,bear
2021-09-10,44883.91015625,47031.7421875,44344.484375,46396.6640625,39154666597,-3.2495484247323514,63503.45703125,-29.32052481148756,True,bear
2021-09-11,45201.45703125,45969.29296875,44818.265625,44869.83984375,34499835245,0.707484873520503,63503.45703125,-28.82047821584517,True,bear
2021-09-12,46063.26953125,46364.87890625,44790.4609375,45206.62890625,27881980161,1.9066033632592516,63503.45703125,-27.46336705955661,True,bear
2021-09-13,44963.07421875,46598.6796875,43591.3203125,46057.21484375,40969943253,-2.3884438158555232,63503.45703125,-29.195863783252452,True,bear
2021-09-14,47092.4921875,47218.125,44752.33203125,44960.05078125,38652152880,4.73592610325122,63503.45703125,-25.842632213981954,True,bear
2021-09-15,48176.34765625,48450.46875,46773.328125,47098.0,30484496466,2.3015462091804384,63503.45703125,-24.13586612687486,True,bear
2021-09-16,47783.359375,48486.828125,47079.55859375,48158.90625,31764293754,-0.8157286726135138,63503.45703125,-24.754711619107837,True,bear
2021-09-17,47267.51953125,48160.921875,46832.5234375,47771.00390625,28727713711,-1.0795386730801604,63503.45703125,-25.567013606850264,True,bear
2021-09-18,48278.36328125,48791.78125,47087.28515625,47273.52734375,28575630451,2.138558909002408,63503.45703125,-23.97522034510301,True,bear
2021-09-19,47260.21875,48328.3671875,46919.8046875,48268.85546875,26967722648,-2.1089044077959085,63503.45703125,-25.578510274262257,True,bear
2021-09-20,42843.80078125,47328.19921875,42598.9140625,47261.40625,43909845642,-9.344895316951952,63503.45703125,-32.5331205824486,True,bear
2021-09-21,40693.67578125,43607.609375,39787.609375,43012.234375,48701090088,-5.01852067461992,63503.45703125,-35.91895987453931,True,bear
2021-09-22,43574.5078125,43978.62109375,40625.6328125,40677.953125,38139709246,7.079311406361999,63503.45703125,-31.38246349162217,True,bear
2021-09-23,44895.09765625,44942.17578125,43109.33984375,43560.296875,34244064430,3.03064775724482,63503.45703125,-29.30290766035437,True,bear
2021-09-24,42839.75,45080.4921875,40936.55859375,44894.30078125,42839345714,-4.578111561282839,63503.45703125,-32.539499418246486,True,bear
2021-09-25,42716.59375,42996.2578125,41759.921875,42840.890625,31604717236,-0.2874812528084303,63503.45703125,-32.73343571046975,True,bear
2021-09-26,43208.5390625,43919.30078125,40848.4609375,42721.62890625,30661222077,1.151649205409777,63503.45703125,-31.95876085732291,True,bear
2021-09-27,42235.73046875,44313.24609375,42190.6328125,43234.18359375,30980029059,-2.251426719942695,63503.45703125,-33.49065949596125,True,bear
2021-09-28,41034.54296875,42775.14453125,40931.6640625,42200.8984375,30214940550,-2.844007873591181,63503.45703125,-35.382190376569675,True,bear
2021-09-29,41564.36328125,42545.2578125,40829.66796875,41064.984375,30602359905,1.2911568502261384,63503.45703125,-34.547873101150685,True,bear
2021-09-30,43790.89453125,44092.6015625,41444.58203125,41551.26953125,31141681925,5.356827518164842,63503.45703125,-31.04171555620895,True,bear
2021-10-01,48116.94140625,48436.01171875,43320.0234375,43816.7421875,42850641582,9.87887304268893,63503.45703125,-24.229414183590524,True,bear
2021-10-02,47711.48828125,48282.0625,47465.49609375,48137.46875,30614346492,-0.8426411013467638,63503.45703125,-24.86788828241081,True,bear
2021-10-03,48199.953125,49130.69140625,47157.2890625,47680.02734375,26638115879,1.0237887379882071,63503.45703125,-24.09869418403341,True,bear
2021-10-04,49112.90234375,49456.77734375,47045.00390625,48208.90625,33383173002,1.8940873580984396,63503.45703125,-22.661057145941555,True,bear
2021-10-05,51514.8125,51839.984375,49072.83984375,49174.9609375,35873904236,4.890588911725469,63503.45703125,-18.87872738227526,False,bull
2021-10-06,55361.44921875,55568.46484375,50488.19140625,51486.6640625,49034730168,7.46704982911468,63503.45703125,-12.82136153389779,False,bull
2021-10-07,53805.984375,55338.625,53525.46875,55338.625,36807860413,-2.809653406297008,63503.45703125,-15.27077911912399,False,bull
2021-10-08,53967.84765625,55922.98046875,53688.0546875,53802.14453125,34800873924,0.30082765538104184,63503.45703125,-15.015890190525427,False,bull
2021-10-09,54968.22265625,55397.9453125,53735.14453125,53929.78125,32491211414,1.853649985027972,63503.45703125,-13.440582251765942,False,bull
2021-10-10,54771.578125,56401.3046875,54264.2578125,54952.8203125,39527792364,-0.3577422040362044,63503.45703125,-13.75024182061939,False,bull
2021-10-11,57484.7890625,57793.0390625,54519.765625,54734.125,42637331698,4.953684064585273,63503.45703125,-9.477701293944074,False,bull
2021-10-12,56041.05859375,57627.87890625,54477.97265625,57526.83203125,41083758949,-2.5114999851183484,63503.45703125,-11.751168812475454,False,bull
2021-10-13,57401.09765625,57688.66015625,54370.97265625,56038.2578125,41684252783,2.426861834211813,63503.45703125,-9.6094916092474,False,bull
2021-10-14,57321.5234375,58478.734375,56957.07421875,57372.83203125,36615791366,-0.1386283921372633,63503.45703125,-9.734798517674204,False,bull
2021-10-15,61593.94921875,62757.12890625,56868.14453125,57345.90234375,51780081801,7.453440740995654,63503.45703125,-3.006935215448714,False,bull
2021-10-16,60892.1796875,62274.4765625,60206.12109375,61609.52734375,34250964237,-1.139348166745524,63503.45703125,-4.112023920941798,False,bull
2021-10-17,61553.6171875,61645.5234375,59164.46875,60887.65234375,29032367511,1.086243756414218,63503.45703125,-3.070446767631063,False,bull
2021-10-18,62026.078125,62614.66015625,60012.7578125,61548.8046875,38055562075,0.7675599893030238,63503.45703125,-2.326454299209224,False,bull
2021-10-19,64261.9921875,64434.53515625,61622.93359375,62043.1640625,40471196346,3.6047967727284025,64261.9921875,0.0,False,bull
2021-10-20,65992.8359375,66930.390625,63610.67578125,64284.5859375,40788955582,2.693417510228824,65992.8359375,0.0,False,bull
2021-10-21,62210.171875,66600.546875,62117.41015625,66002.234375,45908121370,-5.731931366129583,65992.8359375,-5.731931366129583,False,bull
2021-10-22,60692.265625,63715.0234375,60122.796875,62237.890625,38434082775,-2.4399647264276236,65992.8359375,-8.032038989080615,False,bull
2021-10-23,61393.6171875,61743.87890625,59826.5234375,60694.62890625,26882546034,1.1555863919028075,65992.8359375,-6.969269746727957,False,bull
2021-10-24,60930.8359375,61505.8046875,59643.34375,61368.34375,27316183882,-0.7537937512081094,65992.8359375,-7.670529578080387,False,bull
2021-10-25,63039.82421875,63729.32421875,60691.80078125,60893.92578125,31064911614,3.46128236844363,65992.8359375,-4.4747458974891074,False,bull
2021-10-26,60363.79296875,63229.02734375,59991.16015625,63032.76171875,34878965587,-4.244985266320056,65992.8359375,-8.529778859755488,False,bull
2021-10-27,58482.38671875,61435.18359375,58208.1875,60352.0,43657076893,-3.116779376295975,65992.8359375,-11.380703847706952,False,bull
2021-10-28,60622.13671875,62128.6328125,58206.91796875,58470.73046875,45257083247,3.658793903693369,65992.8359375,-8.138306442590892,False,bull
2021-10-29,62227.96484375,62927.609375,60329.96484375,60624.87109375,36856881767,2.648913766352501,65992.8359375,-5.704969395944137,False,bull
2021-10-30,61888.83203125,62330.14453125,60918.38671875,62239.36328125,32157938616,-0.5449845794435637,65992.8359375,-6.218862771917832,False,bull
2021-10-31,61318.95703125,62406.171875,60074.328125,61850.48828125,32241199927,-0.9208042570786446,65992.8359375,-7.082403475850773,False,bull
2021-11-01,61004.40625,62419.00390625,59695.18359375,61320.44921875,36150572843,-0.5129747739996526,65992.8359375,-7.559047306626443,False,bull
2021-11-02,63226.40234375,64242.79296875,60673.0546875,60963.25390625,37746665647,3.6423534468053242,65992.8359375,-4.192021079939668,False,bull
2021-11-03,62970.046875,63516.9375,61184.23828125,63254.3359375,36124731509,-0.4054563588107407,65992.8359375,-4.580480622719108,False,bull
2021-11-04,61452.23046875,63123.2890625,60799.6640625,62941.8046875,32615846901,-2.4103783966732184,65992.8359375,-6.880452103998502,False,bull
2021-11-05,61125.67578125,62541.46875,60844.609375,61460.078125,30605102446,-0.5313959884109654,65992.8359375,-7.375285645944285,False,bull
2021-11-06,61527.48046875,61590.68359375,60163.78125,61068.875,29094934221,0.6573419146120196,65992.8359375,-6.766424575205432,False,bull
2021-11-07,63326.98828125,63326.98828125,61432.48828125,61554.921875,24726754302,2.9247220896912562,65992.8359375,-4.039601599747511,False,bull
2021-11-08,67566.828125,67673.7421875,63344.06640625,63344.06640625,41125608330,6.695154718111462,67566.828125,0.0,False,bull
2021-11-09,66971.828125,68530.3359375,66382.0625,67549.734375,42357991721,-0.8806096371717143,67566.828125,-0.8806096371717143,False,bull
2021-11-10,64995.23046875,68789.625,63208.11328125,66953.3359375,48730828378,-2.9513867421399387,67566.828125,-3.8060061832301706,False,bull
2021-11-11,64949.9609375,65579.015625,64180.48828125,64978.890625,35880633236,-0.06965054346836919,67566.828125,-3.873005822707476,False,bull
2021-11-12,64155.94140625,65460.81640625,62333.9140625,64863.98046875,36084893887,-1.222509636324598,67566.828125,-5.0481675896340565,False,bull
2021-11-13,64469.52734375,64915.67578125,63303.734375,64158.12109375,30474228777,0.48878705639170406,67566.828125,-4.584055323005442,False,bull
2021-11-14,65466.83984375,65495.1796875,63647.80859375,64455.37109375,25122092191,1.5469517787564335,67566.828125,-3.1080166696074274,False,bull
2021-11-15,63557.87109375,66281.5703125,63548.14453125,65521.2890625,30558763548,-2.915932332393234,67566.828125,-5.933321339035402,False,bull
2021-11-16,60161.24609375,63721.1953125,59016.3359375,63721.1953125,46844335592,-5.344145330150951,67566.828125,-10.960381353923443,False,bull
2021-11-17,60368.01171875,60823.609375,58515.41015625,60139.62109375,39178392930,0.3436857419438999,67566.828125,-10.654364879955658,False,bull
2021-11-18,56942.13671875,60948.5,56550.79296875,60360.13671875,41388338699,-5.674983989800575,67566.828125,-15.724715368603814,False,bull
2021-11-19,58119.578125,58351.11328125,55705.1796875,56896.12890625,38702407772,2.0677857806173483,67566.828125,-13.98208301642101,False,bull
2021-11-20,59697.1953125,59859.87890625,57469.7265625,58115.08203125,30624264863,2.7144333086984274,67566.828125,-11.647184026370184,False,bull
2021-11-21,58730.4765625,60004.42578125,58618.9296875,59730.5078125,26123447605,-1.619370466132397,67566.828125,-13.077943434243455,False,bull
2021-11-22,56289.2890625,59266.359375,55679.83984375,58706.84765625,35036121783,-4.1565940596482776,67566.828125,-16.690940473979808,False,bull
2021-11-23,57569.07421875,57875.515625,55632.76171875,56304.5546875,37485803899,2.2735855747423095,67566.828125,-14.796837714142729,False,bull
2021-11-24,56280.42578125,57803.06640625,55964.22265625,57565.8515625,36635566789,-2.238438701660228,67566.828125,-16.704058273787737,False,bull
2021-11-25,57274.6796875,59367.96875,57146.68359375,57165.41796875,34284016248,1.7666069374003168,67566.828125,-15.232546388679546,False,bull
2021-11-26,53569.765625,59183.48046875,53569.765625,58960.28515625,41810748221,-6.468677053655503,67566.828125,-20.7158792094031,True,bear
2021-11-27,54815.078125,55329.2578125,53668.35546875,53736.4296875,30560857714,2.324655494514305,67566.828125,-18.872796539167126,False,bull
2021-11-28,57248.45703125,57393.84375,53576.734375,54813.0234375,28116886357,4.43925100444249,67566.828125,-15.271356344655995,False,bull
2021-11-29,57806.56640625,58872.87890625,56792.52734375,57291.90625,32370840356,0.9748898117819094,67566.828125,-14.445345429999046,False,bull
2021-11-30,57005.42578125,59113.40234375,56057.28125,57830.11328125,36708594618,-1.3858989986877734,67566.828125,-15.63104653101547,False,bull
2021-12-01,57229.828125,59041.68359375,56553.08203125,56907.96484375,36858195307,0.39365085108058473,67566.828125,-15.298927427637032,False,bull
2021-12-02,56477.81640625,57349.234375,55895.1328125,57217.37109375,32379968686,-1.3140205787574133,67566.828125,-16.41191695166614,False,bull
2021-12-03,53598.24609375,57482.16796875,52496.5859375,56509.1640625,39789134215,-5.0985864817913455,67566.828125,-20.673727654357023,True,bear
2021-12-04,49200.703125,53904.6796875,42874.6171875,53727.87890625,61385677469,-8.204639683653358,67566.828125,-27.182162474790584,True,bear
2021-12-05,49368.84765625,49768.1484375,47857.49609375,49201.51953125,37198201161,0.3417522933012007,67566.828125,-26.93330584511584,True,bear
2021-12-06,50582.625,50929.51953125,47281.03515625,49413.48046875,37707308001,2.458589579002135,67566.828125,-25.136895716902497,True,bear
2021-12-07,50700.0859375,51934.78125,50175.80859375,50581.828125,33676814852,0.2322159783127109,67566.828125,-24.963051626896238,True,bear
2021-12-08,50504.796875,51171.375,48765.98828125,50667.6484375,28479699446,-0.385184874717448,67566.828125,-25.252082602478975,True,bear
2021-12-09,47672.12109375,50797.1640625,47358.3515625,50450.08203125,29603577251,-5.608726213196958,67566.828125,-29.444488639372544,True,bear
2021-12-10,47243.3046875,50015.25390625,47023.69921875,47642.14453125,30966005122,-0.899511908452133,67566.828125,-30.079143866130686,True,bear
2021-12-11,49362.5078125,49458.2109375,46942.34765625,47264.6328125,25775869261,4.4857216044006165,67566.828125,-26.942688916551827,True,bear
2021-12-12,50098.3359375,50724.8671875,48725.8515625,49354.85546875,21939223599,1.4906619570362878,67566.828125,-25.853651373397213,True,bear
2021-12-13,46737.48046875,50205.0,45894.84765625,50114.7421875,32166727776,-6.70851717099511,67566.828125,-30.82777190267876,True,bear
2021-12-14,46612.6328125,48431.3984375,46424.49609375,46709.82421875,34638619079,-0.267125345649466,67566.828125,-31.01254845607717,True,bear
2021-12-15,48896.72265625,49473.95703125,46671.96484375,48379.75390625,36541828520,4.900151967252708,67566.828125,-27.632058492090128,True,bear
2021-12-16,47665.42578125,49425.57421875,47529.87890625,48900.46484375,27268150947,-2.5181582897818466,67566.828125,-29.454397810316035,True,bear
2021-12-17,46202.14453125,48004.89453125,45618.21484375,47653.73046875,32902725329,-3.0699007215741814,67566.828125,-31.620077760975995,True,bear
2021-12-18,46848.77734375,47313.828125,45598.44140625,46219.25390625,26098292690,1.3995731563123393,67566.828125,-30.663050725011377,True,bear
2021-12-19,46707.015625,48089.6640625,46502.953125,46853.8671875,25154053861,-0.30259427628138713,67566.828125,-30.872860364865616,True,bear
2021-12-20,46880.27734375,47401.71875,45579.80859375,46707.0625,30961902129,0.3709543768351198,67566.828125,-30.616430214808165,True,bear
2021-12-21,48936.61328125,49300.91796875,46698.7734375,46886.078125,27055803928,4.386356169401262,67566.828125,-27.573019720984572,True,bear
2021-12-22,48628.51171875,49544.796875,48450.94140625,48937.09765625,24447979559,-0.6295931447672265,67566.828125,-28.029015023783167,True,bear
2021-12-23,50784.5390625,51332.33984375,48065.8359375,48626.34375,28223878108,4.433669194360079,67566.828125,-24.83805963401512,True,bear
2021-12-24,50822.1953125,51814.02734375,50514.49609375,50806.05078125,24367912228,0.07414904357732066,67566.828125,-24.782327774099578,True,bear
2021-12-25,50429.859375,51176.59765625,50236.70703125,50854.91796875,19030650914,-0.7719775485643066,67566.828125,-25.362991316236215,True,bear
2021-12-26,50809.515625,51196.37890625,49623.10546875,50428.69140625,20964372926,0.752840191714288,67566.828125,-24.80109391697155,True,bear
2021-12-27,50640.41796875,51956.328125,50499.46875,50802.609375,24324345758,-0.3328070621613999,67566.828125,-25.051361187083987,True,bear
2021-12-28,47588.85546875,50679.859375,47414.2109375,50679.859375,33430376883,-6.025942562091624,67566.828125,-29.567723113019817,True,bear
2021-12-29,46444.7109375,48119.7421875,46201.49609375,47623.87109375,30049226299,-2.404227880624954,67566.828125,-31.261075550895555,True,bear
2021-12-30,47178.125,47879.96484375,46060.3125,46490.60546875,26686491018,1.579112126431248,67566.828125,-30.17561085934134,True,bear
2021-12-31,46306.4453125,48472.52734375,45819.953125,47169.37109375,36974172400,-1.8476352917798256,67566.828125,-31.465710915373833,True,bear
2022-01-01,47686.8125,47827.3125,46288.484375,46311.74609375,24582667004,2.9809396471367267,67566.828125,-29.422745120166905,True,bear
2022-01-02,47345.21875,47881.40625,46856.9375,47680.92578125,27951569547,-0.7163274962024402,67566.828125,-29.928309402936026,True,bear
2022-01-03,46458.1171875,47510.7265625,45835.96484375,47343.54296875,33071628362,-1.87368774698079,67566.828125,-31.241234083755508,True,bear
2022-01-04,45897.57421875,47406.546875,45752.46484375,46458.8515625,42494677905,-1.2065555013512697,67566.828125,-32.07084675657919,True,bear
2022-01-05,43569.00390625,46929.046875,42798.22265625,45899.359375,36851084859,-5.073406061509756,67566.828125,-35.51716853476316,True,bear
2022-01-06,43160.9296875,43748.71875,42645.5390625,43565.51171875,30208048289,-0.9366159015892994,67566.828125,-36.121124988061595,True,bear
2022-01-07,41557.90234375,43153.5703125,41077.4453125,43153.5703125,84196607520,-3.714070469186992,67566.828125,-38.493631420928864,True,bear
2022-01-08,41733.94140625,42228.94140625,40672.27734375,41561.46484375,28066355845,0.4235994902819673,67566.828125,-38.23309075713698,True,bear
2022-01-09,41911.6015625,42663.94921875,41338.16015625,41734.7265625,21294384372,0.42569704720818446,67566.828125,-37.97015084833835,True,bear
2022-01-10,41821.26171875,42199.484375,39796.5703125,41910.23046875,32104232331,-0.21554853640055605,67566.828125,-38.103855280316225,True,bear
2022-01-11,42735.85546875,43001.15625,41407.75390625,41819.5078125,26327648900,2.1869109453241498,67566.828125,-36.75024171670779,True,bear
2022-01-12,43949.1015625,44135.3671875,42528.98828125,42742.1796875,33499938689,2.8389418684672707,67566.828125,-34.954617847099065,True,bear
2022-01-13,42591.5703125,44278.421875,42447.04296875,43946.7421875,47691135082,-3.0888714484173407,67566.828125,-36.96378608493397,True,bear
2022-01-14,43099.69921875,43346.6875,41982.6171875,42598.87109375,23577403399,1.1930269358978673,67566.828125,-36.211747073557035,True,bear
2022-01-15,43177.3984375,43724.671875,42669.03515625,43101.8984375,18371348298,0.1802778677309158,67566.828125,-36.09675097131845,True,bear
2022-01-16,43113.87890625,43436.80859375,42691.0234375,43172.0390625,17902097845,-0.1471129191397358,67566.828125,-36.19076090638968,True,bear
2022-01-17,42250.55078125,43179.390625,41680.3203125,43118.12109375,21690904261,-2.0024366790964976,67566.828125,-37.468500514652504,True,bear
2022-01-18,42375.6328125,42534.40234375,41392.21484375,42250.07421875,22417209227,0.29604828561313745,67566.828125,-37.283377082457946,True,bear
2022-01-19,41744.328125,42478.3046875,41242.9140625,42374.0390625,23091543258,-1.489782324415878,67566.828125,-38.21771824515404,True,bear
2022-01-20,40680.41796875,43413.0234375,40672.82421875,41744.02734375,20382033940,-2.548634039729203,67566.828125,-39.79232250847945,True,bear
2022-01-21,36457.31640625,41060.52734375,35791.42578125,40699.60546875,43011992031,-10.381165615712485,67566.828125,-46.042581222248245,True,bear
2022-01-22,35030.25,36688.8125,34349.25,36471.58984375,39714385405,-3.9143484680769114,67566.828125,-48.15466261758902,True,bear
2022-01-23,36276.8046875,36433.3125,34784.96875,35047.359375,26017975951,3.5585092527173012,67566.828125,-46.309741489733426,True,bear
2022-01-24,36654.328125,37247.51953125,33184.05859375,36275.734375,41856658597,1.0406744495611076,67566.828125,-45.75100068751377,True,bear
2022-01-25,36954.00390625,37444.5703125,35779.4296875,36654.8046875,26428189594,0.8175727030871549,67566.828125,-45.30747567743695,True,bear
2022-01-26,36852.12109375,38825.41015625,36374.90625,36950.515625,31324598034,-0.2757016878562668,67566.828125,-45.45826389012545,True,bear
2022-01-27,37138.234375,37148.32421875,35629.28125,36841.87890625,25041426629,0.7763821260712289,67566.828125,-45.03481159971945,True,bear
2022-01-28,37784.33203125,37952.87890625,36211.109375,37128.4453125,22238830523,1.7397102127314046,67566.828125,-44.0785766036727,True,bear
2022-01-29,38138.1796875,38576.26171875,37406.47265625,37780.71484375,17194183075,0.9364930838458241,67566.828125,-43.55487634117796,True,bear
2022-01-30,37917.6015625,38266.33984375,37437.7109375,38151.91796875,14643548444,-0.5783656346668664,67566.828125,-43.881335538865805,True,bear
2022-01-31,38483.125,38647.26171875,36733.57421875,37920.28125,20734730465,1.491453610450133,67566.828125,-43.04435169162383,True,bear
2022-02-01,38743.2734375,39115.1328125,38113.6640625,38481.765625,20288500328,0.676006528835682,67566.828125,-42.65932779051851,True,bear
2022-02-02,36952.984375,38834.6171875,36832.73046875,38743.71484375,19155189416,-4.6209029430310355,67566.828125,-45.30898460020022,True,bear
2022-02-03,37154.6015625,37154.6015625,36375.5390625,36944.8046875,18591534769,0.5456046132945147,67566.828125,-45.010587897121304,True,bear
2022-02-04,41500.875,41527.78515625,37093.62890625,37149.265625,29412210792,11.6978066100073,67566.828125,-38.578032813346596,True,bear
2022-02-05,41441.1640625,41847.1640625,41038.09765625,41501.48046875,19652846215,-0.1438787435204647,67566.828125,-38.66640596798031,True,bear
2022-02-06,42412.43359375,42500.78515625,41244.90625,41441.12109375,16142097334,2.3437312952531153,67566.828125,-37.22891133014837,True,bear
2022-02-07,43840.28515625,44401.86328125,41748.15625,42406.78125,28641855926,3.3665872045371525,67566.828125,-35.115667890840484,True,bear
2022-02-08,44118.4453125,45293.8671875,42807.8359375,43854.65234375,33079398868,0.6344852805099555,67566.828125,-34.70398635425066,True,bear
2022-02-09,44338.796875,44727.80078125,43232.96875,44096.703125,23245887300,0.4994545046617338,67566.828125,-34.37786247273243,True,bear
2022-02-10,43565.11328125,45661.171875,43402.80859375,44347.80078125,32142048537,-1.7449359213132731,67566.828125,-35.522926722779324,True,bear
2022-02-11,42407.9375,43810.83203125,42114.5390625,43571.12890625,26954925781,-2.656198260703335,67566.828125,-37.23556562172128,True,bear
2022-02-12,42244.46875,42992.55078125,41852.57421875,42412.30078125,18152390304,-0.38546734323026133,67566.828125,-37.477502019412725,True,bear
2022-02-13,42197.515625,42693.0546875,41950.94140625,42236.56640625,14741589015,-0.1111462077505676,67566.828125,-37.54699340490908,True,bear
2022-02-14,42586.91796875,42775.77734375,41681.95703125,42157.3984375,20827783012,0.9228086961576842,67566.828125,-36.970671629037646,True,bear
2022-02-15,44575.203125,44667.21875,42491.03515625,42586.46484375,22721659051,4.668769779745485,67566.828125,-34.0279773936776,True,bear
2022-02-16,43961.859375,44578.27734375,43456.69140625,44578.27734375,19792547657,-1.3759752216496501,67566.828125,-34.9357360779617,True,bear
2022-02-17,40538.01171875,44132.97265625,40249.37109375,43937.0703125,26246662813,-7.7882230299773365,67566.828125,-40.00308606502312,True,bear
2022-02-18,40030.9765625,40929.15234375,39637.6171875,40552.1328125,23310007704,-1.2507647384577658,67566.828125,-40.75350630868466,True,bear
2022-02-19,40122.15625,40418.87890625,39713.05859375,40026.0234375,13736557863,0.22777282826873524,67566.828125,-40.618558894353896,True,bear
2022-02-20,38431.37890625,40119.890625,38112.8125,40118.1015625,18340576452,-4.214073972532317,67566.828125,-43.120936748501535,True,bear
2022-02-21,37075.28125,39394.4375,36950.4765625,38423.2109375,29280402798,-3.5286208687907883,67566.828125,-45.12798324436663,True,bear
2022-02-22,38286.02734375,38359.85546875,36488.93359375,37068.76953125,25493150450,3.2656423712227323,67566.828125,-43.336059415250226,True,bear
2022-02-23,37296.5703125,39122.39453125,37201.81640625,38285.28125,21849073843,-2.5843815613622922,67566.828125,-44.80047184766378,True,bear
2022-02-24,38332.609375,38968.83984375,34459.21875,37278.56640625,46383802093,2.7778400368163814,67566.828125,-43.26711725451445,True,bear
2022-02-25,39214.21875,39630.32421875,38111.34375,38333.74609375,26545599159,2.2998939789759643,67566.828125,-41.96232110015154,True,bear
2022-02-26,39105.1484375,40005.34765625,38702.53515625,39213.08203125,17467554129,-0.2781397053842838,67566.828125,-42.123746929255454,True,bear
2022-02-27,37709.78515625,39778.94140625,37268.9765625,39098.69921875,23450127612,-3.568234201898368,67566.828125,-44.18890718610302,True,bear
2022-02-28,43193.234375,43760.45703125,37518.21484375,37706.0,35690014104,14.541183928864609,67566.828125,-36.07331352732491,True,bear
2022-03-01,44354.63671875,44793.6015625,42952.5859375,43194.50390625,32479047645,2.6888524570001016,67566.828125,-34.35441924742564,True,bear
2022-03-02,43924.1171875,45077.578125,43432.8515625,44357.6171875,29183112630,-0.9706302725009275,67566.828125,-34.99159512676917,True,bear
2022-03-03,42451.7890625,44021.578125,41914.75,43925.1953125,24967782593,-3.351981142193561,67566.828125,-37.1706645989607,True,bear
2022-03-04,39137.60546875,42479.61328125,38805.84765625,42458.140625,28516271427,-7.806935036049167,67566.828125,-42.07570999730128,True,bear
2022-03-05,39400.5859375,39566.3359375,38777.03515625,39148.44921875,16975917450,0.671938064683042,67566.828125,-41.68649464407576,True,bear
2022-03-06,38419.984375,39640.17578125,38211.6484375,39404.19921875,19745229902,-2.4887994408395286,67566.828125,-43.137800839307936,True,bear
2022-03-07,38062.0390625,39430.2265625,37260.203125,38429.3046875,28546143503,-0.9316643885282638,67566.828125,-43.66756569942213,True,bear
2022-03-08,38737.26953125,39304.44140625,37957.38671875,38059.90234375,25776583476,1.7740259990833174,67566.828125,-42.66821366901334,True,bear
2022-03-09,41982.92578125,42465.671875,38706.09375,38742.81640625,32284121034,8.378639716414904,67566.828125,-37.86458984935517,True,bear
2022-03-10,39437.4609375,42004.7265625,38832.94140625,41974.0703125,31078064711,-6.063095404577135,67566.828125,-41.63191904681407,True,bear
2022-03-11,38794.97265625,40081.6796875,38347.43359375,39439.96875,26364890465,-1.6291319622939393,67566.828125,-42.582812109400024,True,bear
2022-03-12,38904.01171875,39308.59765625,38772.53515625,38794.46484375,14616450657,0.2810649293818468,67566.828125,-42.421432530802264,True,bear
2022-03-13,37849.6640625,39209.3515625,37728.14453125,38884.7265625,17300745310,-2.7101257933814904,67566.828125,-43.981884139244556,True,bear
2022-03-14,39666.75390625,39742.5,37680.734375,37846.31640625,24322159070,4.80080837903738,67566.828125,-41.292561739222535,True,bear
2022-03-15,39338.78515625,39794.62890625,38310.2109375,39664.25,23934000868,-0.8268101563720931,67566.828125,-41.777960801308524,True,bear
2022-03-16,41143.9296875,41465.453125,39022.34765625,39335.5703125,39616916192,4.588714481344902,67566.828125,-39.106317657263865,True,bear
2022-03-17,40951.37890625,41287.53515625,40662.87109375,41140.84375,22009601093,-0.467993171076464,67566.828125,-39.391295932244866,True,bear
2022-03-18,41801.15625,42195.74609375,40302.3984375,40944.83984375,34421564942,2.0750884742987363,67566.828125,-38.13361169971304,True,bear
2022-03-19,42190.65234375,42316.5546875,41602.66796875,41794.6484375,19664853187,0.9317830622209256,67566.828125,-37.557151172323145,True,bear
2022-03-20,41247.82421875,42241.1640625,41004.7578125,42191.40625,20127946682,-2.2346848712323064,67566.828125,-38.952552068241694,True,bear
2022-03-21,41077.99609375,41454.41015625,40668.04296875,41246.1328125,24615543271,-0.4117262624553253,67566.828125,-39.20390044393548,True,bear
2022-03-22,42358.80859375,43124.70703125,40948.28125,41074.10546875,32004652376,3.1180014163224357,67566.828125,-37.308277198708595,True,bear
2022-03-23,42892.95703125,42893.5078125,41877.5078125,42364.37890625,25242943069,1.2610091153007819,67566.828125,-36.5177288596452,True,bear
2022-03-24,43960.93359375,44131.85546875,42726.1640625,42886.65234375,31042992291,2.4898646221148013,67566.828125,-34.937106249206515,True,bear
2022-03-25,44348.73046875,44999.4921875,43706.28515625,43964.546875,30574413034,0.8821397620525806,67566.828125,-34.363160593088736,True,bear
2022-03-26,44500.828125,44735.99609375,44166.2734375,44349.859375,16950455995,0.3429583093865096,67566.828125,-34.13805359832407,True,bear
2022-03-27,46820.4921875,46827.546875,44437.29296875,44505.35546875,28160889722,5.212631225612729,67566.828125,-30.70491321439399,True,bear
2022-03-28,47128.00390625,48086.8359375,46690.203125,46821.8515625,36362175703,0.65678873583499,67566.828125,-30.249790889899053,True,bear
2022-03-29,47465.73046875,48022.2890625,47100.4375,47100.4375,31397059069,0.7166154611000009,67566.828125,-29.749950107266486,True,bear
2022-03-30,47062.6640625,47655.1484375,46746.2109375,47456.8984375,29333883962,-0.8491735032190584,67566.828125,-30.34649491695375,True,bear
2022-03-31,45538.67578125,47512.02734375,45390.5390625,47062.1484375,33327427106,-3.2382108229702333,67566.828125,-32.60202225713108,True,bear
2022-04-01,46281.64453125,46616.2421875,44403.140625,45554.1640625,38162644287,1.6315115388267687,67566.828125,-31.50241647332028,True,bear
2022-04-02,45868.94921875,47028.28125,45782.51171875,46285.5,29336594194,-0.8917040798352427,67566.828125,-32.113212220216234,True,bear
2022-04-03,46453.56640625,47313.4765625,45634.10546875,45859.12890625,25414397610,1.2745379989237415,67566.828125,-31.247969313714176,True,bear
2022-04-04,46622.67578125,46791.08984375,45235.81640625,46445.2734375,32499785455,0.3640395949819908,67566.828125,-30.99768469966193,True,bear
2022-04-05,45555.9921875,47106.140625,45544.80859375,46624.5078125,29640604055,-2.287907280900814,67566.828125,-32.5763936954085,True,bear
2022-04-06,43206.73828125,45544.35546875,43193.953125,45544.35546875,39393395788,-5.156849392240015,67566.828125,-36.05332752735313,True,bear
2022-04-07,43503.84765625,43860.69921875,42899.90625,43207.5,26101973106,0.6876459247305178,67566.828125,-35.61360084009419,True,bear
2022-04-08,42287.6640625,43903.01953125,42183.2890625,43505.13671875,27215995394,-2.795577079433975,67566.828125,-37.41357225728139,True,bear
2022-04-09,42782.13671875,42786.81640625,42183.25390625,42282.078125,16050772496,1.1693070951357853,67566.828125,-36.68174471709374,True,bear
2022-04-10,42207.671875,43376.37890625,42021.20703125,42781.08984375,17654475582,-1.3427680050824398,67566.828125,-37.53196199040904,True,bear
2022-04-11,39521.90234375,42424.58984375,39373.05859375,42201.0390625,33949912166,-6.3632259538124565,67566.828125,-41.50694439787276,True,bear
2022-04-12,40127.18359375,40617.5859375,39388.328125,39533.71484375,30991500854,1.5315083892861292,67566.828125,-40.611118344176376,True,bear
2022-04-13,41166.73046875,41430.0546875,39712.74609375,40123.5703125,27691105228,2.5906300465151855,67566.828125,-39.07257213171127,True,bear
2022-04-14,39935.515625,41451.48046875,39695.74609375,41160.21875,24342001973,-2.9908006531745968,67566.828125,-40.89479004235853,True,bear
2022-04-15,40553.46484375,40617.72265625,39866.83203125,39939.40234375,21756855753,1.5473675726454417,67566.828125,-39.98021518972998,True,bear
2022-04-16,40424.484375,40633.6796875,40078.42578125,40552.31640625,16833150693,-0.3180504286056762,67566.828125,-40.171108372567254,True,bear
2022-04-17,39716.953125,40570.7265625,39620.89453125,40417.77734375,19087633042,-1.7502542356175654,67566.828125,-41.21826608239944,True,bear
2022-04-18,40826.21484375,40986.3203125,38696.19140625,39721.203125,33705182072,2.7929174608607443,67566.828125,-39.57654077201808,True,bear
2022-04-19,41502.75,41672.9609375,40618.6328125,40828.17578125,25303206547,1.6571096753378534,67566.828125,-38.57525778297737,True,bear
2022-04-20,41374.37890625,42126.30078125,40961.09765625,41501.74609375,27819532341,-0.3093074404708074,67566.828125,-38.76524908094463,True,bear
2022-04-21,40527.36328125,42893.58203125,40063.828125,41371.515625,35372786395,-2.0471984048854197,67566.828125,-40.01884592499509,True,bear
2022-04-22,39740.3203125,40777.7578125,39315.41796875,40525.86328125,28011716745,-1.9420038833716236,67566.828125,-41.18368226642281,True,bear
2022-04-23,39486.73046875,39935.859375,39352.203125,39738.72265625,16138021249,-0.63811726165236,67566.828125,-41.55899934254905,True,bear
2022-04-24,39469.29296875,39845.92578125,39233.5390625,39478.375,17964398167,-0.04416040475622163,67566.828125,-41.58480712498297,True,bear
2022-04-25,40458.30859375,40491.75390625,38338.37890625,39472.60546875,35445730570,2.5057850055308917,67566.828125,-40.12104798096884,True,bear
2022-04-26,38117.4609375,40713.890625,37884.984375,40448.421875,34569088416,-5.785826787162362,67566.828125,-43.585540426758044,True,bear
2022-04-27,39241.12109375,39397.91796875,37997.3125,38120.30078125,30981015184,2.9478882606909007,67566.828125,-41.92250519566624,True,bear
2022-04-28,39773.828125,40269.46484375,38941.421875,39241.4296875,33903704907,1.3575224570606004,67566.828125,-41.1340901611992,True,bear
2022-04-29,38609.82421875,39887.26953125,38235.53515625,39768.6171875,30882994649,-2.926557389929385,67566.828125,-42.8568347957358,True,bear
2022-04-30,37714.875,38771.2109375,37697.94140625,38605.859375,23895713731,-2.317931347419566,67566.828125,-44.181374134913185,True,bear
2022-05-01,38469.09375,38627.859375,37585.7890625,37713.265625,27002760110,1.9997911964443782,67566.828125,-43.06511816888696,True,bear
2022-05-02,38529.328125,39074.97265625,38156.5625,38472.1875,32922642426,0.1565786170879102,67566.828125,-42.97597031827517,True,bear
2022-05-03,37750.453125,38629.99609375,37585.62109375,38528.109375,27326943244,-2.0215120218891713,67566.828125,-44.128717933656894,True,bear
2022-05-04,39698.37109375,39902.94921875,37732.05859375,37748.01171875,36754404490,5.1599856624237495,67566.828125,-41.24576778962125,True,bear
2022-05-05,36575.140625,39789.28125,35856.515625,39695.74609375,43106256317,-7.8674020689017965,67566.828125,-45.86819947010795,True,bear
2022-05-06,36040.921875,36624.359375,35482.1328125,36573.18359375,37795577489,-1.4606061408683924,67566.828125,-46.65885187281018,True,bear
2022-05-07,35501.953125,36129.92578125,34940.82421875,36042.50390625,24375896406,-1.4954355270636377,67566.828125,-47.45653435244782,True,bear
2022-05-08,34059.265625,35502.94140625,33878.96484375,35502.94140625,36763041910,-4.063684876492268,67566.828125,-49.59173521955231,True,bear
2022-05-09,30296.953125,34222.07421875,30296.953125,34060.015625,63355494961,-11.046369999353145,67566.828125,-55.16001865745419,True,bear
2022-05-10,31022.90625,32596.30859375,29944.802734375,30273.654296875,59811038817,2.396125848050934,67566.828125,-54.08559627424423,True,bear
2022-05-11,28936.35546875,32013.40234375,28170.4140625,31016.18359375,70388855818,-6.725839173272163,67566.828125,-57.17372522620545,True,bear
2022-05-12,29047.751953125,30032.439453125,26350.490234375,28936.734375,66989173272,0.3849706798608521,67566.828125,-57.00885662504969,True,bear
2022-05-13,29283.103515625,30924.802734375,28782.330078125,29030.91015625,42841124537,0.8102229834508146,67566.828125,-56.66053250057755,True,bear
2022-05-14,30101.265625,30192.802734375,28702.91015625,29285.642578125,28579868620,2.7939733537411415,67566.828125,-55.449639326990386,True,bear
2022-05-15,31305.11328125,31308.19140625,29527.740234375,30098.5859375,25835372065,3.9993257135678917,67566.828125,-53.667925297107466,True,bear
2022-05-16,29862.91796875,31305.341796875,29251.884765625,31304.375,32613897286,-4.606900155712879,67566.828125,-55.802397718740025,True,bear
2022-05-17,30425.857421875,30694.490234375,29570.302734375,29862.408203125,29101473475,1.8850785235190015,67566.828125,-54.969238210225654,True,bear
2022-05-18,28720.271484375,30618.716796875,28720.271484375,30424.478515625,31285268319,-5.605711989808215,67566.828125,-57.49353302297702,True,bear
2022-05-19,30314.333984375,30430.751953125,28708.955078125,28720.359375,33773447707,5.550304428240649,67566.828125,-55.13429470406267,True,bear
2022-05-20,29200.740234375,30664.9765625,28793.60546875,30311.119140625,30749382605,-3.6734890846488066,67566.828125,-56.78243149085963,True,bear
2022-05-21,29432.2265625,29588.869140625,29027.39453125,29199.859375,17274840442,0.7927413013061102,67566.828125,-56.439827975867416,True,bear
2022-05-22,30323.72265625,30425.861328125,29275.18359375,29432.47265625,21631532270,3.028979448282265,67566.828125,-55.12039931762003,True,bear
2022-05-23,29098.91015625,30590.5859375,28975.560546875,30309.396484375,31483454557,-4.039123144227663,67566.828125,-56.933141655819,True,bear
2022-05-24,29655.5859375,29774.35546875,28786.58984375,29101.125,26616506245,1.9130468401079792,67566.828125,-56.109252483131854,True,bear
2022-05-25,29562.361328125,30157.78515625,29384.94921875,29653.134765625,27525063551,-0.3143576713387941,67566.828125,-56.24722641495907,True,bear
2022-05-26,29267.224609375,29834.16015625,28261.90625,29564.77734375,36774325352,-0.9983529917456657,67566.828125,-56.684033539017044,True,bear
2022-05-27,28627.57421875,29346.943359375,28326.61328125,29251.140625,36582005748,-2.185551924250806,67566.828125,-57.63072647751288,True,bear
2022-05-28,28814.900390625,28814.900390625,28554.56640625,28622.625,35519577634,0.6543557286537771,67566.828125,-57.353480709029505,True,bear
2022-05-29,29445.95703125,29498.009765625,28841.107421875,29019.8671875,18093886409,2.190035821988534,67566.828125,-56.41950665972602,True,bear
2022-05-30,31726.390625,31949.630859375,29303.572265625,29443.365234375,39277993274,7.744470968730455,67566.828125,-53.044428004958974,True,bear
2022-05-31,31792.310546875,32249.86328125,31286.154296875,31723.865234375,33538210634,0.20777630413166825,67566.828125,-52.946865452883806,True,bear
2022-06-01,29799.080078125,31957.28515625,29501.587890625,31792.5546875,41135817341,-6.269536357891181,67566.828125,-55.89687883084271,True,bear
2022-06-02,30467.48828125,30604.734375,29652.705078125,29794.890625,29083562061,2.243049790035867,67566.828125,-54.907623864058664,True,bear
2022-06-03,29704.390625,30633.03515625,29375.689453125,30467.806640625,26175547452,-2.504629358369581,67566.828125,-56.037020755145896,True,bear
2022-06-04,29832.9140625,29930.564453125,29500.005859375,29706.138671875,16588370958,0.4326748833952898,67566.828125,-55.84680398596112,True,bear
2022-06-05,29906.662109375,30117.744140625,29574.44921875,29835.1171875,17264085441,0.247203631266113,67566.828125,-55.73765568209437,True,bear
2022-06-06,31370.671875,31693.291015625,29894.1875,29910.283203125,31947336829,4.895263002841332,67566.828125,-53.570897516509696,True,bear
2022-06-07,31155.478515625,31489.68359375,29311.68359375,31371.7421875,40770974039,-0.6859698773187373,67566.828125,-53.88938717385589,True,bear
2022-06-08,30214.35546875,31253.69140625,29944.404296875,31151.48046875,30242059107,-3.020730515832104,67566.828125,-55.28226452653241,True,bear
2022-06-09,30111.998046875,30609.310546875,30020.265625,30215.279296875,21692004719,-0.3387708269364409,67566.828125,-55.43375516878313,True,bear
2022-06-10,29083.8046875,30245.80859375,28978.146484375,30110.330078125,29867476527,-3.414563715680452,67566.828125,-56.95549799423117,True,bear
2022-06-11,28360.810546875,29401.916015625,28236.212890625,29084.666015625,27246574439,-2.4858994495164377,67566.828125,-58.02554103263968,True,bear
2022-06-12,26762.6484375,28502.685546875,26762.6484375,28373.513671875,34163220274,-5.635107313782672,67566.828125,-60.390846839830104,True,bear
2022-06-13,22487.388671875,26795.58984375,22141.2578125,26737.578125,68204556440,-15.974726027617203,67566.828125,-66.71830053902652,True,bear
2022-06-14,22206.79296875,23018.951171875,20950.818359375,22487.986328125,50913575242,-1.247791405304166,67566.828125,-67.13358672443972,True,bear
2022-06-15,22572.83984375,22642.671875,20178.376953125,22196.73046875,54912007015,1.6483554177098458,67566.828125,-66.5918314206051,True,bear
2022-06-16,20381.650390625,22868.921875,20265.2265625,22576.3046875,31183975654,-9.707194434960298,67566.828125,-69.8348273017663,True,bear
2022-06-17,20471.482421875,21243.3125,20326.51953125,20385.71875,27132421514,0.44074954445947334,67566.828125,-69.70187444051341,True,bear
2022-06-18,19017.642578125,20736.041015625,17708.623046875,20473.42578125,42009436760,-7.101780974085614,67566.828125,-71.85358095700161,True,bear
2022-06-19,20553.271484375,20683.822265625,18067.15234375,19010.90234375,35329942625,8.07475952890373,67566.828125,-69.58082530328191,True,bear
2022-06-20,20599.537109375,20913.322265625,19689.169921875,20553.37109375,30818458597,0.2251010260589048,67566.828125,-69.51235142892095,True,bear
2022-06-21,20710.59765625,21620.62890625,20415.0625,20594.294921875,28970212744,0.539140983048858,67566.828125,-69.34798002070634,True,bear
2022-06-22,19987.029296875,20835.75,19848.078125,20719.4140625,28574793478,-3.4937106663198714,67566.828125,-70.41887291216543,True,bear
2022-06-23,21085.876953125,21135.76171875,19950.1171875,19986.607421875,26188097173,5.497803800296652,67566.828125,-68.79256058295988,True,bear
2022-06-24,21231.65625,21472.91796875,20777.51171875,21084.6484375,24957784918,0.6913598955313738,67566.828125,-68.57680486240821,True,bear
2022-06-25,21502.337890625,21520.9140625,20964.5859375,21233.609375,18372538715,1.2748964915301864,67566.828125,-68.17619165007237,True,bear
2022-06-26,21027.294921875,21783.724609375,21016.26953125,21496.494140625,18027170497,-2.209261947079333,67566.828125,-68.87926293805877,True,bear
2022-06-27,20735.478515625,21478.08984375,20620.19921875,21028.23828125,20965695707,-1.3877981325425726,67566.828125,-69.31115594583788,True,bear
2022-06-28,20280.634765625,21164.423828125,20228.8125,20731.544921875,21381535161,-2.193553187871977,67566.828125,-69.98433206290902,True,bear
2022-06-29,20104.0234375,20364.15625,19937.791015625,20281.169921875,23552740328,-0.8708372798288844,67566.828125,-70.24571968909486,True,bear
2022-06-30,19784.7265625,20141.16015625,18729.65625,20108.3125,26267239923,-1.588223750298734,67566.828125,-70.7182842357231,True,bear
2022-07-01,19269.3671875,20632.671875,19073.708984375,19820.470703125,30767551159,-2.604834458398897,67566.828125,-71.48102445796141,True,bear
2022-07-02,19242.255859375,19371.748046875,19027.08203125,19274.8359375,18100418740,-0.1406965151537931,67566.828125,-71.52114966270662,True,bear
2022-07-03,19297.076171875,19558.26953125,18966.951171875,19242.095703125,16390821947,0.2848954556089245,67566.828125,-71.440014712286,True,bear
2022-07-04,20231.26171875,20258.748046875,19063.06640625,19297.314453125,21594638208,4.841073013105235,67566.828125,-70.05740497197566,True,bear
2022-07-05,20190.115234375,20635.466796875,19341.232421875,20225.353515625,26715546990,-0.20338071321012174,67566.828125,-70.11830243529728,True,bear
2022-07-06,20548.24609375,20595.529296875,19823.51171875,20194.619140625,24598943708,1.7737930428710857,67566.828125,-69.5882629628028,True,bear
2022-07-07,21637.587890625,21771.81640625,20296.103515625,20547.814453125,25814972520,5.301385782051415,67566.828125,-67.97601945943796,True,bear
2022-07-08,21731.1171875,22314.94140625,21257.453125,21637.154296875,49899834488,0.4322538045727464,67566.828125,-67.83759458517574,True,bear
2022-07-09,21592.20703125,21877.138671875,21445.95703125,21716.828125,29641127858,-0.6392223420980114,67566.828125,-68.04318386634344,True,bear
2022-07-10,20860.44921875,21591.080078125,20727.123046875,21591.080078125,28688807249,-3.388990349346599,67566.828125,-69.1261972810715,True,bear
2022-07-11,19970.556640625,20856.353515625,19924.5390625,20856.353515625,24150249025,-4.265931997884009,67566.828125,-70.44325271022186,True,bear
2022-07-12,19323.9140625,20043.4453125,19308.53125,19970.474609375,25810220018,-3.237979740682695,67566.828125,-71.40029419946966,True,bear
2022-07-13,20212.07421875,20223.052734375,18999.953125,19325.97265625,33042430345,4.596171114078618,67566.828125,-70.0858027827542,True,bear
2022-07-14,20569.919921875,20789.89453125,19689.2578125,20211.466796875,31158743333,1.7704551212910147,67566.828125,-69.55618534612837,True,bear
2022-07-15,20836.328125,21138.244140625,20397.0,20573.15625,25905575359,1.2951348577769028,67566.828125,-69.16189689050908,True,bear
2022-07-16,21190.31640625,21514.404296875,20518.8984375,20834.103515625,24302954056,1.6988995331921108,67566.828125,-68.63798850073665,True,bear
2022-07-17,20779.34375,21600.640625,20778.1796875,21195.041015625,22927802083,-1.939436147960416,67566.828125,-69.24623468848088,True,bear
2022-07-18,22485.689453125,22633.033203125,20781.912109375,20781.912109375,39974475562,8.211740099467768,67566.828125,-66.72081541029864,True,bear
2022-07-19,23389.43359375,23666.962890625,21683.40625,22467.849609375,48765202697,4.01919693193753,67566.828125,-65.38325944429555,True,bear
2022-07-20,23231.732421875,24196.818359375,23009.94921875,23393.19140625,42932549127,-0.6742410894342465,67566.828125,-65.61665973294495,True,bear
2022-07-21,23164.62890625,23388.322265625,22431.1484375,23233.201171875,33631012204,-0.28884421706671937,67566.828125,-65.71597402294071,True,bear
2022-07-22,22714.978515625,23671.927734375,22603.416015625,23163.751953125,31421555646,-1.9411076794918158,67566.828125,-66.38146388402038,True,bear
2022-07-23,22465.478515625,22977.2109375,22002.91015625,22706.984375,24021799169,-1.0983941711781742,67566.828125,-66.75072792515373,True,bear
2022-07-24,22609.1640625,22974.001953125,22306.83984375,22465.509765625,23565495303,0.6395837363315726,67566.828125,-66.53807098851439,True,bear
2022-07-25,21361.701171875,22649.12109375,21361.642578125,22607.15625,35574561406,-5.517510011323534,67566.828125,-68.38433627170508,True,bear
2022-07-26,21239.75390625,21361.12109375,20776.81640625,21361.12109375,28624673855,-0.5708686992848544,67566.828125,-68.56482020000107,True,bear
2022-07-27,22930.548828125,22986.529296875,21070.806640625,21244.169921875,31758955233,7.960520302344309,67566.828125,-66.06241632994372,True,bear
2022-07-28,23843.88671875,24110.470703125,22722.265625,22933.640625,40212386158,3.9830616243461403,67566.828125,-64.71066145855133,True,bear
2022-07-29,23804.6328125,24294.787109375,23481.173828125,23845.212890625,35887249746,-0.16462880701044735,67566.828125,-64.76875787559399,True,bear
2022-07-30,23656.20703125,24572.580078125,23580.5078125,23796.818359375,28148218301,-0.6235163651508224,67566.828125,-64.98843043588558,True,bear
2022-07-31,23336.896484375,24121.642578125,23275.703125,23652.0703125,23553591896,-1.34979604487393,67566.828125,-65.46101521711027,True,bear
2022-08-01,23314.19921875,23464.787109375,22890.796875,23336.71875,25849159141,-0.09725914343493569,67566.828125,-65.49460753786124,True,bear
2022-08-02,22978.1171875,23415.041015625,22710.083984375,23308.43359375,28389250717,-1.4415336683737068,67566.828125,-65.99201438760745,True,bear
2022-08-03,22846.5078125,23578.650390625,22747.8359375,22981.302734375,26288169966,-0.5727596126613665,67566.828125,-66.18679839427493,True,bear
2022-08-04,22630.95703125,23198.009765625,22485.701171875,22848.21484375,25120229769,-0.9434736504108754,67566.828125,-66.50581704178525,True,bear
2022-08-05,23289.314453125,23422.828125,22612.177734375,22626.833984375,28881249043,2.909101108565171,67566.828125,-65.53143739404298,True,bear
2022-08-06,22961.279296875,23326.5625,22961.279296875,23291.423828125,15978259885,-1.4085221654344782,67566.828125,-66.01693473845454,True,bear
2022-08-07,23175.890625,23359.009765625,22894.556640625,22963.505859375,15886817043,0.9346662498644243,67566.828125,-65.69930649678548,True,bear
2022-08-08,23809.486328125,24203.689453125,23176.546875,23179.52734375,28575544847,2.733856978257987,67566.828125,-64.76157459385696,True,bear
2022-08-09,23164.318359375,23898.615234375,22982.0,23811.484375,23555719219,-2.709709734425869,67566.828125,-65.71643363734562,True,bear
2022-08-10,23947.642578125,24127.4140625,22771.51953125,23162.8984375,32837431722,3.3815983988709775,67566.828125,-64.55710110615023,True,bear
2022-08-11,23957.529296875,24822.62890625,23900.99609375,23948.345703125,37127036580,0.041284726535173455,67566.828125,-64.54246860226577,True,bear
2022-08-12,24402.818359375,24412.56640625,23657.265625,23957.203125,27265804688,1.8586602023192844,67566.828125,-63.88343357745121,True,bear
2022-08-13,24424.068359375,24860.05078125,24346.115234375,24402.1875,22987346289,0.08708010561344626,67566.828125,-63.85198323326651,True,bear
2022-08-14,24319.333984375,24974.9140625,24206.259765625,24429.056640625,22994133555,-0.4288162539464846,67566.828125,-64.00699180464156,True,bear
2022-08-15,24136.97265625,25135.58984375,23839.775390625,24318.31640625,35123501685,-0.7498615226969818,67566.828125,-64.27688952395974,True,bear
2022-08-16,23883.291015625,24228.416015625,23733.5,24126.13671875,27753685646,-1.0510085263709001,67566.828125,-64.6523424609478,True,bear
2022-08-17,23335.998046875,24407.05859375,23243.353515625,23881.31640625,30931623076,-2.291530796119967,67566.828125,-65.4623449191622,True,bear
2022-08-18,23212.73828125,23563.83203125,23177.6015625,23341.0390625,23747613147,-0.5281958173694035,67566.828125,-65.64477136871668,True,bear
2022-08-19,20877.552734375,23213.3125,20868.84765625,23213.3125,40509610260,-10.059931398792521,67566.828125,-69.10088380092209,True,bear
2022-08-20,21166.060546875,21350.806640625,20856.73046875,20872.841796875,27595671000,1.3819043648011897,67566.828125,-68.67388756548205,True,bear
2022-08-21,21534.12109375,21668.845703125,21103.197265625,21160.392578125,23102307723,1.7389185203353419,67566.828125,-68.12915199465715,True,bear
2022-08-22,21398.908203125,21531.462890625,20939.18359375,21531.462890625,31666498758,-0.6279006699941081,67566.828125,-68.3292692628155,True,bear
2022-08-23,21528.087890625,21646.203125,20955.138671875,21401.044921875,31878280659,0.6036741981122917,67566.828125,-68.13808123300149,True,bear
2022-08-24,21395.01953125,21783.076171875,21195.005859375,21526.455078125,31962253368,-0.6181150878381003,67566.828125,-68.33502456017503,True,bear
2022-08-25,21600.904296875,21789.63671875,21362.44140625,21395.458984375,31028679593,0.9623023027591993,67566.828125,-68.03031177234946,True,bear
2022-08-26,20260.01953125,21804.908203125,20199.482421875,21596.0859375,42326789564,-6.207539958496023,67566.828125,-70.01484294368747,True,bear
2022-08-27,20041.73828125,20340.775390625,19890.5234375,20262.48046875,30116729776,-1.0773990107132536,67566.828125,-70.337902729173,True,bear
2022-08-28,19616.814453125,20139.0546875,19616.814453125,20041.03515625,24366810591,-2.1201944769558057,67566.828125,-70.96679687725833,True,bear
2022-08-29,20297.994140625,20357.462890625,19600.78515625,19615.154296875,32637854078,3.472427641744291,67566.828125,-69.95863990674047,True,bear
2022-08-30,19796.80859375,20542.64453125,19617.640625,20298.611328125,34483360283,-2.4691382971281484,67566.828125,-70.70040263378132,True,bear
2022-08-31,20049.763671875,20420.990234375,19799.58203125,19799.58203125,33225232872,1.2777568511970205,67566.828125,-70.32602502106133,True,bear
2022-09-01,20127.140625,20198.390625,19653.96875,20050.498046875,30182031010,0.38592451457939436,67566.828125,-70.21150587716744,True,bear
2022-09-02,19969.771484375,20401.568359375,19814.765625,20126.072265625,29123998928,-0.7818752974256604,67566.828125,-70.44441475418897,True,bear
2022-09-03,19832.087890625,20037.009765625,19698.35546875,19969.71875,23613051457,-0.6894600364241943,67566.828125,-70.64818870299013,True,bear
2022-09-04,19986.712890625,19999.689453125,19636.81640625,19832.470703125,25245861652,0.7796708085036963,67566.828125,-70.41934119854024,True,bear
2022-09-05,19812.37109375,20031.16015625,19673.046875,19988.7890625,28813460025,-0.8722884940063236,67566.828125,-70.67736988171664,True,bear
2022-09-06,18837.66796875,20155.26953125,18800.171875,19817.724609375,43403978910,-4.919669232863699,67566.828125,-72.11994629391225,True,bear
2022-09-07,19290.32421875,19427.171875,18644.466796875,18837.68359375,35239757134,2.4029314602578067,67566.828125,-71.4500077122719,True,bear
2022-09-08,19329.833984375,19417.3515625,19076.71484375,19289.94140625,32194477850,0.20481649337233954,67566.828125,-71.3915326192101,True,bear
2022-09-09,21381.15234375,21439.41015625,19310.962890625,19328.140625,48469528171,10.612188190716765,67566.828125,-68.35554822228086,True,bear
2022-09-10,21680.5390625,21760.275390625,21168.72265625,21376.912109375,36913738894,1.4002365912589188,67566.828125,-67.91245102938595,True,bear
2022-09-11,21769.255859375,21770.552734375,21406.9453125,21678.54296875,34493951963,0.4092001431295067,67566.828125,-67.78114873307145,True,bear
2022-09-12,22370.44921875,22439.181640625,21603.896484375,21770.1484375,50212088965,2.7616624254801714,67566.828125,-66.89137282371134,True,bear
2022-09-13,20296.70703125,22673.8203125,20062.669921875,22371.48046875,51091116622,-9.270006906083372,67566.828125,-69.9605448494627,True,bear
2022-09-14,20241.08984375,20467.201171875,19793.396484375,20184.5546875,37872380889,-0.27402074343571003,67566.828125,-70.04285918779023,True,bear
2022-09-15,19701.2109375,20318.166015625,19636.734375,20242.2890625,36389011503,-2.6672422800232853,67566.828125,-70.8418887134196,True,bear
2022-09-16,19772.583984375,19870.62890625,19400.076171875,19704.005859375,30123362273,0.3622774615297697,67566.828125,-70.73625544802056,True,bear
2022-09-17,20127.576171875,20162.53125,19777.033203125,19777.033203125,24957448100,1.7953757980268437,67566.828125,-70.21086126073793,True,bear
2022-09-18,19419.505859375,20127.234375,19387.4921875,20127.234375,31254779144,-3.5179114785287124,67566.828125,-71.25881679180127,True,bear
2022-09-19,19544.12890625,19639.48046875,18390.318359375,19418.572265625,40177002624,0.6417415961943007,67566.828125,-71.07437266391584,True,bear
2022-09-20,18890.7890625,19602.45703125,18813.455078125,19545.591796875,36791346508,-3.3428956945789956,67566.828125,-72.04132621476376,True,bear
2022-09-21,18547.400390625,19674.630859375,18290.314453125,18891.283203125,46363793975,-1.8177571658806957,67566.828125,-72.5495470109801,True,bear
2022-09-22,19413.55078125,19456.91015625,18415.591796875,18534.650390625,41135767926,4.669928789927913,67566.828125,-71.26763040388023,True,bear
2022-09-23,19297.638671875,19464.671875,18617.552734375,19412.400390625,38896078052,-0.5970680514919002,67566.828125,-71.43918220317524,True,bear
2022-09-24,18937.01171875,19310.197265625,18861.974609375,19296.990234375,26149643168,-1.8687620763186419,67566.828125,-71.97291593484876,True,bear
2022-09-25,18802.09765625,19134.732421875,18696.46875,18936.310546875,23359966112,-0.7124358610731463,67566.828125,-72.17259093254202,True,bear
2022-09-26,19222.671875,19274.873046875,18721.28515625,18803.900390625,44148798321,2.2368473265013344,67566.828125,-71.55013427678199,True,bear
2022-09-27,19110.546875,20338.455078125,18915.66796875,19221.83984375,58571439619,-0.5832956039052206,67566.828125,-71.71608109286247,True,bear
2022-09-28,19426.720703125,19688.34375,18553.296875,19104.62109375,53071298734,1.6544467837213528,67566.828125,-71.24813870619296,True,bear
2022-09-29,19573.05078125,19589.265625,18924.353515625,19427.779296875,41037843771,0.7532412719634118,67566.828125,-71.03156782047033,True,bear
2022-09-30,19431.7890625,20109.849609375,19265.662109375,19573.431640625,43975248085,-0.72171538473359,67566.828125,-71.24063745222612,True,bear
2022-10-01,19312.095703125,19471.154296875,19231.08203125,19431.10546875,18719537670,-0.6159667490729825,67566.828125,-71.41778556276574,True,bear
2022-10-02,19044.107421875,19370.30859375,18970.62109375,19311.849609375,20765955327,-1.3876706359042923,67566.828125,-71.81441255960245,True,bear
2022-10-03,19623.580078125,19653.54296875,19025.2265625,19044.068359375,30484729489,3.042792415591977,67566.828125,-70.95678364267599,True,bear
2022-10-04,20336.84375,20380.34375,19523.83984375,19623.583984375,35887278685,3.6347275524413414,67566.828125,-69.90114185562119,True,bear
2022-10-05,20160.716796875,20343.748046875,19801.80078125,20335.900390625,33223790572,-0.8660486125090072,67566.828125,-70.16181259896163,True,bear
2022-10-06,19955.443359375,20408.392578125,19900.087890625,20161.0390625,34711412966,-1.018185214187517,67566.828125,-70.46562061126056,True,bear
2022-10-07,19546.849609375,20041.0859375,19395.79296875,19957.55859375,29227315390,-2.047530303595302,67566.828125,-71.07034597922382,True,bear
2022-10-08,19416.568359375,19601.6953125,19299.4140625,19546.328125,16437423167,-0.6665076603316944,67566.828125,-71.26316433937974,True,bear
2022-10-09,19446.42578125,19542.5390625,19349.259765625,19417.478515625,16837262532,0.15377290838616275,67566.828125,-71.21897487140625,True,bear
2022-10-10,19141.484375,19515.466796875,19102.978515625,19446.416015625,27425022774,-1.568110303046133,67566.828125,-71.67029309177002,True,bear
2022-10-11,19051.41796875,19241.9609375,18925.603515625,19139.0,28711532910,-0.470529894576166,67566.828125,-71.80359283181905,True,bear
2022-10-12,19157.4453125,19203.19921875,19029.7578125,19052.646484375,24950173846,0.5565325579645286,67566.828125,-71.64667064575187,True,bear
2022-10-13,19382.904296875,19453.328125,18319.822265625,19156.966796875,44219840004,1.1768739552548313,67566.828125,-71.3129876971341,True,bear
2022-10-14,19185.65625,19889.146484375,19115.408203125,19382.533203125,38452356727,-1.0176392755898878,67566.828125,-71.60491800132138,True,bear
2022-10-15,19067.634765625,19212.541015625,19019.25,19185.4375,16192235532,-0.6151547950047354,67566.828125,-71.77959170978177,True,bear
2022-10-16,19268.09375,19389.603515625,19068.9140625,19068.9140625,17988916650,1.0513049302600663,67566.828125,-71.4829091660872,True,bear
2022-10-17,19550.7578125,19635.802734375,19173.333984375,19268.5625,27472552998,1.4670058500208416,67566.828125,-71.06456177529793,True,bear
2022-10-18,19334.416015625,19666.994140625,19144.76953125,19550.466796875,30580012344,-1.1065647631146036,67566.828125,-71.38475113874527,True,bear
2022-10-19,19139.53515625,19348.416015625,19127.6875,19335.02734375,22425387184,-1.007947999140535,67566.828125,-71.67317796709139,True,bear
2022-10-20,19053.740234375,19315.19921875,18971.458984375,19138.0859375,24493974420,-0.4482602172654282,67566.828125,-71.80015584108048,True,bear
2022-10-21,19172.46875,19237.384765625,18770.970703125,19053.203125,32459287866,0.6231244583192241,67566.828125,-71.62443571491835,True,bear
2022-10-22,19208.189453125,19248.068359375,19132.244140625,19172.380859375,16104440957,0.18631248583989013,67566.828125,-71.57156849572772,True,bear
2022-10-23,19567.0078125,19646.65234375,19124.197265625,19207.734375,22128794335,1.8680488353712166,67566.828125,-71.04051151209786,True,bear
2022-10-24,19345.572265625,19589.125,19206.32421875,19567.76953125,30202235805,-1.1316781236911488,67566.828125,-71.3682397080483,True,bear
2022-10-25,20095.857421875,20348.412109375,19261.447265625,19344.96484375,47761524910,3.878330120960949,67566.828125,-70.25780552448421,True,bear
2022-10-26,20770.44140625,20938.134765625,20076.1171875,20092.236328125,58895950537,3.356831063305088,67566.828125,-69.25941030142148,True,bear
2022-10-27,20285.8359375,20854.044921875,20255.373046875,20772.802734375,49625110402,-2.33314959115013,67566.828125,-69.97663424429102,True,bear
2022-10-28,20595.3515625,20724.98046875,20086.068359375,20287.95703125,43994715910,1.525772100068279,67566.828125,-69.51854610608893,True,bear
2022-10-29,20818.4765625,20988.39453125,20566.484375,20595.103515625,40369840645,1.083375534148523,67566.828125,-69.18831749214955,True,bear
2022-10-30,20635.603515625,20917.005859375,20547.462890625,20817.982421875,31486345556,-0.8784170461560437,67566.828125,-69.458972563506,True,bear
2022-10-31,20495.7734375,20795.3203125,20287.458984375,20633.6953125,45668466815,-0.6776156462742766,67566.828125,-69.66592334394859,True,bear
2022-11-01,20485.2734375,20647.2890625,20359.845703125,20494.8984375,39819303159,-0.051230074493258115,67566.828125,-69.68146351401634,True,bear
2022-11-02,20159.50390625,20742.810546875,20087.134765625,20482.958984375,55552169483,-1.5902620594443806,67566.828125,-70.16360769673173,True,bear
2022-11-03,20209.98828125,20382.095703125,20086.240234375,20162.689453125,43228750179,0.25042468919260763,67566.828125,-70.08889000403998,True,bear
2022-11-04,21147.23046875,21209.560546875,20188.01953125,20208.76953125,64072727950,4.63751969796804,67566.828125,-68.70175638609646,True,bear
2022-11-05,21282.69140625,21446.88671875,21097.634765625,21144.83203125,37846047609,0.6405611254872046,67566.828125,-68.5012720045455,True,bear
2022-11-06,20926.486328125,21345.376953125,20920.19140625,21285.056640625,35082693210,-1.6736843631552811,67566.828125,-69.02846128959823,True,bear
2022-11-07,20602.81640625,21053.24609375,20489.97265625,20924.62109375,53510852236,-1.5466997985227438,67566.828125,-69.50749801643141,True,bear
2022-11-08,18541.271484375,20664.607421875,17603.544921875,20600.671875,118992465607,-10.006131594948432,67566.828125,-72.55861789149955,True,bear
2022-11-09,15880.7802734375,18590.458984375,15682.6923828125,18543.76171875,102905151606,-14.349022466876315,67566.828125,-76.49618797546965,True,bear
2022-11-10,17586.771484375,18054.3125,15834.0185546875,15883.158203125,83202283721,10.742489862358795,67566.828125,-73.97129335146661,True,bear
2022-11-11,17034.29296875,17650.943359375,16543.482421875,17583.251953125,55871616488,-3.1414436476635332,67566.828125,-74.78897050304593,True,bear
2022-11-12,16799.185546875,17066.67578125,16651.775390625,17036.875,29717699419,-1.3802006476365758,67566.828125,-75.13693329543875,True,bear
2022-11-13,16353.365234375,16920.765625,16320.634765625,16799.72265625,27209183682,-2.6538209918333333,67566.828125,-75.79675457885793,True,bear
2022-11-14,16618.19921875,17109.32421875,15872.94140625,16352.0283203125,49630243054,1.6194463988263186,67566.828125,-75.40479599248614,True,bear
2022-11-15,16884.61328125,17051.962890625,16542.55078125,16617.484375,36599436183,1.6031463998783302,67566.828125,-75.01049886489695,True,bear
2022-11-16,16669.439453125,16960.294921875,16430.111328125,16884.341796875,33925512989,-1.27437818409466,67566.828125,-75.3289596156768,True,bear
2022-11-17,16687.517578125,16726.439453125,16460.68359375,16670.42578125,27868914022,0.10845070736082985,67566.828125,-75.30220369786672,True,bear
2022-11-18,16697.77734375,16947.05859375,16564.611328125,16687.912109375,26862218609,0.06148167681003791,67566.828125,-75.28701907856504,True,bear
2022-11-19,16711.546875,16797.876953125,16570.41015625,16696.220703125,16106223492,0.08246325823211276,67566.828125,-75.26663994929095,True,bear
2022-11-20,16291.83203125,16746.779296875,16248.6923828125,16712.919921875,21313378652,-2.5115259939095247,67566.828125,-75.88782471613173,True,bear
2022-11-21,15787.2841796875,16291.2236328125,15599.046875,16291.2236328125,37429485518,-3.0969374751391165,67566.828125,-76.63456370856909,True,bear
2022-11-22,16189.76953125,16253.0478515625,15656.6064453125,15782.30078125,30726828760,2.5494274188105903,67566.828125,-76.03887886923062,True,bear
2022-11-23,16610.70703125,16638.193359375,16170.5029296875,16195.5888671875,32958875628,2.600021570334854,67566.828125,-75.41588455133656,True,bear
2022-11-24,16604.46484375,16771.474609375,16501.767578125,16611.63671875,26129037414,-0.03757930043709612,67566.828125,-75.42512308994081,True,bear
2022-11-25,16521.841796875,16603.31640625,16388.404296875,16602.26953125,18678255976,-0.49759536156385176,67566.828125,-75.54740653755529,True,bear
2022-11-26,16464.28125,16666.86328125,16416.228515625,16521.576171875,18000008764,-0.34839061881034583,67566.828125,-75.63259707923429,True,bear
2022-11-27,16444.626953125,16594.40625,16437.025390625,16463.8828125,20443898509,-0.11937537130568554,67566.828125,-75.6616857569485,True,bear
2022-11-28,16217.322265625,16482.93359375,16054.5302734375,16440.22265625,27743025156,-1.3822428939733733,67566.828125,-75.99810037608599,True,bear
2022-11-29,16444.982421875,16522.2578125,16139.396484375,16217.6396484375,23581685468,1.4038085481754337,67566.828125,-75.661159657441,True,bear
2022-11-30,17168.56640625,17190.9375,16445.4765625,16445.4765625,29523576583,4.400028931697086,67566.828125,-74.59024364072884,True,bear
2022-12-01,16967.1328125,17197.498046875,16888.388671875,17168.001953125,22895392882,-1.1732697360023692,67566.828125,-74.8883686220841,True,bear
2022-12-02,17088.66015625,17088.66015625,16877.880859375,16968.68359375,19539705127,0.7162515027905547,67566.828125,-74.70850618496456,True,bear
2022-12-03,16908.236328125,17116.041015625,16888.140625,17090.09765625,16217776704,-1.0558102652595158,67566.828125,-74.97553637290117,True,bear
2022-12-04,17130.486328125,17157.767578125,16903.439453125,16908.169921875,16824520830,1.3144481522908036,67566.828125,-74.64660277313409,True,bear
2022-12-05,16974.826171875,17378.15234375,16922.431640625,17128.89453125,22209086834,-0.908673304822849,67566.828125,-74.87698232560032,True,bear
2022-12-06,17089.50390625,17091.86328125,16939.921875,16975.23828125,19889922369,0.6755753090715411,67566.828125,-74.70725742129841,True,bear
2022-12-07,16848.126953125,17109.376953125,16750.55859375,17089.505859375,19675404389,-1.412428087141393,67566.828125,-75.06449922148836,True,bear
2022-12-08,17233.474609375,17267.916015625,16788.783203125,16847.349609375,20496603770,2.2871839541696026,67566.828125,-74.49417844879041,True,bear
2022-12-09,17133.15234375,17280.546875,17100.8359375,17232.1484375,20328426366,-0.5821360340788395,67566.828125,-74.64265702682783,True,bear
2022-12-10,17128.724609375,17216.826171875,17120.68359375,17134.220703125,12706781969,-0.025843080632004245,67566.828125,-74.64921014541852,True,bear
2022-12-11,17104.193359375,17245.634765625,17091.8203125,17129.7109375,14122486832,-0.1432170261326582,67566.828125,-74.6855167927494,True,bear
2022-12-12,17206.4375,17212.564453125,16899.39453125,17102.5,19617581341,0.5977723618808328,67566.828125,-74.5341938085835,True,bear
2022-12-13,17781.318359375,17930.0859375,17111.763671875,17206.44140625,26634741631,3.3410801008343594,67566.828125,-73.68336082540503,True,bear
2022-12-14,17815.650390625,18318.53125,17739.513671875,17782.06640625,25534481470,0.19307922256450727,67566.828125,-73.63254886308161,True,bear
2022-12-15,17364.865234375,17846.744140625,17322.58984375,17813.64453125,20964448341,-2.530276169357326,67566.828125,-74.299718195666,True,bear
2022-12-16,16647.484375,17505.525390625,16584.701171875,17364.546875,24031608960,-4.131220425223303,67566.828125,-75.3614534869066,True,bear
2022-12-17,16795.091796875,16800.58984375,16614.029296875,16646.982421875,14463581825,0.8866650272798315,67566.828125,-75.14299211174492,True,bear
2022-12-18,16757.9765625,16815.38671875,16697.8203125,16795.609375,10924354698,-0.22098857704312413,67566.828125,-75.19792325977268,True,bear
2022-12-19,16439.6796875,16807.52734375,16398.13671875,16759.041015625,17221074814,-1.899375344110854,67566.828125,-75.669007790204,True,bear
2022-12-20,16906.3046875,17012.984375,16427.8671875,16441.787109375,22722096615,2.8384068842582266,67566.828125,-74.97839523231282,True,bear
2022-12-21,16817.53515625,16916.80078125,16755.912109375,16904.52734375,14882945045,-0.5250676176186131,67566.828125,-75.10977557635647,True,bear
2022-12-22,16830.341796875,16866.673828125,16592.408203125,16818.380859375,16441573050,0.07615052090579333,67566.828125,-75.09082154080325,True,bear
2022-12-23,16796.953125,16905.21875,16794.458984375,16829.64453125,15329265213,-0.1983838015767403,67566.828125,-75.14023731597213,True,bear
2022-12-24,16847.755859375,16864.703125,16793.52734375,16796.9765625,9744636213,0.3024520816182319,67566.828125,-75.06504844624892,True,bear
2022-12-25,16841.986328125,16860.5546875,16755.25390625,16847.505859375,11656379938,-0.0342451024228807,67566.828125,-75.07358744594761,True,bear
2022-12-26,16919.8046875,16920.123046875,16812.369140625,16842.25,11886957804,0.4620497716771643,67566.828125,-74.9584150136543,True,bear
2022-12-27,16717.173828125,16959.845703125,16642.072265625,16919.291015625,15748580239,-1.1975957353969946,67566.828125,-75.2583119675266,True,bear
2022-12-28,16552.572265625,16768.169921875,16497.556640625,16716.400390625,17005713920,-0.9846255365429935,67566.828125,-75.50192494606614,True,bear
2022-12-29,16642.341796875,16651.755859375,16508.68359375,16552.322265625,14472237479,0.5423297950882588,67566.828125,-75.36906458582557,True,bear
2022-12-30,16602.5859375,16643.427734375,16408.474609375,16641.330078125,15929162910,-0.2388838052975517,67566.828125,-75.42790390162332,True,bear
2022-12-31,16547.49609375,16628.986328125,16517.51953125,16603.673828125,11239186456,-0.33181483870876605,67566.828125,-75.50943776265952,True,bear
2023-01-01,16625.080078125,16630.439453125,16521.234375,16547.9140625,9244361700,0.46885633896178724,67566.828125,-75.39461220916237,True,bear
2023-01-02,16688.470703125,16759.34375,16572.228515625,16625.509765625,12097775227,0.38129515588565255,67566.828125,-75.30079305742903,True,bear
2023-01-03,16679.857421875,16760.447265625,16622.37109375,16688.84765625,13903079207,-0.0516121662866742,67566.828125,-75.3135408531877,True,bear
2023-01-04,16863.23828125,16964.5859375,16667.763671875,16680.205078125,18421743322,1.0994150293785143,67566.828125,-75.04213421110627,True,bear
2023-01-05,16836.736328125,16884.021484375,16790.283203125,16863.47265625,13692758566,-0.15715814888571655,67566.828125,-75.08135753098148,True,bear
2023-01-06,16951.96875,16991.994140625,16716.421875,16836.47265625,14413662913,0.6844106816741524,67566.828125,-74.91081168019534,True,bear
2023-01-07,16955.078125,16975.017578125,16914.19140625,16952.1171875,7714767174,0.018342264818071996,67566.828125,-74.906209754833,True,bear
2023-01-08,17091.14453125,17091.14453125,16924.05078125,16954.146484375,9768827914,0.8025112314249405,67566.828125,-74.70482926972532,True,bear
2023-01-09,17196.5546875,17389.95703125,17093.9921875,17093.9921875,18624736866,0.6167530562816603,67566.828125,-74.54882053115467,True,bear
2023-01-10,17446.29296875,17484.720703125,17162.990234375,17192.94921875,15808338949,1.4522576515372032,67566.828125,-74.17920382991193,True,bear
2023-01-11,17934.896484375,17934.896484375,17337.994140625,17446.359375,18372283782,2.800615102017323,67566.828125,-73.45606271291132,True,bear
2023-01-12,18869.587890625,19030.087890625,17995.203125,18117.59375,34971338710,5.211579598824612,67566.828125,-72.0727042925326,True,bear
2023-01-13,19909.57421875,19964.322265625,18753.1640625,18868.90625,29225029694,5.511441660269112,67566.828125,-70.5335076823247,True,bear
2023-01-14,20976.298828125,21075.142578125,19907.828125,19910.537109375,38967784639,5.357847423830919,67566.828125,-68.9547379827888,True,bear
2023-01-15,20880.798828125,20993.748046875,20606.986328125,20977.484375,19298407543,-0.4552757413617381,67566.828125,-69.09607952959536,True,bear
2023-01-16,21169.6328125,21360.875,20715.74609375,20882.224609375,26792494050,1.3832516023570829,67566.828125,-68.66860055449732,True,bear
2023-01-17,21161.51953125,21438.66015625,20978.533203125,21175.833984375,24999983362,-0.03832509199314105,67566.828125,-68.68060834215754,True,bear
2023-01-18,20688.78125,21564.501953125,20541.544921875,21161.05078125,30005625418,-2.2339524368838015,67566.828125,-69.3802686553151,True,bear
2023-01-19,21086.79296875,21163.01171875,20685.380859375,20686.74609375,21152848261,1.9238045679950355,67566.828125,-68.79120486499824,True,bear
2023-01-20,22676.552734375,22692.357421875,20919.126953125,21085.373046875,28799154319,7.539125404137925,67566.828125,-66.43833466264996,True,bear
2023-01-21,22777.625,23282.34765625,22511.833984375,22677.427734375,32442278429,0.4457126566322689,67566.828125,-66.28874607246483,True,bear
2023-01-22,22720.416015625,23056.73046875,22387.900390625,22777.986328125,24746386230,-0.2511630794474806,67566.828125,-66.3734162959496,True,bear
2023-01-23,22934.431640625,23126.486328125,22654.3046875,22721.087890625,26518700512,0.9419529327844067,67566.828125,-66.05666970455408,True,bear
2023-01-24,22636.46875,23134.01171875,22549.744140625,22929.626953125,26405069715,-1.2991945703908492,67566.828125,-66.49765960876235,True,bear
2023-01-25,23117.859375,23722.099609375,22406.076171875,22639.267578125,30685366709,2.1266153759075257,67566.828125,-65.7851936867134,True,bear
2023-01-26,23032.77734375,23237.078125,22911.373046875,23108.955078125,26357839322,-0.3680359408276712,67566.828125,-65.91111647103088,True,bear
2023-01-27,23078.728515625,23417.720703125,22654.59375,23030.716796875,25383335641,0.19950339114214177,67566.828125,-65.84310799238808,True,bear
2023-01-28,23031.08984375,23165.896484375,22908.845703125,23079.96484375,14712928379,-0.20641809553220147,67566.828125,-65.91361399836319,True,bear
2023-01-29,23774.56640625,23919.890625,22985.0703125,23031.44921875,27423687259,3.2281432079158012,67566.828125,-64.8132566438274,True,bear
2023-01-30,22840.138671875,23789.34765625,22657.58203125,23774.6484375,27205595568,-3.9303670923283462,67566.828125,-66.19622482556044,True,bear
2023-01-31,23139.283203125,23225.021484375,22765.568359375,22840.796875,22837828665,1.3097316769725253,67566.828125,-65.75348607408822,True,bear
2023-02-01,23723.76953125,23764.5390625,22877.75,23137.8359375,26683255504,2.525948288865165,67566.828125,-64.88843684158068,True,bear
2023-02-02,23471.87109375,24167.2109375,23468.595703125,23720.82421875,32066936882,-1.061797692681965,67566.828125,-65.26125060906136,True,bear
2023-02-03,23449.322265625,23678.103515625,23279.955078125,23469.412109375,27083066007,-0.09606745041729203,67566.828125,-65.29462323990809,True,bear
2023-02-04,23331.84765625,23556.94921875,23291.794921875,23446.3203125,15639298538,-0.5009723012217249,67566.828125,-65.46848756451078,True,bear
2023-02-05,22955.666015625,23423.435546875,22841.759765625,23332.248046875,19564262605,-1.612309690031044,67566.828125,-66.02524248562244,True,bear
2023-02-06,22760.109375,23119.279296875,22692.025390625,22954.021484375,23825006542,-0.8518883333286542,67566.828125,-66.31466948116413,True,bear
2023-02-07,23264.291015625,23310.974609375,22756.2578125,22757.267578125,27187964471,2.2151986720186922,67566.828125,-65.56847248684579,True,bear
2023-02-08,22939.3984375,23367.958984375,22731.09765625,23263.416015625,25371367758,-1.3965290320121615,67566.828125,-66.04931876473223,True,bear
2023-02-09,21819.0390625,22996.4375,21773.974609375,22946.56640625,32572572185,-4.883996317743455,67566.828125,-67.70746878611153,True,bear
2023-02-10,21651.18359375,21941.185546875,21539.392578125,21819.005859375,27078406594,-0.7693073387383564,67566.828125,-67.95589759860434,True,bear
2023-02-11,21870.875,21891.41015625,21618.44921875,21651.841796875,16356226232,1.0146854341645195,67566.828125,-67.63075075902863,True,bear
2023-02-12,21788.203125,22060.994140625,21682.828125,21870.90234375,17821046406,-0.3779998514005456,67566.828125,-67.75310647305896,True,bear
2023-02-13,21808.1015625,21898.4140625,21460.087890625,21787.0,23918742607,0.09132665684197239,67566.828125,-67.72365646326541,True,bear
2023-02-14,22220.8046875,22293.140625,21632.39453125,21801.822265625,26792596581,1.8924303145655852,67566.828125,-67.11284915374293,True,bear
2023-02-15,24307.841796875,24307.841796875,22082.76953125,22220.5859375,32483312909,9.392266116037785,67566.828125,-64.02400042827969,True,bear
2023-02-16,23623.474609375,25134.1171875,23602.5234375,24307.349609375,39316664596,-2.8154173176657027,67566.828125,-65.03687495042524,True,bear
2023-02-17,24565.6015625,24924.041015625,23460.755859375,23621.283203125,41358451255,3.9880964536483487,67566.828125,-63.64251180023852,True,bear
2023-02-18,24641.27734375,24798.8359375,24468.373046875,24565.296875,19625427158,0.30805588480080637,67566.828125,-63.53051041827339,True,bear
2023-02-19,24327.642578125,25093.0546875,24327.642578125,24640.02734375,25555105670,-1.2728023845912761,67566.828125,-63.99469495131787,True,bear
2023-02-20,24829.1484375,25020.458984375,23927.91015625,24336.623046875,28987376573,2.0614650916729094,67566.828125,-63.25245815658895,True,bear
2023-02-21,24436.353515625,25126.8515625,24200.36328125,24833.048828125,31252098714,-1.5819911136450981,67566.828125,-63.83380100303473,True,bear
2023-02-22,24188.84375,24472.33984375,23644.318359375,24437.41796875,30199996781,-1.012875204423358,67566.828125,-64.2001194650574,True,bear
2023-02-23,23947.4921875,24572.08984375,23693.919921875,24190.71875,30476264066,-0.997780485063493,67566.828125,-64.5573236867111,True,bear
2023-02-24,23198.126953125,24103.705078125,23007.072265625,23946.0078125,26811744928,-3.1292012896705357,67566.828125,-65.66639637100029,True,bear
2023-02-25,23175.375,23210.2109375,22861.55859375,23200.125,16100721565,-0.09807668166905703,67566.828125,-65.70006963013701,True,bear
2023-02-26,23561.212890625,23654.3671875,23084.220703125,23174.150390625,16644534842,1.6648614774302573,67566.828125,-65.12902330262376,True,bear
2023-02-27,23522.87109375,23857.890625,23205.87890625,23561.451171875,22660763494,-0.16273269569350157,67566.828125,-65.18576978301806,True,bear
2023-02-28,23147.353515625,23585.384765625,23077.650390625,23521.837890625,20535363434,-1.596393470118429,67566.828125,-65.74154188087395,True,bear
2023-03-01,23646.55078125,23880.6328125,23088.626953125,23150.9296875,24662841200,2.156606219747892,67566.828125,-65.00272184228716,True,bear
2023-03-02,23475.466796875,23739.138671875,23245.021484375,23647.01953125,20386398516,-0.7235050302163204,67566.828125,-65.255928910197,True,bear
2023-03-03,22362.6796875,23479.34765625,22213.23828125,23476.6328125,26062404610,-4.740212916759257,67566.828125,-66.90287185580387,True,bear
2023-03-04,22353.349609375,22405.177734375,22198.98046875,22362.923828125,11166012913,-0.04172164631153219,67566.828125,-66.91668052254747,True,bear
2023-03-05,22435.513671875,22613.685546875,22307.142578125,22354.14453125,13317001733,0.36756935285233716,67566.828125,-66.79507637924212,True,bear
2023-03-06,22429.7578125,22584.29296875,22331.314453125,22436.81640625,17353192895,-0.025655126328649747,67566.828125,-66.80359514434436,True,bear
2023-03-07,22219.76953125,22527.41796875,22011.26171875,22428.322265625,22765452204,-0.9362039617430651,67566.828125,-67.11438120175927,True,bear
2023-03-08,21718.080078125,22268.896484375,21708.05078125,22216.44140625,22536575684,-2.257851740628636,67566.828125,-67.85688971821186,True,bear
2023-03-09,20363.021484375,21802.716796875,20210.306640625,21720.080078125,30364664171,-6.239311158608585,67566.828125,-69.86239838474732,True,bear
2023-03-10,20187.244140625,20370.595703125,19628.25390625,20367.001953125,39578257695,-0.8632183779056501,67566.828125,-70.12255170055018,True,bear
2023-03-11,20632.41015625,20792.525390625,20068.66015625,20187.876953125,30180288176,2.2051846825845045,67566.828125,-69.4636987871036,True,bear
2023-03-12,22163.94921875,22185.03125,20448.806640625,20628.029296875,29279035521,7.4229770099644155,67566.828125,-67.19699616837683,True,bear
2023-03-13,24197.533203125,24550.837890625,21918.19921875,22156.40625,49466362688,9.175187888693825,67566.828125,-64.18725893368995,True,bear
2023-03-14,24746.07421875,26514.716796875,24081.18359375,24201.765625,54622230164,2.2669294883089997,67566.828125,-63.375409345886034,True,bear
2023-03-15,24375.9609375,25240.615234375,23964.91015625,24770.92578125,43655701450,-1.4956444322371198,67566.828125,-63.92318299683393,True,bear
2023-03-16,25052.7890625,25190.326171875,24225.111328125,24373.45703125,33866061747,2.7766213062754286,67566.828125,-62.92146640929801,True,bear
2023-03-17,27423.9296875,27787.8125,24955.169921875,25055.123046875,50730261335,9.464577453171529,67566.828125,-59.41213987910581,True,bear
2023-03-18,26965.87890625,27725.953125,26636.26171875,27448.1171875,35723036817,-1.6702594648891012,67566.828125,-60.09006245437099,True,bear
2023-03-19,28038.67578125,28440.560546875,26907.716796875,26969.50390625,37769448859,3.9783493752593824,67566.828125,-58.50230570335804,True,bear
2023-03-20,27767.236328125,28527.724609375,27242.880859375,28041.6015625,44774027664,-0.9680894177838351,67566.828125,-58.90404049046811,True,bear
2023-03-21,28175.81640625,28439.5625,27439.646484375,27768.392578125,36102192830,1.4714466837708162,67566.828125,-58.29933535710131,True,bear
2023-03-22,27307.4375,28803.3359375,26759.99609375,28158.720703125,33382021890,-3.0820008681536337,67566.828125,-59.58455020342128,True,bear
2023-03-23,28333.97265625,28729.84375,27183.36328125,27301.95703125,24220433689,3.7591779025402783,67566.828125,-58.06526154545604,True,bear
2023-03-24,27493.28515625,28388.4375,27039.265625,28324.111328125,25980310960,-2.967065403073854,67566.828125,-59.30949266201032,True,bear
2023-03-25,27494.70703125,27791.826171875,27196.234375,27487.337890625,13383005987,0.00517171735541222,67566.828125,-59.30738826398032,True,bear
2023-03-26,27994.330078125,28178.14453125,27445.046875,27495.5234375,13878363192,1.8171608313816145,67566.828125,-58.56793806224717,True,bear
2023-03-27,27139.888671875,28037.92578125,26606.689453125,27994.068359375,18188895178,-3.052194511765327,67566.828125,-59.83252518282247,True,bear
2023-03-28,27268.130859375,27460.71875,26677.818359375,27132.888671875,17783600385,0.4725228944394866,67566.828125,-59.64272466819309,True,bear
2023-03-29,28348.44140625,28619.54296875,27259.662109375,27267.03125,20684945906,3.9618063755315402,67566.828125,-58.043847561106745,True,bear
2023-03-30,28033.5625,29159.90234375,27720.16015625,28350.140625,22435349951,-1.11074503792854,67566.828125,-58.509873442427484,True,bear
2023-03-31,28478.484375,28639.896484375,27583.71484375,28032.26171875,19001327598,1.5871042968584437,67566.828125,-57.85138186106025,True,bear
2023-04-01,28411.03515625,28802.45703125,28297.171875,28473.33203125,10876469901,-0.23684272611504964,67566.828125,-57.95120779728033,True,bear
2023-04-02,28199.30859375,28518.958984375,27884.087890625,28462.845703125,12284641999,-0.745226498561502,67566.828125,-58.26456653910006,True,bear
2023-04-03,27790.220703125,28475.623046875,27276.720703125,28183.080078125,19556501327,-1.450701847050495,67566.828125,-58.87002324319186,True,bear
2023-04-04,28168.08984375,28433.7421875,27681.3046875,27795.2734375,15284538859,1.35971982612757,67566.828125,-58.31077079474789,True,bear
2023-04-05,28177.984375,28739.23828125,27843.763671875,28169.7265625,17052315986,0.0351267384649967,67566.828125,-58.29612672823687,True,bear
2023-04-06,28044.140625,28178.384765625,27738.759765625,28175.2265625,13837809380,-0.4749940528704033,67566.828125,-58.49421764609437,True,bear
2023-04-07,27925.859375,28111.59375,27794.03125,28038.966796875,10861680497,-0.4217681389550476,67566.828125,-58.66927581188717,True,bear
2023-04-08,27947.794921875,28159.86328125,27883.38671875,27920.513671875,9373255556,0.07854922772632111,67566.828125,-58.63681084722371,True,bear
2023-04-09,28333.05078125,28532.830078125,27828.48046875,27952.3671875,12175322951,1.3784839213681899,67566.828125,-58.066625935387584,True,bear
2023-04-10,29652.98046875,29771.46484375,28189.271484375,28336.02734375,19282400094,4.658621825410658,67566.828125,-56.11310861908245,True,bear
2023-04-11,30235.05859375,30509.083984375,29609.30078125,29653.6796875,20121259843,1.9629666758571807,67566.828125,-55.25162356620541,True,bear
2023-04-12,30139.052734375,30462.48046875,29725.57421875,30231.58203125,18651929926,-0.3175315803583212,67566.828125,-55.39371379308032,True,bear
2023-04-13,30399.06640625,30539.845703125,29878.623046875,29892.740234375,17487721001,0.8627134839524819,67566.828125,-55.008889347282796,True,bear
2023-04-14,30485.69921875,31005.607421875,30044.498046875,30409.5625,22659995079,0.2849851088919886,67566.828125,-54.88067138159744,True,bear
2023-04-15,30318.49609375,30601.740234375,30245.8828125,30490.75,11940685378,-0.5484641300179338,67566.828125,-55.12813471477429,True,bear
2023-04-16,30315.35546875,30555.537109375,30157.83203125,30315.9765625,12854816417,-0.010358775680330279,67566.828125,-55.13278289064276,True,bear
2023-04-17,29445.044921875,30319.197265625,29275.37109375,30317.146484375,17872186762,-2.8708571396173888,67566.828125,-56.42085659637437,True,bear
2023-04-18,30397.552734375,30470.302734375,29154.849609375,29449.091796875,19480529496,3.2348662229154,67566.828125,-55.01112960617463,True,bear
2023-04-19,28822.6796875,30411.0546875,28669.8984375,30394.1875,24571565421,-5.18092051895368,67566.828125,-57.34196722365381,True,bear
2023-04-20,28245.98828125,29076.400390625,28037.2578125,28823.68359375,21340360360,-2.0008250880993006,67566.828125,-58.19547984553256,True,bear
2023-04-21,27276.91015625,28349.96875,27177.365234375,28249.23046875,20759504330,-3.4308522518338824,67566.828125,-59.629731166620445,True,bear
2023-04-22,27817.5,27872.142578125,27169.5703125,27265.89453125,13125734602,1.9818587979846258,67566.828125,-58.82964944197609,True,bear
2023-04-23,27591.384765625,27820.244140625,27400.314453125,27816.14453125,12785446832,-0.8128524647254443,67566.828125,-59.16430365122308,True,bear
2023-04-24,27525.33984375,27979.982421875,27070.849609375,27591.73046875,17703288330,-0.2393679129772508,67566.828125,-59.262051205322884,True,bear
2023-04-25,28307.59765625,28371.078125,27207.931640625,27514.873046875,17733373139,2.841955147295372,67566.828125,-58.10429697264999,True,bear
2023-04-26,28422.701171875,29995.837890625,27324.548828125,28300.05859375,31854242019,0.4066170397882152,67566.828125,-57.93394190520173,True,bear
2023-04-27,29473.787109375,29871.546875,28402.88671875,28428.46484375,27153445027,3.6980508331842854,67566.828125,-56.378317693339255,True,bear
2023-04-28,29340.26171875,29572.791015625,28929.609375,29481.013671875,17544464887,-0.453030993708059,67566.828125,-56.57593743416529,True,bear
2023-04-29,29248.48828125,29452.455078125,29088.04296875,29336.56640625,10662634333,-0.31279011203009244,67566.828125,-56.71176360811299,True,bear
2023-04-30,29268.806640625,29952.029296875,29114.021484375,29245.515625,14652199272,0.0694680667924441,67566.828125,-56.681692107143,True,bear
2023-05-01,28091.568359375,29329.935546875,27680.79296875,29227.103515625,18655599976,-4.022160164248023,67566.828125,-58.4240238310358,True,bear
2023-05-02,28680.537109375,28881.298828125,27924.123046875,28087.17578125,16432924527,2.0966033026897257,67566.828125,-57.55234054155181,True,bear
2023-05-03,29006.30859375,29259.533203125,28178.388671875,28680.494140625,19122972518,1.135862564681589,67566.828125,-57.07019346817977,True,bear
2023-05-04,28847.7109375,29353.185546875,28694.0390625,29031.3046875,15548678514,-0.5467695268338013,67566.828125,-57.304920568224475,True,bear
2023-05-05,29534.384765625,29668.908203125,28845.509765625,28851.48046875,17936566518,2.3803407820215394,67566.828125,-56.28863218059343,True,bear
2023-05-06,28904.623046875,29820.126953125,28468.966796875,29538.859375,15913866714,-2.1323001096775096,67566.828125,-57.220689724548166,True,bear
2023-05-07,28454.978515625,29157.517578125,28441.3671875,28901.623046875,11301355486,-1.5556145829018653,67566.828125,-57.88617091365793,True,bear
2023-05-08,27694.2734375,28663.271484375,27310.134765625,28450.45703125,19122903752,-2.6733637409259936,67566.828125,-59.01202675036775,True,bear
2023-05-09,27658.775390625,27821.400390625,27375.6015625,27695.068359375,14128593256,-0.12817829272578907,67566.828125,-59.06456443470203,True,bear
2023-05-10,27621.755859375,28322.6875,26883.669921875,27654.63671875,20656025026,-0.13384371045779275,67566.828125,-59.11935394055469,True,bear
2023-05-11,27000.7890625,27621.94140625,26781.826171875,27621.0859375,16724343943,-2.2481076150133283,67566.828125,-60.03839485768372,True,bear
2023-05-12,26804.990234375,27055.646484375,25878.4296875,26987.662109375,19313599897,-0.7251596524522896,67566.828125,-60.32818029464811,True,bear
2023-05-13,26784.078125,27030.482421875,26710.873046875,26807.76953125,9999171605,-0.07801573211611013,67566.828125,-60.359130555235005,True,bear
2023-05-14,26930.638671875,27150.9765625,26661.35546875,26788.974609375,10014858959,0.5471927993601522,67566.828125,-60.142218572029506,True,bear
2023-05-15,27192.693359375,27646.34765625,26766.09765625,26931.384765625,14413231792,0.9730726801279843,67566.828125,-59.754373390048784,True,bear
2023-05-16,27036.650390625,27299.3046875,26878.947265625,27171.513671875,12732238816,-0.5738415341494774,67566.828125,-59.985319511215394,True,bear
2023-05-17,27398.802734375,27465.927734375,26600.14453125,27035.470703125,15140006925,1.3394867282656264,67566.828125,-59.44932817671024,True,bear
2023-05-18,26832.208984375,27466.52734375,26415.1015625,27401.650390625,15222938600,-2.067950762275983,67566.828125,-60.287896103787986,True,bear
2023-05-19,26890.12890625,27128.619140625,26700.2109375,26826.75390625,11258983301,0.21585968530852817,67566.828125,-60.202173681288215,True,bear
2023-05-20,27129.5859375,27155.158203125,26843.27734375,26888.841796875,7044911360,0.8905016115201336,67566.828125,-59.847773396570105,True,bear
2023-05-21,26753.826171875,27265.91796875,26706.921875,27118.423828125,8647416921,-1.3850552916312875,67566.828125,-60.40390393584869,True,bear
2023-05-22,26851.27734375,27045.734375,26549.734375,26749.892578125,11056770492,0.3642513457661867,67566.828125,-60.259674623064164,True,bear
2023-05-23,27225.7265625,27434.68359375,26816.1796875,26855.9609375,13697203143,1.3945303754316907,67566.828125,-59.7054837143874,True,bear
2023-05-24,26334.818359375,27224.603515625,26106.576171875,27224.603515625,16299104428,-3.2723027651064163,67566.828125,-61.02404228498776,True,bear
2023-05-25,26476.20703125,26591.51953125,25890.59375,26329.4609375,13851122697,0.5368887301425707,67566.828125,-60.81478476055072,True,bear
2023-05-26,26719.291015625,26916.669921875,26343.94921875,26474.181640625,12711619225,0.9181223884829448,67566.828125,-60.45501652646211,True,bear
2023-05-27,26868.353515625,26888.8828125,26621.140625,26720.181640625,7892015141,0.5578834405180588,67566.828125,-60.234401612107646,True,bear
2023-05-28,28085.646484375,28193.44921875,26802.751953125,26871.158203125,14545229578,4.53058267244435,67566.828125,-58.43278830195197,True,bear
2023-05-29,27745.884765625,28432.0390625,27563.876953125,28075.591796875,15181308984,-1.20973437068298,67566.828125,-58.93564114879782,True,bear
2023-05-30,27702.349609375,28044.759765625,27588.501953125,27745.123046875,13251081851,-0.15690671469931194,67566.828125,-59.00007388518358,True,bear
2023-05-31,27219.658203125,27831.677734375,26866.453125,27700.529296875,15656371534,-1.742420455507676,67566.828125,-59.71446498455117,True,bear
2023-06-01,26819.97265625,27346.10546875,26671.720703125,27218.412109375,14678970415,-1.4683709247646393,67566.828125,-60.3060060676039,True,bear
2023-06-02,27249.58984375,27303.861328125,26574.64453125,26824.556640625,14837415000,1.601855426947596,67566.828125,-59.670165671625575,True,bear
2023-06-03,27075.12890625,27317.052734375,26958.00390625,27252.32421875,8385597470,-0.640233260391676,67566.828125,-59.92837068485668,True,bear
2023-06-04,27119.06640625,27407.01953125,26968.224609375,27075.123046875,9360912318,0.1622799291266075,67566.828125,-59.8633424732042,True,bear
2023-06-05,25760.09765625,27129.982421875,25445.16796875,27123.109375,21513292646,-5.011119223804861,67566.828125,-61.87463823432218,True,bear
2023-06-06,27238.783203125,27313.8203125,25434.8671875,25732.109375,21929670693,5.7402171630208665,67566.828125,-59.686159674784946,True,bear
2023-06-07,26345.998046875,27332.181640625,26146.98828125,27235.650390625,19530045082,-3.277624957004588,67566.828125,-61.007496166411165,True,bear
2023-06-08,26508.216796875,26797.513671875,26246.6640625,26347.654296875,11904824295,0.6157244440365472,67566.828125,-60.76740978896588,True,bear
2023-06-09,26480.375,26770.2890625,26339.314453125,26505.923828125,11015551640,-0.10503081775867784,67566.828125,-60.808616099292436,True,bear
2023-06-10,25851.240234375,26531.044921875,25501.8359375,26481.76171875,19872933189,-2.375852931180167,67566.828125,-61.73974574246747,True,bear
2023-06-11,25940.16796875,26203.439453125,25668.986328125,25854.03125,10732609603,0.3439979419507688,67566.828125,-61.60813125523643,True,bear
2023-06-12,25902.5,26087.919921875,25675.197265625,25934.28515625,11677889997,-0.1452109670044499,67566.828125,-61.66388045909177,True,bear
2023-06-13,25918.728515625,26376.3515625,25728.365234375,25902.94140625,14143474486,0.06265231396582749,67566.828125,-61.639861993114685,True,bear
2023-06-14,25124.67578125,26041.80078125,24902.15234375,25920.2578125,14265717766,-3.0636253390914137,67566.828125,-62.81507290120406,True,bear
2023-06-15,25576.39453125,25735.30859375,24797.16796875,25121.673828125,15837384409,1.7979087727655774,67566.828125,-62.146521834748334,True,bear
2023-06-16,26327.462890625,26463.173828125,25245.357421875,25575.283203125,16324646965,2.9365685552642073,67566.828125,-61.03492849787375,True,bear
2023-06-17,26510.67578125,26769.39453125,26174.4921875,26328.6796875,11090276850,0.6959002900740696,67566.828125,-60.76377045226289,True,bear
2023-06-18,26336.212890625,26675.92578125,26325.890625,26510.45703125,9565695129,-0.6580854145875503,67566.828125,-61.02197835615064,True,bear
2023-06-19,26851.029296875,26984.611328125,26312.83203125,26335.44140625,12826986222,1.9547852547670663,67566.828125,-60.260041736456756,True,bear
2023-06-20,28327.48828125,28388.96875,26668.791015625,26841.6640625,22211859147,5.498705349618893,67566.828125,-58.07485852548299,True,bear
2023-06-21,30027.296875,30737.330078125,28283.41015625,28311.310546875,33346760979,6.000562340273241,67566.828125,-55.55911427505684,True,bear
2023-06-22,29912.28125,30495.998046875,29679.158203125,29995.935546875,20653160491,-0.38303689299371557,67566.828125,-55.72933926295656,True,bear
2023-06-23,30695.46875,31389.5390625,29845.21484375,29896.3828125,24115570085,2.618280743799839,67566.828125,-54.57020907772559,True,bear
2023-06-24,30548.6953125,30804.1484375,30290.146484375,30708.73828125,12147822496,-0.47815994828226405,67566.828125,-54.78743614250428,True,bear
2023-06-25,30480.26171875,31041.271484375,30327.943359375,30545.150390625,12703464114,-0.2240147837737516,67566.828125,-54.888718969668226,True,bear
2023-06-26,30271.130859375,30636.029296875,29955.744140625,30480.5234375,16493186997,-0.6861189753050945,67566.828125,-55.198236028820546,True,bear
2023-06-27,30688.1640625,31006.787109375,30236.650390625,30274.3203125,16428827944,1.3776598074988877,67566.828125,-54.58102013353909,True,bear
2023-06-28,30086.24609375,30703.279296875,29921.822265625,30696.560546875,14571500779,-1.961401038928634,67566.828125,-55.47186847651064,True,bear
2023-06-29,30445.3515625,30796.25,30057.203125,30086.1875,13180860821,1.1935868224670187,67566.828125,-54.94038656635549,True,bear
2023-06-30,30477.251953125,31256.86328125,29600.275390625,30441.353515625,26387306197,0.10477918298796851,67566.828125,-54.89317347154218,True,bear
2023-07-01,30590.078125,30641.2890625,30328.865234375,30471.84765625,9086606733,0.37019798257575953,67566.828125,-54.72618890972988,True,bear
2023-07-02,30620.76953125,30766.140625,30264.01953125,30587.26953125,10533418042,0.10033124506771962,67566.828125,-54.68076513137341,True,bear
2023-07-03,31156.439453125,31375.61328125,30586.513671875,30624.515625,15271884873,1.749367929268808,67566.828125,-53.88796497079164,True,bear
2023-07-04,30777.58203125,31325.197265625,30659.35546875,31156.865234375,12810828427,-1.21598433108826,67566.828125,-54.448680091492754,True,bear
2023-07-05,30514.166015625,30877.330078125,30225.61328125,30778.724609375,12481622280,-0.85586975402272,67566.828125,-54.83854006114779,True,bear
2023-07-06,29909.337890625,31460.052734375,29892.2265625,30507.150390625,21129219509,-1.9821224171432172,67566.828125,-55.73369548250493,True,bear
2023-07-07,30342.265625,30434.64453125,29777.28515625,29907.998046875,13384770155,1.4474667943441766,67566.828125,-55.092955423530924,True,bear
2023-07-08,30292.541015625,30374.4375,30080.16015625,30346.921875,7509378699,-0.16387902600796256,67566.828125,-55.1665486507918,True,bear
2023-07-09,30171.234375,30427.58984375,30085.591796875,30291.611328125,7903327692,-0.4004505286051452,67566.828125,-55.34608444371163,True,bear
2023-07-10,30414.470703125,31026.083984375,29985.39453125,30172.423828125,14828209155,0.8061862007427312,67566.828125,-54.98609073840552,True,bear
2023-07-11,30620.951171875,30788.314453125,30358.09765625,30417.6328125,12151839152,0.6788889103658935,67566.828125,-54.68049630030638,True,bear
2023-07-12,30391.646484375,30959.96484375,30228.8359375,30622.24609375,14805659717,-0.7488490028050299,67566.828125,-55.01987095183773,True,bear
2023-07-13,31476.048828125,31814.515625,30268.3515625,30387.48828125,23686079548,3.5680934374763718,67566.828125,-53.41493791910186,True,bear
2023-07-14,30334.068359375,31582.25390625,29966.38671875,31474.720703125,20917902660,-3.6280934592069825,67566.828125,-55.10508750942643,True,bear
2023-07-15,30295.806640625,30407.78125,30263.462890625,30331.783203125,8011667756,-0.1261344778969442,67566.828125,-55.161715472898706,True,bear
2023-07-16,30249.1328125,30437.560546875,30089.669921875,30297.47265625,8516564470,-0.1540603578530031,67566.828125,-55.23079349449631,True,bear
2023-07-17,30145.888671875,30336.400390625,29685.783203125,30249.626953125,13240156074,-0.34131272874816654,67566.828125,-55.383596494859134,True,bear
2023-07-18,29856.5625,30233.65625,29556.427734375,30147.0703125,13138897269,-0.9597533349379406,67566.828125,-55.8118039154291,True,bear
2023-07-19,29913.923828125,30184.181640625,29794.26953125,29862.046875,12128602812,0.19212301525000086,67566.828125,-55.726908220726834,True,bear
2023-07-20,29792.015625,30195.53125,29638.095703125,29915.25,14655207121,-0.40752996439197275,67566.828125,-55.90733433589015,True,bear
2023-07-21,29908.744140625,30045.998046875,29733.8515625,29805.111328125,10972789818,0.39181140710413676,67566.828125,-55.73457424212187,True,bear
2023-07-22,29771.802734375,29991.615234375,29664.12109375,29908.697265625,7873300598,-0.4578641136054662,67566.828125,-55.937249741401864,True,bear
2023-07-23,30084.5390625,30330.640625,29741.52734375,29790.111328125,9220145050,1.0504447141318263,67566.828125,-55.47439491040931,True,bear
2023-07-24,29176.916015625,30093.39453125,28934.294921875,30081.662109375,15395817395,-3.016908602087709,67566.828125,-56.81769172048876,True,bear
2023-07-25,29227.390625,29353.16015625,29062.43359375,29178.970703125,10266772793,0.17299501204297574,67566.828125,-56.74298848108019,True,bear
2023-07-26,29354.97265625,29675.552734375,29113.912109375,29225.759765625,13497554655,0.43651529788248933,67566.828125,-56.55416500839331,True,bear
2023-07-27,29210.689453125,29560.966796875,29099.3515625,29353.798828125,10770779217,-0.4915119656712763,67566.828125,-56.767706485962854,True,bear
2023-07-28,29319.24609375,29521.513671875,29125.845703125,29212.1640625,11218474952,0.3716332707559111,67566.828125,-56.60704089955384,True,bear
2023-07-29,29356.91796875,29396.84375,29264.166015625,29319.4453125,6481775959,0.1284885528077373,67566.828125,-56.55128591438523,True,bear
2023-07-30,29275.30859375,29443.169921875,29059.501953125,29357.09375,8678454527,-0.2779902682116475,67566.828125,-56.67206911120633,True,bear
2023-07-31,29230.111328125,29489.873046875,29131.578125,29278.314453125,11656781982,-0.15438698273756435,67566.828125,-56.73896179638815,True,bear
2023-08-01,29675.732421875,29675.732421875,28657.0234375,29230.873046875,18272392391,1.5245275282999904,67566.828125,-56.07943535994573,True,bear
2023-08-02,29151.958984375,29987.998046875,28946.509765625,29704.146484375,19212655598,-1.7649890828436932,67566.828125,-56.85462853096599,True,bear
2023-08-03,29178.6796875,29375.70703125,28959.48828125,29161.8125,12780357746,0.09166006009861949,67566.828125,-56.8150814575477,True,bear
2023-08-04,29074.091796875,29302.078125,28885.3359375,29174.3828125,12036639988,-0.35843942133476636,67566.828125,-56.96987322967515,True,bear
2023-08-05,29042.126953125,29102.46484375,28957.796875,29075.388671875,6598366353,-0.10994270766331304,67566.828125,-57.0171817161574,True,bear
2023-08-06,29041.85546875,29160.822265625,28963.833984375,29043.701171875,7269806994,-0.0009347950838400898,67566.828125,-57.01758351742963,True,bear
2023-08-07,29180.578125,29244.28125,28724.140625,29038.513671875,13618163710,0.47766457759308434,67566.828125,-56.81227173929885,True,bear
2023-08-08,29765.4921875,30176.796875,29113.814453125,29180.01953125,17570561357,2.0044635853149417,67566.828125,-55.94658945298833,True,bear
2023-08-09,29561.494140625,30093.435546875,29376.80078125,29766.6953125,18379521213,-0.6853508270246889,67566.828125,-56.24850986650485,True,bear
2023-08-10,29429.591796875,29688.564453125,29354.447265625,29563.97265625,11865344789,-0.4461964714047806,67566.828125,-56.44372747166753,True,bear
2023-08-11,29397.71484375,29517.7734375,29253.517578125,29424.90234375,10195168197,-0.10831598801986919,67566.828125,-56.49090587860122,True,bear
2023-08-12,29415.96484375,29465.11328125,29357.587890625,29399.787109375,6194358008,0.06207965516027425,67566.828125,-56.463895583007286,True,bear
2023-08-13,29282.9140625,29441.43359375,29265.806640625,29416.59375,7329897180,-0.45230806453818717,67566.828125,-56.66081289427112,True,bear
2023-08-14,29408.443359375,29660.25390625,29124.10546875,29283.263671875,14013695304,0.4286776125049352,67566.828125,-56.47502750170722,True,bear
2023-08-15,29170.34765625,29439.12109375,29088.853515625,29408.048828125,12640195779,-0.8096168172366025,67566.828125,-56.827412998751,True,bear
2023-08-16,28701.779296875,29221.9765625,28701.779296875,29169.07421875,14949271904,-1.6063173634291772,67566.828125,-57.520901759993635,True,bear
2023-08-17,26664.55078125,28745.947265625,25409.111328125,28699.802734375,31120851211,-7.097917151940503,67566.828125,-60.53603295996071,True,bear
2023-08-18,26049.556640625,26808.1953125,25668.921875,26636.078125,24026236529,-2.306411031148714,67566.828125,-61.44623424910106,True,bear
2023-08-19,26096.205078125,26249.44921875,25802.408203125,26047.83203125,10631443812,0.17907574452629138,67566.828125,-61.37719380603972,True,bear
2023-08-20,26189.583984375,26260.681640625,26004.314453125,26096.861328125,9036580420,0.357825614760654,67566.828125,-61.23899151233836,True,bear
2023-08-21,26124.140625,26220.201171875,25846.087890625,26188.69140625,13371557893,-0.2498831574187843,67566.828125,-61.335848744194685,True,bear
2023-08-22,26031.65625,26135.5078125,25520.728515625,26130.748046875,14503820706,-0.35401882238949023,67566.828125,-61.47272711715739,True,bear
2023-08-23,26431.640625,26786.8984375,25804.998046875,26040.474609375,16985265785,1.5365306423789304,67566.828125,-60.880743763639565,True,bear
2023-08-24,26162.373046875,26554.91015625,25914.92578125,26431.51953125,12871532023,-1.018731988472621,67566.828125,-61.27926414057194,True,bear
2023-08-25,26047.66796875,26248.103515625,25786.8125,26163.6796875,12406045118,-0.4384352975912553,67566.828125,-61.449029514066744,True,bear
2023-08-26,26008.462890625,26107.384765625,25983.87890625,26047.234375,6034817316,-0.15051281432193475,67566.828125,-61.507053664693544,True,bear
2023-08-27,26089.693359375,26165.373046875,25965.09765625,26008.2421875,6913768611,0.31232321991347956,67566.828125,-61.386831255259544,True,bear
2023-08-28,26106.150390625,26198.578125,25880.599609375,26089.615234375,11002805166,0.06307866874213364,67566.828125,-61.36247458245621,True,bear
2023-08-29,27727.392578125,28089.337890625,25912.62890625,26102.486328125,29368391712,6.2101924766441385,67566.828125,-58.963009885814444,True,bear
2023-08-30,27297.265625,27760.16015625,27069.20703125,27726.083984375,16343655235,-1.5512708305083889,67566.828125,-59.5996047431744,True,bear
2023-08-31,25931.47265625,27456.078125,25752.9296875,27301.9296875,20181001451,-5.00340578984273,67566.828125,-61.621000458573775,True,bear
2023-09-01,25800.724609375,26125.869140625,25362.609375,25934.021484375,17202862221,-0.5042060225742162,67566.828125,-61.81450968566538,True,bear
2023-09-02,25868.798828125,25970.28515625,25753.09375,25800.91015625,10100387473,0.2638461507599166,67566.828125,-61.71375873932221,True,bear
2023-09-03,25969.56640625,26087.1484375,25817.03125,25869.47265625,8962524523,0.38953327054152,67566.828125,-61.56462109157207,True,bear
2023-09-04,25812.416015625,26081.525390625,25657.025390625,25968.169921875,10680635106,-0.6051329012069284,67566.828125,-61.797206215050515,True,bear
2023-09-05,25779.982421875,25858.375,25589.98828125,25814.95703125,11094740040,-0.12565113521479931,67566.828125,-61.84520845912507,True,bear
2023-09-06,25753.236328125,25953.015625,25404.359375,25783.931640625,12752705327,-0.10374752516241204,67566.828125,-61.88479311107962,True,bear
2023-09-07,26240.1953125,26409.302734375,25608.201171875,25748.3125,11088307100,1.8908652030005024,67566.828125,-61.16408592696536,True,bear
2023-09-08,25905.654296875,26414.005859375,25677.48046875,26245.208984375,10817356400,-1.2749181613965876,67566.828125,-61.659212048626856,True,bear
2023-09-09,25895.677734375,25921.9765625,25810.494140625,25905.42578125,5481314132,-0.03851113886439439,67566.828125,-61.67397752271652,True,bear
2023-09-10,25832.2265625,25978.130859375,25640.26171875,25895.2109375,7899553047,-0.24502611024840304,67566.828125,-61.76788628480553,True,bear
2023-09-11,25162.654296875,25883.947265625,24930.296875,25831.71484375,14600006467,-2.592003689674205,67566.828125,-62.75886408294381,True,bear
2023-09-12,25833.34375,26451.939453125,25133.078125,25160.658203125,18657279324,2.6654161568650414,67566.828125,-61.76623282921052,True,bear
2023-09-13,26228.32421875,26376.11328125,25781.123046875,25837.5546875,13072077070,1.528956036711282,67566.828125,-61.181655337990605,True,bear
2023-09-14,26539.673828125,26774.623046875,26171.451171875,26228.27734375,13811359124,1.1870739692642074,67566.828125,-60.72085287320863,True,bear
2023-09-15,26608.693359375,26840.498046875,26240.701171875,26533.818359375,11479735788,0.2600617162704433,67566.828125,-60.61870284905431,True,bear
2023-09-16,26568.28125,26754.76953125,26473.890625,26606.19921875,7402031417,-0.1518755875352329,67566.828125,-60.6785134254813,True,bear
2023-09-17,26534.1875,26617.998046875,26445.07421875,26567.927734375,6774210670,-0.12832501161511578,67566.828125,-60.728972727695286,True,bear
2023-09-18,26754.28125,27414.734375,26415.515625,26532.994140625,15615339655,0.8294723552398242,67566.828125,-60.40323041285283,True,bear
2023-09-19,27211.1171875,27488.763671875,26681.60546875,26760.8515625,13807690550,1.7075246134672373,67566.828125,-59.72710582601438,True,bear
2023-09-20,27132.0078125,27379.505859375,26864.08203125,27210.228515625,13281116604,-0.290724465500225,67566.828125,-59.844188982343184,True,bear
2023-09-21,26567.6328125,27152.939453125,26389.30078125,27129.83984375,13371443708,-2.080107760178318,67566.828125,-60.679473123483994,True,bear
2023-09-22,26579.568359375,26726.078125,26495.533203125,26564.056640625,10578746709,0.04492514240630463,67566.828125,-60.66180832078981,True,bear
2023-09-23,26579.390625,26634.185546875,26520.51953125,26578.556640625,7404700301,-0.0006686879658768241,67566.828125,-60.66207137054356,True,bear
2023-09-24,26256.826171875,26716.05859375,26221.05078125,26579.373046875,8192867686,-1.213588594546644,67566.828125,-61.13947198572154,True,bear
2023-09-25,26298.48046875,26421.5078125,26011.46875,26253.775390625,11997833257,0.15864178176880905,67566.828125,-61.07782295167492,True,bear
2023-09-26,26217.25,26389.884765625,26090.712890625,26294.7578125,9985498161,-0.30887894396227633,67566.828125,-61.198045361108925,True,bear
2023-09-27,26352.716796875,26817.841796875,26111.46484375,26209.498046875,11718380997,0.5167086436411061,67566.828125,-60.997552307588066,True,bear
2023-09-28,27021.546875,27259.5,26327.322265625,26355.8125,14079002707,2.537992888096885,67566.828125,-60.007672958970936,True,bear
2023-09-29,26911.720703125,27225.9375,26721.763671875,27024.841796875,10396435377,-0.4064392478456136,67566.828125,-60.17021747219247,True,bear
2023-09-30,26967.916015625,27091.794921875,26888.96875,26911.689453125,5331172801,0.20881352448591795,67566.828125,-60.08704749950107,True,bear
2023-10-01,27983.75,28047.23828125,26965.09375,26967.396484375,9503917434,3.7668241913332734,67566.828125,-58.58359674923692,True,bear
2023-10-02,27530.78515625,28494.458984375,27347.787109375,27976.798828125,19793041322,-1.6186709920936293,67566.828125,-59.25399205462555,True,bear
2023-10-03,27429.978515625,27667.19140625,27216.001953125,27508.251953125,11407814187,-0.3661597010505724,67566.828125,-59.40318751550837,True,bear
2023-10-04,27799.39453125,27826.658203125,27248.10546875,27429.07421875,11143355314,1.3467601347721292,67566.828125,-58.85644582897904,True,bear
2023-10-05,27415.912109375,28091.861328125,27375.6015625,27798.646484375,11877253670,-1.379463216164356,67566.828125,-59.42400602459092,True,bear
2023-10-06,27946.59765625,28252.537109375,27215.552734375,27412.123046875,13492391599,1.9356844476223989,67566.828125,-58.638582819740726,True,bear
2023-10-07,27968.83984375,28028.091796875,27870.423828125,27946.78125,6553044316,0.07958817661306572,67566.828125,-58.60566402198564,True,bear
2023-10-08,27935.08984375,28102.169921875,27740.662109375,27971.677734375,7916875290,-0.1206700034343422,67566.828125,-58.65561456863193,True,bear
2023-10-09,27583.677734375,27989.470703125,27302.5625,27934.47265625,12007668568,-1.2579594744121514,67566.828125,-59.17571018230331,True,bear
2023-10-10,27391.01953125,27715.84765625,27301.654296875,27589.201171875,9973350678,-0.6984500217130485,67566.828125,-59.46084744339921,True,bear
2023-10-11,26873.3203125,27474.115234375,26561.099609375,27392.076171875,13648094333,-1.8900326735168282,67566.828125,-60.2270506722858,True,bear
2023-10-12,26756.798828125,26921.439453125,26558.3203125,26873.29296875,9392909295,-0.43359541366684295,67566.828125,-60.399504356450805,True,bear
2023-10-13,26862.375,27092.697265625,26686.322265625,26752.87890625,15165312851,0.39457699163931714,67566.828125,-60.24324991206622,True,bear
2023-10-14,26861.70703125,26969.0,26814.5859375,26866.203125,5388116782,-0.0024866332556272575,67566.828125,-60.24423851663527,True,bear
2023-10-15,27159.65234375,27289.169921875,26817.89453125,26858.01171875,7098201980,1.1091823470242623,67566.828125,-59.80327462833671,True,bear
2023-10-16,28519.466796875,29448.138671875,27130.47265625,27162.62890625,27833876539,5.006744695824206,67566.828125,-57.79072721289593,True,bear
2023-10-17,28415.748046875,28618.751953125,28110.185546875,28522.09765625,14872527508,-0.36367703063566736,67566.828125,-57.94423264282098,True,bear
2023-10-18,28328.341796875,28889.009765625,28174.251953125,28413.53125,12724128586,-0.30759792019486865,67566.828125,-58.07359530853367,True,bear
2023-10-19,28719.806640625,28892.474609375,28177.98828125,28332.416015625,14448058195,1.3818840741083749,67566.828125,-57.494220999256065,True,bear
2023-10-20,29682.94921875,30104.0859375,28601.669921875,28732.8125,21536125230,3.3535830870205396,67566.828125,-56.06875438368078,True,bear
2023-10-21,29918.412109375,30287.482421875,29481.751953125,29683.380859375,11541146996,0.7932597562652743,67566.828125,-55.720265491780474,True,bear
2023-10-22,29993.896484375,30199.43359375,29720.3125,29918.654296875,10446520040,0.2523007395046406,67566.828125,-55.60854739416554,True,bear
2023-10-23,33086.234375,34370.4375,30097.828125,30140.685546875,38363572311,10.309890521346299,67566.828125,-51.03183722966869,True,bear
2023-10-24,33901.52734375,35150.43359375,32880.76171875,33077.3046875,44934999645,2.464145540134477,67566.828125,-49.82519043067778,True,bear
2023-10-25,34502.8203125,35133.7578125,33709.109375,33916.04296875,25254318008,1.7736456610143003,67566.828125,-48.9352670978293,True,bear
2023-10-26,34156.6484375,34832.91015625,33762.32421875,34504.2890625,19427195376,-1.0033147199696724,67566.828125,-49.44760707974998,True,bear
2023-10-27,33909.80078125,34238.2109375,33416.88671875,34156.5,16418032871,-0.7226928505637331,67566.828125,-49.81294560917351,True,bear
2023-10-28,34089.57421875,34399.390625,33874.8046875,33907.72265625,10160330825,0.5301518539129857,67566.828125,-49.546878009896226,True,bear
2023-10-29,34538.48046875,34743.26171875,33947.56640625,34089.37109375,11160323986,1.3168432293093613,67566.828125,-48.88248948899434,True,bear
2023-10-30,34502.36328125,34843.93359375,34110.97265625,34531.7421875,17184860315,-0.10457086417764438,67566.828125,-48.9359435114818,True,bear
2023-10-31,34667.78125,34719.25390625,34083.30859375,34500.078125,15758270810,0.4794395311462418,67566.828125,-48.691122238469,True,bear
2023-11-01,35437.25390625,35527.9296875,34170.69140625,34657.2734375,22446272005,2.2195613001625203,67566.828125,-47.55229024412636,True,bear
2023-11-02,34938.2421875,35919.84375,34401.57421875,35441.578125,20998158544,-1.4081557224217889,67566.828125,-48.29083567033287,True,bear
2023-11-03,34732.32421875,34942.47265625,34133.44140625,34942.47265625,17158456701,-0.5893770145759425,67566.828125,-48.59559759932123,True,bear
2023-11-04,35082.1953125,35256.03125,34616.69140625,34736.32421875,9561294264,1.0073356782761111,67566.828125,-48.07778271373457,True,bear
2023-11-05,35049.35546875,35340.33984375,34594.2421875,35090.01171875,12412743996,-0.0936082917772807,67566.828125,-48.126386214389136,True,bear
2023-11-06,35037.37109375,35286.02734375,34765.36328125,35044.7890625,12693436420,-0.03419285416157436,67566.828125,-48.144123283499184,True,bear
2023-11-07,35443.5625,35892.41796875,34545.81640625,35047.79296875,18834737789,1.1593090279608864,67566.828125,-47.54295342319652,True,bear
2023-11-08,35655.27734375,35994.41796875,35147.80078125,35419.4765625,17295394918,0.5973294692089626,67566.828125,-47.229612025316605,True,bear
2023-11-09,36693.125,37926.2578125,35592.1015625,35633.6328125,37762672382,2.9107827327892632,67566.828125,-45.69358068412362,True,bear
2023-11-10,37313.96875,37493.80078125,36362.75390625,36702.25,22711265155,1.6919893031732691,67566.828125,-44.774721878362556,True,bear
2023-11-11,37138.05078125,37407.09375,36773.66796875,37310.0703125,13924272142,-0.47145338500075296,67566.828125,-45.0350833214431,True,bear
2023-11-12,37054.51953125,37227.69140625,36779.1171875,37133.9921875,11545715999,-0.2249209321512735,67566.828125,-45.15871092439268,True,bear
2023-11-13,36502.35546875,37405.1171875,36399.60546875,37070.3046875,19057712790,-1.4901395821212304,67566.828125,-45.97592268025383,True,bear
2023-11-14,35537.640625,36753.3515625,34948.5,36491.7890625,23857403554,-2.6428838121854925,67566.828125,-47.403716274419985,True,bear
2023-11-15,37880.58203125,37964.89453125,35383.78125,35548.11328125,27365821679,6.592844558740318,67566.828125,-43.93612504471845,True,bear
2023-11-16,36154.76953125,37934.625,35545.47265625,37879.98046875,26007385366,-4.5559292055657234,67566.828125,-46.49035549757797,True,bear
2023-11-17,36596.68359375,36704.484375,35901.234375,36164.82421875,22445028430,1.2222842746045792,67566.828125,-45.83631552742805,True,bear
2023-11-18,36585.703125,36839.28125,36233.3125,36625.37109375,11886022717,-0.030003999465888498,67566.828125,-45.852566799027905,True,bear
2023-11-19,37386.546875,37509.35546875,36414.59765625,36585.765625,12915986553,2.1889527372586093,67566.828125,-44.66730507781994,True,bear
2023-11-20,37476.95703125,37756.8203125,36882.53125,37374.07421875,20888209068,0.24182537251242753,67566.828125,-44.53349658220323,True,bear
2023-11-21,35813.8125,37631.140625,35813.8125,37469.16015625,25172163756,-4.437779006078834,67566.828125,-46.994977426284215,True,bear
2023-11-22,37432.33984375,37856.98046875,35670.97265625,35756.5546875,24397247860,4.5192824521265385,67566.828125,-44.59953074236456,True,bear
2023-11-23,37289.62109375,37643.91796875,36923.86328125,37420.43359375,14214948217,-0.3812712499291715,67566.828125,-44.810756803969774,True,bear
2023-11-24,37720.28125,38415.33984375,37261.60546875,37296.31640625,22922957823,1.1549062275727495,67566.828125,-44.173372797348556,True,bear
2023-11-25,37796.79296875,37892.4296875,37617.41796875,37721.4140625,9099571165,0.20283973558654633,67566.828125,-44.060134214343805,True,bear
2023-11-26,37479.12109375,37820.30078125,37162.75,37796.828125,13744796068,-0.8404730932136117,67566.828125,-44.53029373465206,True,bear
2023-11-27,37254.16796875,37559.35546875,36750.12890625,37454.19140625,19002925720,-0.6002091789647501,67566.828125,-44.86322800320146,True,bear
2023-11-28,37831.0859375,38368.48046875,36891.08984375,37247.9921875,21696137014,1.548599794884531,67566.828125,-44.009380065153096,True,bear
2023-11-29,37858.4921875,38366.11328125,37612.6328125,37826.10546875,20728546658,0.07244373065387055,67566.828125,-43.96881837125605,True,bear
2023-11-30,37712.74609375,38141.75390625,37531.140625,37861.1171875,18115982627,-0.38497596002547985,67566.828125,-44.184524950644935,True,bear
2023-12-01,38688.75,38954.109375,37629.359375,37718.0078125,23512784002,2.5879947957747618,67566.828125,-42.74002336113066,True,bear
2023-12-02,39476.33203125,39678.9375,38652.59375,38689.27734375,15534035612,2.0356874575942596,67566.828125,-41.57438919847179,True,bear
2023-12-03,39978.390625,40135.60546875,39298.1640625,39472.20703125,15769696322,1.2717964611113297,67566.828125,-40.83133434791527,True,bear
2023-12-04,41980.09765625,42371.75,39978.62890625,39978.62890625,39856129827,5.006972516793251,67566.828125,-37.8687755201621,True,bear
2023-12-05,44080.6484375,44408.6640625,41421.1484375,41986.265625,36312154535,5.003682455553493,67566.828125,-34.7599263414439,True,bear
2023-12-06,43746.4453125,44265.76953125,43478.08203125,44080.0234375,29909761586,-0.7581629055975703,67566.828125,-35.25455237950761,True,bear
2023-12-07,43292.6640625,44042.58984375,42880.6484375,43769.1328125,27635760671,-1.0372985662227885,67566.828125,-35.9261559793695,True,bear
2023-12-08,44166.6015625,44705.515625,43125.296875,43293.13671875,24421116687,2.018673414826888,67566.828125,-34.63271432426739,True,bear
2023-12-09,43725.984375,44361.2578125,43627.59765625,44180.01953125,17368210171,-0.9976252913108663,67566.828125,-35.28483489841192,True,bear
2023-12-10,43779.69921875,44034.625,43593.28515625,43728.3828125,13000481418,0.12284421841561866,67566.828125,-35.205336059646505,True,bear
2023-12-11,41243.83203125,43808.375,40234.578125,43792.01953125,40632672038,-5.792335792051162,67566.828125,-38.95846057040286,True,bear
2023-12-12,41450.22265625,42048.3046875,40667.5625,41238.734375,24779520132,0.5004157345118276,67566.828125,-38.65299910250892,True,bear
2023-12-13,42890.7421875,43429.78125,40676.8671875,41468.46484375,26797884674,3.475299863154757,67566.828125,-36.52100686426887,True,bear
2023-12-14,43023.97265625,43390.859375,41767.08984375,42884.26171875,25578530178,0.31062756659134827,67566.828125,-36.323823612594666,True,bear
2023-12-15,41929.7578125,43087.82421875,41692.96875,43028.25,19639442462,-2.543267802098337,67566.828125,-37.94327930426289,True,bear
2023-12-16,42240.1171875,42664.9453125,41723.11328125,41937.7421875,14386729590,0.7401888090740938,67566.828125,-37.48394240239467,True,bear
2023-12-17,41364.6640625,42359.49609375,41274.54296875,42236.109375,16678702876,-2.072563201266564,67566.828125,-38.779627207045245,True,bear
2023-12-18,42623.5390625,42720.296875,40530.2578125,41348.203125,25224642008,3.0433584522719714,67566.828125,-36.91647181713845,True,bear
2023-12-19,42270.52734375,43354.296875,41826.3359375,42641.51171875,23171001281,-0.8282083715112631,67566.828125,-37.43893487859358,True,bear
2023-12-20,43652.25,44275.5859375,42223.81640625,42261.30078125,27868908174,3.2687613405284255,67566.828125,-35.39396296768223,True,bear
2023-12-21,43869.15234375,44240.66796875,43330.05078125,43648.125,22452766169,0.49688697318006625,67566.828125,-35.072943985780746,True,bear
2023-12-22,43997.90234375,44367.95703125,43441.96875,43868.98828125,21028503216,0.2934864092908329,67566.828125,-34.882391900426356,True,bear
2023-12-23,43739.54296875,44015.69921875,43351.35546875,44012.19921875,13507796558,-0.5872083923035065,67566.828125,-35.264767960054364,True,bear
2023-12-24,43016.1171875,43945.5234375,42786.91796875,43728.3671875,18830554085,-1.653939964043194,67566.828125,-36.33544983357911,True,bear
2023-12-25,43613.140625,43765.09375,42765.76953125,43010.57421875,21115795370,1.3879063861056418,67566.828125,-35.451845476133926,True,bear
2023-12-26,42520.40234375,43603.17578125,41676.48828125,43599.84765625,30026850982,-2.5055253200995553,67566.828125,-37.06911583138638,True,bear
2023-12-27,43442.85546875,43683.16015625,42167.58203125,42518.46875,25260941032,2.1694364920222586,67566.828125,-35.70387026548022,True,bear
2023-12-28,42627.85546875,43804.78125,42318.55078125,43468.19921875,22992093014,-1.8760276947869081,67566.828125,-36.91008346597593,True,bear
2023-12-29,42099.40234375,43124.32421875,41424.0625,42614.64453125,26000021055,-1.2396896798793966,67566.828125,-37.69220265029275,True,bear
2023-12-30,42156.90234375,42584.125,41556.2265625,42091.75390625,16013925945,0.13658151137276864,67566.828125,-37.60710171896944,True,bear
2023-12-31,42265.1875,42860.9375,41998.25390625,42152.09765625,16397498810,0.2568622223877659,67566.828125,-37.44683793383263,True,bear
2024-01-01,44167.33203125,44175.4375,42214.9765625,42280.234375,18426978443,4.50049945064126,67566.828125,-34.63163321868604,True,bear
2024-01-02,44957.96875,45899.70703125,44176.94921875,44187.140625,39335274536,1.7900939051301412,67566.828125,-33.46147806905062,True,bear
2024-01-03,42848.17578125,45503.2421875,40813.53515625,44961.6015625,46342323118,-4.692812036242189,67566.828125,-36.58400583496386,True,bear
2024-01-04,44179.921875,44770.0234375,42675.17578125,42855.81640625,30448091210,3.108057856532498,67566.828125,-34.61300004601925,True,bear
2024-01-05,44162.69140625,44353.28515625,42784.71875,44192.98046875,32336029347,-0.03900067727314882,67566.828125,-34.6385014188499,True,bear
2024-01-06,43989.1953125,44227.6328125,43475.15625,44178.953125,16092503468,-0.3928567037593367,67566.828125,-34.89527844770352,True,bear
2024-01-07,43943.09765625,44495.5703125,43662.23046875,43998.46484375,19330573863,-0.10479313368322307,67566.828125,-34.963503725593895,True,bear
2024-01-08,46970.50390625,47218.0,43244.08203125,43948.70703125,42746192015,6.889378335779228,67566.828125,-30.482893440915092,True,bear
2024-01-09,46139.73046875,47893.69921875,45244.71484375,46987.640625,39821290992,-1.7687130611972357,67566.828125,-31.71245158439203,True,bear
2024-01-10,46627.77734375,47647.22265625,44483.15234375,46121.5390625,50114613298,1.0577584004972662,67566.828125,-30.99013430453229,True,bear
2024-01-11,46368.5859375,48969.37109375,45678.64453125,46656.07421875,45833734549,-0.5558733892443213,67566.828125,-31.373741783886643,True,bear
2024-01-12,42853.16796875,46498.13671875,41903.76953125,46354.79296875,43332698900,-7.581464687080208,67566.828125,-36.57661731660576,True,bear
2024-01-13,42842.3828125,43234.66015625,42464.14453125,42799.4453125,20601860469,-0.025167698821859652,67566.828125,-36.592579522542145,True,bear
2024-01-14,41796.26953125,43065.59765625,41724.61328125,42842.26171875,17521429522,-2.44177193838242,67566.828125,-38.14084412261287,True,bear
2024-01-15,42511.96875,43319.72265625,41705.41796875,41715.06640625,22320220558,1.712351907901466,67566.828125,-37.08159768673468,True,bear
2024-01-16,43154.9453125,43566.2734375,42085.99609375,42499.3359375,24062872740,1.5124600939588229,67566.828125,-36.129981959990076,True,bear
2024-01-17,42742.65234375,43189.890625,42189.30859375,43132.1015625,20851232595,-0.9553782672285682,67566.828125,-36.7401822316193,True,bear
2024-01-18,41262.05859375,42876.34765625,40631.171875,42742.3125,25218357242,-3.4639725632667706,67566.828125,-38.93148496268856,True,bear
2024-01-19,41618.40625,42134.16015625,40297.45703125,41278.4609375,25752407154,0.863620644230223,67566.828125,-38.404084659701496,True,bear
2024-01-20,41665.5859375,41877.89453125,41446.82421875,41624.58984375,11586690904,0.11336255217606617,67566.828125,-38.334257958035536,True,bear
2024-01-21,41545.78515625,41855.3671875,41497.0078125,41671.48828125,9344043642,-0.28752933279206916,67566.828125,-38.51156505469007,True,bear
2024-01-22,39507.3671875,41651.20703125,39450.1171875,41553.65234375,31338708143,-4.906437466721814,67566.828125,-41.52845666454762,True,bear
2024-01-23,39845.55078125,40127.3515625,38521.89453125,39518.71484375,29244553045,0.8560013431039293,67566.828125,-41.02793946826255,True,bear
2024-01-24,40077.07421875,40483.78515625,39508.796875,39877.59375,22359526178,0.5810521700930993,67566.828125,-40.685281030794286,True,bear
2024-01-25,39933.80859375,40254.48046875,39545.6640625,40075.55078125,18491782013,-0.35747525934159974,67566.828125,-40.89731647625718,True,bear
2024-01-26,41816.87109375,42209.38671875,39825.69140625,39936.81640625,25598119893,4.715459322091098,67566.828125,-38.11035347643086,True,bear
2024-01-27,42120.0546875,42195.6328125,41431.28125,41815.625,11422941934,0.7250269707417489,67566.828125,-37.66163684703825,True,bear
2024-01-28,42035.59375,42797.17578125,41696.91015625,42126.125,16858971687,-0.2005242826170095,67566.828125,-37.7866404025459,True,bear
2024-01-29,43288.24609375,43305.8671875,41818.33203125,42030.9140625,20668476578,2.9799801358818767,67566.828125,-35.93269464467702,True,bear
2024-01-30,42952.609375,43838.9453125,42711.37109375,43300.2265625,23842814518,-0.7753530092744043,67566.828125,-36.42944242471054,True,bear
2024-01-31,42582.60546875,43717.40625,42298.9453125,42946.25,24673628793,-0.861423582021903,67566.828125,-36.9770541988869,True,bear
2024-02-01,43075.7734375,43243.16796875,41879.19140625,42569.76171875,21423953779,1.1581441842771323,67566.828125,-36.24715761733117,True,bear
2024-02-02,43185.859375,43422.48828125,42584.3359375,43077.640625,18603843039,0.25556346111748063,67566.828125,-36.08422864677725,True,bear
2024-02-03,42992.25,43359.94140625,42890.80859375,43184.96484375,11169245236,-0.44831659668692625,67566.828125,-36.37077365765422,True,bear
2024-02-04,42583.58203125,43097.64453125,42374.83203125,42994.94140625,14802225490,-0.9505619472114146,67566.828125,-36.97560887056957,True,bear
2024-02-05,42658.66796875,43494.25,42264.81640625,42577.62109375,18715487317,0.17632602500394778,67566.828125,-36.86448046690811,True,bear
2024-02-06,43084.671875,43344.1484375,42529.01953125,42657.390625,16798476726,0.9986338686479135,67566.828125,-36.233987785703825,True,bear
2024-02-07,44318.22265625,44341.94921875,42775.95703125,43090.01953125,21126587775,2.8630850081180936,67566.828125,-34.40831264972156,True,bear
2024-02-08,45301.56640625,45575.83984375,44332.125,44332.125,26154524080,2.2188248784866804,67566.828125,-32.95294797257438,True,bear
2024-02-09,47147.19921875,48152.49609375,45260.82421875,45297.3828125,39316770844,4.0741037427910465,67566.828125,-30.221381516493974,True,bear
2024-02-10,47771.27734375,48146.171875,46905.3203125,47153.52734375,16398681570,1.3236801662479536,67566.828125,-29.297735783345978,True,bear
2024-02-11,48293.91796875,48535.9375,47617.40625,47768.96875,19315867136,1.0940478338881565,67566.828125,-28.524219193173796,True,bear
2024-02-12,49958.22265625,50280.4765625,47745.76171875,48296.38671875,34511985805,3.4461993507690414,67566.828125,-26.061021299051845,True,bear
2024-02-13,49742.44140625,50358.390625,48406.49609375,49941.359375,35593051468,-0.4319233922406296,67566.828125,-26.380381044045052,True,bear
2024-02-14,51826.6953125,52021.37109375,49296.83203125,49733.4453125,39105608050,4.190091694992915,67566.828125,-23.295651504286152,True,bear
2024-02-15,51938.5546875,52820.06640625,51371.62890625,51836.78515625,38564360533,0.21583350882306007,67566.828125,-23.130097817507988,True,bear
2024-02-16,52160.203125,52537.96875,51641.3671875,51937.7265625,28180567298,0.4267512618200353,67566.828125,-22.802054539984372,True,bear
2024-02-17,51662.99609375,52191.9140625,50669.66796875,52161.67578125,20009091006,-0.9532306269177337,67566.828125,-23.53792899946049,True,bear
2024-02-18,52122.546875,52356.96484375,51233.70703125,51661.96875,17595377311,0.8895163192163213,67566.828125,-22.857786399899915,True,bear
2024-02-19,51779.14453125,52483.32421875,51711.8203125,52134.8125,21362184346,-0.6588364620277343,67566.828125,-23.3660274307127,True,bear
2024-02-20,52284.875,52945.05078125,50792.3125,51777.7265625,33353758256,0.9767068832988945,67566.828125,-22.61753814568308,True,bear
2024-02-21,51839.1796875,52368.81640625,50671.7578125,52273.53515625,28624907020,-0.8524364120598982,67566.828125,-23.27717442707764,True,bear
2024-02-22,51304.97265625,52009.61328125,50926.29296875,51854.64453125,25413900611,-1.0305082651198116,67566.828125,-24.067809485840066,True,bear
2024-02-23,50731.94921875,51497.93359375,50561.77734375,51283.90625,21427078270,-1.1168964874795462,67566.828125,-24.91589345455899,True,bear
2024-02-24,51571.1015625,51684.1953125,50585.4453125,50736.37109375,15174077879,1.6540904827679226,67566.828125,-23.673934394119524,True,bear
2024-02-25,51733.23828125,51950.02734375,51306.171875,51565.21484375,15413239245,0.3143945229742817,67566.828125,-23.433969424252886,True,bear
2024-02-26,54522.40234375,54938.17578125,50931.03125,51730.5390625,34074411896,5.391435284481116,67566.828125,-19.30596143586546,False,bull
2024-02-27,57085.37109375,57537.83984375,54484.19921875,54519.36328125,49756832031,4.700762695380023,67566.828125,-15.512726173647062,False,bull
2024-02-28,62504.7890625,63913.1328125,56738.42578125,57071.09765625,83239156760,9.493531994124748,67566.828125,-7.491899801978463,False,bull
2024-02-29,61198.3828125,63585.64453125,60498.73046875,62499.18359375,65496611844,-2.090089846865484,67566.828125,-9.42540221174546,False,bull
2024-03-01,62440.6328125,63155.1015625,60802.52734375,61168.0625,40186368423,2.029873900109447,67566.828125,-7.586852091112572,False,bull
2024-03-02,62029.84765625,62458.69921875,61657.2890625,62431.65234375,23888473685,-0.6578811548619723,67566.828125,-8.194820775819867,False,bull
2024-03-03,63167.37109375,63230.2109375,61435.0234375,62031.578125,26253811450,1.833832389535761,67566.828125,-6.511267663935493,False,bull
2024-03-04,68330.4140625,68537.03125,62386.51953125,63137.00390625,70670471105,8.173591649219114,68330.4140625,0.0,False,bull
2024-03-05,63801.19921875,69170.625,59323.91015625,68341.0546875,102802940877,-6.628402455760396,68330.4140625,-6.628402455760396,False,bull
2024-03-06,66106.8046875,67637.9296875,62848.671875,63776.05078125,68750229073,3.613733749494208,68330.4140625,-3.25420152286231,False,bull
2024-03-07,66925.484375,68029.921875,65655.53125,66099.7421875,46989543159,1.2384196927533564,68330.4140625,-2.0560825026099683,False,bull
2024-03-08,68300.09375,70083.0546875,66230.453125,66938.09375,59202881172,2.0539401213709896,68330.4140625,-0.04437308468856482,False,bull
2024-03-09,68498.8828125,68673.0546875,68053.125,68299.2578125,21609650379,0.2910524006418447,68498.8828125,0.0,False,bull
2024-03-10,69019.7890625,70005.203125,68239.9765625,68500.2578125,35683977532,0.7604594828588107,69019.7890625,0.0,False,bull
2024-03-11,72123.90625,72850.7109375,67194.8828125,69020.546875,65716656765,4.497430707429584,72123.90625,0.0,False,bull
2024-03-12,71481.2890625,72825.65625,68728.8515625,72125.125,62554434520,-0.8909905479502545,72123.90625,-0.8909905479502545,False,bull
2024-03-13,73083.5,73637.4765625,71334.09375,71482.1171875,48212536929,2.2414410239567806,73083.5,0.0,False,bull
2024-03-14,71396.59375,73750.0703125,68563.0234375,73079.375,59594605698,-2.30819028918976,73083.5,-2.30819028918976,False,bull
2024-03-15,69403.7734375,72357.1328125,65630.6953125,71387.875,78320453976,-2.7911980219644583,73083.5,-5.034962149459177,False,bull
2024-03-16,65315.1171875,70046.2734375,64801.39453125,69392.484375,46842198371,-5.891115205258901,73083.5,-10.629461933952255,False,bull
2024-03-17,68390.625,68845.71875,64545.31640625,65316.34375,44716864318,4.708722796395115,73083.5,-6.421251034775288,False,bull
2024-03-18,67548.59375,68897.1328125,66594.2265625,68371.3046875,49261579492,-1.23120859035869,73083.5,-7.573400630785332,False,bull
2024-03-19,61912.7734375,68106.9296875,61536.1796875,67556.1328125,74215844794,-8.343356981432349,73083.5,-15.284881761957214,False,bull
2024-03-20,67913.671875,68115.2578125,60807.78515625,61930.15625,66792634382,9.692504638897837,73083.5,-7.073864996887124,False,bull
2024-03-21,65491.390625,68199.9921875,64580.91796875,67911.5859375,44480350565,-3.5667063539995048,73083.5,-10.388267358569303,False,bull
2024-03-22,63778.76171875,66623.75,62355.37109375,65489.9296875,41401116964,-2.615044343853401,73083.5,-12.731653904438078,False,bull
2024-03-23,64062.203125,65976.3984375,63038.4921875,63802.72265625,24738964812,0.4444134671348854,73083.5,-12.34382162184351,False,bull
2024-03-24,67234.171875,67622.7578125,63825.8515625,64070.75390625,27206630673,4.951388799118828,73083.5,-8.003623423891849,False,bull
2024-03-25,69958.8125,71162.59375,66414.8359375,67234.09375,42700139523,4.052464020923141,73083.5,-4.2755033625921035,False,bull
2024-03-26,69987.8359375,71535.7421875,69335.609375,69931.328125,36010437368,0.041486463910467286,73083.5,-4.235790653841153,False,bull
2024-03-27,69455.34375,71727.6875,68381.9296875,69991.8984375,40827113309,-0.7608353371227561,73083.5,-4.964398598862941,False,bull
2024-03-28,70744.953125,71546.0234375,68895.5078125,69452.7734375,34374900617,1.8567460837021654,73083.5,-3.199828791724535,False,bull
2024-03-29,69892.828125,70913.09375,69076.65625,70744.796875,25230851763,-1.204502883045766,73083.5,-4.365789644721452,False,bull
2024-03-30,69645.3046875,70355.4921875,69601.0625,69893.4453125,17130241883,-0.35414711944022903,73083.5,-4.704475445894085,False,bull
2024-03-31,71333.6484375,71377.78125,69624.8671875,69647.78125,20050941373,2.424203264779501,73083.5,-2.394318228464698,False,bull
2024-04-01,69702.1484375,71342.09375,68110.6953125,71333.484375,34873527352,-2.2871394296192005,73083.5,-4.626696261810126,False,bull
2024-04-02,65446.97265625,69708.3828125,64586.59375,69705.0234375,50705240709,-6.104798598949213,73083.5,-10.44904437219072,False,bull
2024-04-03,65980.8125,66914.3203125,64559.8984375,65446.671875,34488018367,0.8156830210526378,73083.5,-9.718592431944284,False,bull
2024-04-04,68508.84375,69291.2578125,65113.796875,65975.6953125,34439527442,3.8314642609167615,73083.5,-6.259492566721625,False,bull
2024-04-05,67837.640625,68725.7578125,66011.4765625,68515.7578125,33748230056,-0.9797320875087778,73083.5,-7.177898397039007,False,bull
2024-04-06,68896.109375,69629.6015625,67491.71875,67840.5703125,19967785809,1.5602971156545964,73083.5,-5.729597823038035,False,bull
2024-04-07,69362.5546875,70284.4296875,68851.6328125,68897.109375,21204930369,0.6770270726916605,73083.5,-5.091361678764706,False,bull
2024-04-08,71631.359375,72715.359375,69064.2421875,69362.5546875,37261432669,3.270935878474601,73083.5,-1.9869609761437257,False,bull
2024-04-09,69139.015625,71742.5078125,68212.921875,71632.5,36426900409,-3.4794031158228322,73083.5,-5.397229709852425,False,bull
2024-04-10,70587.8828125,71093.4296875,67503.5625,69140.2421875,38318601774,2.09558550176423,73083.5,-3.414747771384785,False,bull
2024-04-11,70060.609375,71256.234375,69571.8125,70575.734375,30153382941,-0.7469744331340511,73083.5,-4.136214911710578,False,bull
2024-04-12,67195.8671875,71222.7421875,65254.8359375,70061.3828125,44129299406,-4.088948430588779,73083.5,-8.056035647581194,False,bull
2024-04-13,63821.47265625,67931.4296875,60919.10546875,67188.375,52869738185,-5.0217292706919885,73083.5,-12.673212618101214,False,bull
2024-04-14,65738.7265625,65824.4296875,62205.8515625,63836.23046875,49084320047,3.004089104268326,73083.5,-10.049838113254017,False,bull
2024-04-15,63426.2109375,66878.6484375,62332.0703125,65739.6484375,43595917654,-3.517737178558533,73083.5,-13.214048400117672,False,bull
2024-04-16,63811.86328125,64355.66796875,61716.40234375,63419.296875,42847528078,0.6080330797783695,73083.5,-12.686361105789956,False,bull
2024-04-17,61276.69140625,64486.36328125,59768.5859375,63831.84765625,41915247049,-3.9728848910527192,73083.5,-16.155231473246356,False,bull
2024-04-18,63512.75390625,64125.6875,60833.48046875,61275.31640625,36006307335,3.649124077498622,73083.5,-13.095631837213595,False,bull
2024-04-19,63843.5703125,65481.59765625,59651.390625,63510.75,49920425401,0.5208661031110617,73083.5,-12.642976441330811,False,bull
2024-04-20,64994.44140625,65442.45703125,63172.40234375,63851.1015625,23097485495,1.8026421268684478,73083.5,-11.068241933883849,False,bull
2024-04-21,64926.64453125,65723.2421875,64277.72265625,64992.81640625,20506644853,-0.10431180502996629,73083.5,-11.161008255967486,False,bull
2024-04-22,66837.6796875,67233.9609375,64548.1796875,64935.6328125,28282686673,2.9433758205850147,73083.5,-8.546142853722117,False,bull
2024-04-23,66407.2734375,67199.2421875,65864.8671875,66839.890625,24310975583,-0.6439574982440521,73083.5,-9.135066824248971,False,bull
2024-04-24,64276.8984375,67075.3671875,63589.87109375,66408.71875,30276655120,-3.208044676017341,73083.5,-12.050054475360373,False,bull
2024-04-25,64481.70703125,65275.20703125,62783.6328125,64275.01953125,32155786816,0.31863484195515657,73083.5,-11.769815305438303,False,bull
2024-04-26,63755.3203125,64789.65625,63322.3984375,64485.37109375,24139372950,-1.1265004482557628,73083.5,-12.76372873151943,False,bull
2024-04-27,63419.140625,63898.36328125,62424.71875,63750.98828125,19530783039,-0.5272966802647994,73083.5,-13.223722693904916,False,bull
2024-04-28,63113.23046875,64321.484375,62793.59765625,63423.515625,17334827993,-0.4823625063903991,73083.5,-13.642298920070884,False,bull
2024-04-29,63841.12109375,64174.87890625,61795.45703125,63106.36328125,26635912073,1.1533090916022948,73083.5,-12.64632770221733,False,bull
2024-04-30,60636.85546875,64703.33203125,59120.06640625,63839.41796875,37840840057,-5.0191249309274655,73083.5,-17.030717646596017,False,bull
2024-05-01,58254.01171875,60780.5,56555.29296875,60609.49609375,48439780271,-3.929695449375714,73083.5,-20.291157759617427,True,bear
2024-05-02,59123.43359375,59602.296875,56937.203125,58253.703125,32711813559,1.4924669552331737,73083.5,-19.101529628780778,False,bull
2024-05-03,62889.8359375,63320.50390625,58848.3125,59122.30078125,33172023048,6.370405294167747,73083.5,-13.947969189351905,False,bull
2024-05-04,63891.47265625,64494.95703125,62599.3515625,62891.03125,20620477992,1.5926845790239064,73083.5,-12.577431764693813,False,bull
2024-05-05,64031.1328125,64610.890625,62955.3046875,63892.453125,18296164805,0.2185896653241981,73083.5,-12.386335065370435,False,bull
2024-05-06,63161.94921875,65494.90234375,62746.23828125,64038.3125,28697928697,-1.3574390387488533,73083.5,-13.575637156471709,False,bull
2024-05-07,62334.81640625,64390.45703125,62285.98046875,63162.76171875,25930730982,-1.309542885757653,73083.5,-14.70740125165051,False,bull
2024-05-08,61187.94140625,62986.0859375,60877.12890625,62332.640625,26088172222,-1.8398626419713127,73083.5,-16.276667912387886,False,bull
2024-05-09,63049.9609375,63404.9140625,60648.07421875,61191.19921875,25453338161,3.043115176709965,73083.5,-13.728870487182466,False,bull
2024-05-10,60792.77734375,63446.7421875,60208.78125,63055.19140625,27804954694,-3.5799920573900024,73083.5,-16.817370071561978,False,bull
2024-05-11,60793.7109375,61451.15234375,60492.625,60793.35546875,13842272968,0.0015356984674586016,73083.5,-16.816092637188973,False,bull
2024-05-12,61448.39453125,61818.15625,60632.6015625,60793.50390625,13800459405,1.076893618853214,73083.5,-15.9202904468861,False,bull
2024-05-13,62901.44921875,63422.66015625,60769.83984375,61451.21875,27889181179,2.3646747788683697,73083.5,-13.932078760937827,False,bull
2024-05-14,61552.7890625,63092.125,61123.765625,62900.7734375,28186271527,-2.144084393922019,73083.5,-15.777447628397656,False,bull
2024-05-15,66267.4921875,66454.453125,61330.41015625,61553.98828125,39815167074,7.659609250545496,73083.5,-9.32632921589689,False,bull
2024-05-16,65231.58203125,66712.4296875,64613.0546875,66256.109375,31573077994,-1.563225228621834,73083.5,-10.743762913311484,False,bull
2024-05-17,67051.875,67459.4609375,65119.31640625,65231.296875,28031279310,2.790508695432159,73083.5,-8.253059856191891,False,bull
2024-05-18,66940.8046875,67387.328125,66663.5,67066.2109375,16712277406,-0.16564833198177142,73083.5,-8.405037132184423,False,bull
2024-05-19,66278.3671875,67694.296875,65937.1796875,66937.9296875,19249094538,-0.9895869986810912,73083.5,-9.31144897617109,False,bull
2024-05-20,71448.1953125,71483.5625,66086.171875,66278.7421875,43850655717,7.800174241430358,73083.5,-2.2375839792839747,False,bull
2024-05-21,70136.53125,71946.4609375,69191.125,71443.0625,46932005990,-1.8358253231772315,73083.5,-4.032331169142145,False,bull
2024-05-22,69122.3359375,70623.6953125,68977.6953125,70135.3203125,32802561717,-1.446030042296964,73083.5,-5.420052491328409,False,bull
2024-05-23,67929.5625,70041.2734375,66356.953125,69121.3046875,41895680979,-1.7255976976508713,73083.5,-7.052121887977448,False,bull
2024-05-24,68526.1015625,69220.296875,66622.671875,67928.1328125,29197308153,0.8781729788116976,73083.5,-6.23587873801884,False,bull
2024-05-25,69265.9453125,69579.3203125,68515.8203125,68526.921875,15473071741,1.0796524727518797,73083.5,-5.2235520842597865,False,bull
2024-05-26,68518.09375,69506.2265625,68183.890625,69264.2890625,15628433737,-1.0796814497022966,73083.5,-6.246835811092788,False,bull
2024-05-27,69394.5546875,70597.8828125,68232.5,68512.1796875,25870990717,1.2791671360530277,73083.5,-5.047576145778454,False,bull
2024-05-28,68296.21875,69514.640625,67227.15625,69392.1953125,32722265965,-1.5827408107827234,73083.5,-6.550426908946616,False,bull
2024-05-29,67578.09375,68852.4609375,67101.4921875,68296.3515625,26707072906,-1.051485738366742,73083.5,-7.53303584256364,False,bull
2024-05-30,68364.9921875,69500.5390625,67118.078125,67576.0859375,29509712534,1.1644282841286824,73083.5,-6.456324358439325,False,bull
2024-05-31,67491.4140625,68999.5625,66633.421875,68362.515625,27387283769,-1.2778150001159894,73083.5,-7.651639477447025,False,bull
2024-06-01,67706.9375,67839.765625,67386.1953125,67489.609375,11641495604,0.31933460054698326,73083.5,-7.356739209260644,False,bull
2024-06-02,67751.6015625,68409.1640625,67315.5234375,67710.2734375,17110588415,0.06596674454519835,73083.5,-7.295625466076472,False,bull
2024-06-03,68804.78125,70230.8203125,67589.8359375,67753.8984375,32401285324,1.5544720172089965,73083.5,-5.854561905218003,False,bull
2024-06-04,70567.765625,71047.40625,68564.640625,68804.5703125,33149696545,2.5622992224831664,73083.5,-3.442274076912022,False,bull
2024-06-05,71082.8203125,71735.4140625,70390.7109375,70568.3515625,32810771409,0.7298724608017615,73083.5,-2.7375258266229774,False,bull
2024-06-06,70757.1640625,71625.734375,70119.125,71082.84375,25223152007,-0.4581363662391591,73083.5,-3.1831205915151872,False,bull
2024-06-07,69342.5859375,71907.8515625,68507.2578125,70759.1875,36188381096,-1.999201273457618,73083.5,-5.118684877571544,False,bull
2024-06-08,69305.7734375,69533.3203125,69210.7421875,69324.1796875,14262185861,-0.05308786729295578,73083.5,-5.169055344229545,False,bull
2024-06-09,69647.9921875,69817.5234375,69160.84375,69297.4921875,13534028500,0.49378101278765296,73083.5,-4.70079814527219,False,bull
2024-06-10,69512.28125,70146.0703125,69232.421875,69644.3125,20597699541,-0.194852619921404,73083.5,-4.886491136850313,False,bull
2024-06-11,67332.03125,69549.4140625,66123.6015625,69508.078125,37116136345,-3.136496113771259,73083.5,-7.869722646014488,False,bull
2024-06-12,68241.1875,69977.890625,66902.453125,67321.375,34497940694,1.3502581655740586,73083.5,-6.625726053076275,False,bull
2024-06-13,66756.3984375,68365.78125,66304.5625,68243.1015625,28955204146,-2.1757960505889518,73083.5,-8.65735981787955,False,bull
2024-06-14,66011.09375,67294.6484375,65056.89453125,66747.5703125,27403884779,-1.1164543099157487,73083.5,-9.677158660983665,False,bull
2024-06-15,66191.0,66402.1875,65871.7734375,66006.7421875,14121265576,0.27253941690672523,73083.5,-9.430993315864733,False,bull
2024-06-16,66639.046875,66894.84375,66018.25,66189.359375,13281140541,0.6768999939568809,73083.5,-8.817931715093009,False,bull
2024-06-17,66490.296875,67188.3203125,65094.96484375,66636.515625,30006354476,-0.22321747830370553,73083.5,-9.021466028583747,False,bull
2024-06-18,65140.74609375,66556.703125,64066.95703125,66490.9765625,39481285950,-2.029695827328193,73083.5,-10.86805353636594,False,bull
2024-06-19,64960.296875,65695.3515625,64693.30078125,65146.66015625,21103423504,-0.27701435671353414,73083.5,-11.114961824488423,False,bull
2024-06-20,64828.65625,66438.9609375,64547.84765625,64960.296875,25641109124,-0.202647819256907,73083.5,-11.295085415996775,False,bull
2024-06-21,64096.19921875,65007.546875,63378.89453125,64837.98828125,26188171739,-1.1298352821403679,73083.5,-12.297304837959322,False,bull
2024-06-22,64252.578125,64475.46875,63929.7578125,64113.86328125,9858198793,0.24397531859308152,73083.5,-12.083331908023009,False,bull
2024-06-23,63180.796875,64491.703125,63180.796875,64248.96484375,11170471802,-1.668075089399379,73083.5,-13.549847947895211,False,bull
2024-06-24,60277.4140625,63292.52734375,58601.69921875,63173.3515625,43152133651,-4.595356431233677,73083.5,-17.52254057003291,False,bull
2024-06-25,61804.640625,62258.26171875,60239.75,60266.28125,29201215431,2.5336630415439876,73083.5,-15.432839662851395,False,bull
2024-06-26,60811.27734375,62434.13671875,60695.1875,61789.67578125,22506003064,-1.6072632592061153,73083.5,-16.792056560304314,False,bull
2024-06-27,61604.80078125,62293.86328125,60585.33203125,60811.2265625,21231745045,1.3048951973404943,73083.5,-15.706280102553926,False,bull
2024-06-28,60320.13671875,62126.09765625,59985.40234375,61612.8046875,24952866877,-2.0853310881755127,73083.5,-17.464083248954964,False,bull
2024-06-29,60887.37890625,61097.62109375,60300.96484375,60319.875,12652903396,0.9403861104374522,73083.5,-16.687926951705922,False,bull
2024-06-30,62678.29296875,62892.828125,60632.94921875,60888.4453125,17333226409,2.9413551620566913,73083.5,-14.237422990483484,False,bull
2024-07-01,62851.98046875,63777.2265625,62495.51171875,62673.60546875,25468379421,0.2771094932125795,73083.5,-13.999766747966369,False,bull
2024-07-02,62029.015625,63203.359375,61752.74609375,62844.41015625,20151616992,-1.3093697885290578,73083.5,-15.125827820233017,False,bull
2024-07-03,60173.921875,62187.703125,59419.38671875,62034.33203125,29756701685,-2.990687070088416,73083.5,-17.664148713457895,False,bull
2024-07-04,56977.703125,60399.67578125,56777.8046875,60147.13671875,41149609230,-5.311634426354228,73083.5,-22.037528135625685,True,bear
2024-07-05,56662.375,57497.15234375,53717.375,57022.80859375,55417544033,-0.5534237213954074,73083.5,-22.468990948709354,True,bear
2024-07-06,58303.5390625,58472.546875,56038.9609375,56659.07421875,20610320577,2.896391234041995,73083.5,-20.223389598883468,True,bear
2024-07-07,55849.109375,58371.12109375,55793.32421875,58239.4296875,20553359505,-4.20974391429122,73083.5,-23.581780600272296,True,bear
2024-07-08,56705.09765625,58131.3359375,54321.01953125,55849.57421875,39766159899,1.5326802715911692,73083.5,-22.410533627631413,True,bear
2024-07-09,58009.2265625,58239.1953125,56316.875,56704.59765625,27849512607,2.299844211812685,73083.5,-20.626096776290137,True,bear
2024-07-10,57742.49609375,59359.43359375,57178.4140625,58033.8828125,26175260526,-0.4598069730556098,73083.5,-20.99106351809916,True,bear
2024-07-11,57344.9140625,59299.43359375,57120.37890625,57729.890625,28707803842,-0.6885432015347748,73083.5,-21.535074178850223,True,bear
2024-07-12,57899.46484375,58532.5546875,56590.17578125,57341.1953125,25604805221,0.9670444019596935,73083.5,-20.77628350619497,True,bear
2024-07-13,59231.953125,59787.078125,57796.44140625,57908.73828125,17080061806,2.3013827240820017,73083.5,-18.953042581430836,False,bull
2024-07-14,60787.79296875,61329.52734375,59225.25,59225.25,22223416061,2.6266900915231206,73083.5,-16.824190181436304,False,bull
2024-07-15,64870.15234375,64870.15234375,60704.9296875,60815.45703125,38094526099,6.715755212726138,73083.5,-11.238306397818931,False,bull
2024-07-16,65097.1484375,65354.33984375,62487.96875,64784.41796875,41617346768,0.3499237870556282,73083.5,-10.927708118111479,False,bull
2024-07-17,64118.79296875,66066.734375,63896.0859375,65091.83203125,32525071311,-1.502916014346345,73083.5,-12.266389857149695,False,bull
2024-07-18,63974.06640625,65104.66015625,63246.1640625,64104.73828125,27239305337,-0.22571629283560934,73083.5,-12.46441890953498,False,bull
2024-07-19,66710.15625,67442.640625,63329.34375,63972.32421875,37003855410,4.2768734230136385,73083.5,-8.720632906196336,False,bull
2024-07-20,67163.6484375,67610.734375,66299.6171875,66709.921875,19029581250,0.6797948213470129,73083.5,-8.10012049573433,False,bull
2024-07-21,68154.5234375,68372.90625,65842.296875,67164.9140625,26652190004,1.4753144342986024,73083.5,-6.7443083083048805,False,bull
2024-07-22,67585.25,68480.0625,66611.296875,68152.9765625,42649109453,-0.835268752223095,73083.5,-7.523243960675119,False,bull
2024-07-23,65927.671875,67779.015625,65484.4609375,67584.8046875,35605668666,-2.452573786440093,73083.5,-9.791304637845755,False,bull
2024-07-24,65372.1328125,67113.984375,65146.99609375,65927.859375,27470942309,-0.8426492953570563,73083.5,-10.55144757366574,False,bull
2024-07-25,65777.2265625,66112.421875,63473.47265625,65375.875,38315761670,0.619673448871394,73083.5,-9.997158643879944,False,bull
2024-07-26,67912.0625,68207.6015625,65743.765625,65771.8125,30488630457,3.2455548053117234,73083.5,-7.076067101329297,False,bull
2024-07-27,67813.3359375,69398.5078125,66705.21875,67911.8125,34691905492,-0.14537411892032726,73083.5,-7.211154450046864,False,bull
2024-07-28,68255.8671875,68301.8515625,67085.828125,67808.65625,18043166945,0.6525726007755361,73083.5,-6.605639867411927,False,bull
2024-07-29,66819.9140625,69987.5390625,66532.59375,68259.0546875,40780682628,-2.1037797689324123,73083.5,-8.570451521205191,False,bull
2024-07-30,66201.015625,66987.671875,65323.19140625,66819.0546875,31380492109,-0.9262185475442442,73083.5,-9.417288957151747,False,bull
2024-07-31,64619.25,66810.2109375,64532.046875,66201.2734375,31292785994,-2.3893373992326827,73083.5,-11.581615549337398,False,bull
2024-08-01,65357.5,65593.2421875,62248.94140625,64625.83984375,40975554494,1.1424614182306447,73083.5,-10.571469620365747,False,bull
2024-08-02,61415.06640625,65523.22265625,61184.89453125,65353.5,43060875727,-6.032105869640059,73083.5,-15.965893250528506,False,bull
2024-08-03,60680.09375,62148.37109375,59836.52734375,61414.80859375,31753030589,-1.1967302150066583,73083.5,-16.971554796910382,False,bull
2024-08-04,58116.9765625,61062.98828125,57210.8046875,60676.09375,31758917219,-4.223983565450573,73083.5,-20.47866267693802,True,bear
2024-08-05,53991.45703125,58268.828125,49121.23828125,58110.296875,108991085584,-7.098647891315101,73083.5,-26.123602411967127,True,bear
2024-08-06,56034.31640625,57059.91796875,53973.2734375,53991.34765625,49300484106,3.783671505322772,73083.5,-23.32836220726977,True,bear
2024-08-07,55027.4609375,57726.8828125,54620.5078125,56040.6328125,41637562185,-1.7968550940289485,73083.5,-24.706040436623866,True,bear
2024-08-08,61710.13671875,62673.765625,54766.7265625,55030.02734375,45298472567,12.144256099404904,73083.5,-15.56214915986509,False,bull
2024-08-09,60880.11328125,61751.86328125,59587.859375,61728.20703125,33425553115,-1.3450358103773374,73083.5,-16.697868491177903,False,bull
2024-08-10,60945.8125,61464.51171875,60287.56640625,60881.23046875,15745822278,0.1079157301276501,73083.5,-16.60797238774826,False,bull
2024-08-11,58719.484375,61778.66015625,58348.82421875,60944.890625,22759754812,-3.6529632368097475,73083.5,-19.654252498854053,False,bull
2024-08-12,59354.515625,60680.33203125,57688.8984375,58719.39453125,37078637820,1.0814659848586317,73083.5,-18.78534056934876,False,bull
2024-08-13,60609.56640625,61572.3984375,58506.25390625,59356.20703125,30327698167,2.1144992390795814,73083.5,-17.068057213666556,False,bull
2024-08-14,58737.26953125,61687.7578125,58472.875,60611.05078125,29961696180,-3.08911115194338,73083.5,-19.6299171068025,False,bull
2024-08-15,57560.09765625,59838.6484375,56161.59375,58733.26171875,35682112440,-2.0041310813293967,73083.5,-21.240638918155263,True,bear
2024-08-16,58894.10546875,59847.359375,57110.01953125,57560.2734375,29350938673,2.3175912946963972,73083.5,-19.415318821963922,False,bull
2024-08-17,59478.97265625,59694.66796875,58814.83203125,58893.53125,13589684021,0.993082725079053,73083.5,-18.6150462741248,False,bull
2024-08-18,58483.96484375,60262.71875,58445.40234375,59468.1328125,17740625837,-1.6728732324455264,73083.5,-19.976513380243144,False,bull
2024-08-19,59493.453125,59612.66015625,57864.7109375,58480.7109375,25911207712,1.726094125025579,73083.5,-18.59523267905888,False,bull
2024-08-20,59012.79296875,61396.328125,58610.8828125,59493.453125,31613400008,-0.8079210921579816,73083.5,-19.252918964266897,False,bull
2024-08-21,61175.19140625,61834.3515625,58823.4453125,59014.98828125,32731154072,3.664287570061453,73083.5,-16.294113710687085,False,bull
2024-08-22,60381.9140625,61408.109375,59815.25390625,61168.31640625,27625734377,-1.2967304646127387,73083.5,-17.379553438874705,False,bull
2024-08-23,64094.35546875,64947.0625,60372.05078125,60380.953125,42530509233,6.148267182135592,73083.5,-12.29982763722317,False,bull
2024-08-24,64178.9921875,64513.7890625,63619.91796875,64103.87109375,21430585163,0.13205019089592707,73083.5,-12.184019392202073,False,bull
2024-08-25,64333.54296875,64996.421875,63833.51953125,64176.3671875,18827683555,0.24081210374646833,73083.5,-11.97254788187484,False,bull
2024-08-26,62880.66015625,64489.70703125,62849.55859375,64342.2265625,27682040631,-2.2583597070127692,73083.5,-13.960524391620543,False,bull
2024-08-27,59504.1328125,63210.796875,58116.75,62879.70703125,39103882198,-5.369739018896724,73083.5,-18.58061968501782,False,bull
2024-08-28,59027.625,60236.44921875,57890.67578125,59507.92578125,40289564698,-0.800797843742207,73083.5,-19.232624326968473,False,bull
2024-08-29,59388.1796875,61184.08203125,58786.2265625,59027.46875,32224990582,0.6108236397788236,73083.5,-18.73927810312861,False,bull
2024-08-30,59119.4765625,59896.88671875,57768.53125,59388.6015625,32292756405,-0.4524521990973862,73083.5,-19.106944026353425,False,bull
2024-08-31,58969.8984375,59432.59375,58768.78515625,59117.48046875,12403470760,-0.2530098940268344,73083.5,-19.311611461547407,False,bull
2024-09-01,57325.48828125,59062.0703125,57217.82421875,58969.80078125,24592449997,-2.7885585694078285,73083.5,-21.56165443465351,True,bear
2024-09-02,59112.48046875,59403.0703125,57136.02734375,57326.96875,27036454524,3.1172733823612075,73083.5,-19.116516766780467,False,bull
2024-09-03,57431.0234375,59815.05859375,57425.16796875,59106.19140625,26666961053,-2.844504270361159,73083.5,-21.41725090136625,True,bear
2024-09-04,57971.5390625,58511.5703125,55673.1640625,57430.34765625,35627680312,0.941156177702851,73083.5,-20.677664503615723,True,bear
2024-09-05,56160.48828125,58300.58203125,55712.453125,57971.703125,31030280656,-3.1240343288065575,73083.5,-23.15572149493388,True,bear
2024-09-06,53948.75390625,56976.109375,52598.69921875,56160.19140625,49361693566,-3.938239218868078,73083.5,-26.1820330084766,True,bear
2024-09-07,54139.6875,54838.14453125,53740.0703125,53949.0859375,19061486526,0.3539165966313096,73083.5,-25.920778971997784,True,bear
2024-09-08,54841.56640625,55300.859375,53653.7578125,54147.93359375,18268287531,1.2964221602682846,73083.5,-24.96039953443664,True,bear
2024-09-09,57019.53515625,58041.125,54598.43359375,54851.88671875,34618096173,3.9713831911113884,73083.5,-21.980289454870118,True,bear
2024-09-10,57648.7109375,58029.9765625,56419.4140625,57020.09765625,28857630507,1.1034389872275785,73083.5,-21.11938955099304,True,bear
2024-09-11,57343.171875,57991.3203125,55567.33984375,57650.2890625,37049062672,-0.5300015516934153,73083.5,-21.537458010358012,True,bear
2024-09-12,58127.01171875,58534.359375,57330.1015625,57343.171875,33835707949,1.3669279499548104,73083.5,-20.464931593656566,True,bear
2024-09-13,60571.30078125,60648.0234375,57650.11328125,58130.32421875,32490528356,4.205082955798245,73083.5,-17.12041598821895,False,bull
2024-09-14,60005.12109375,60656.72265625,59517.8828125,60569.1171875,16428405496,-0.934732588201681,73083.5,-17.89511846894306,False,bull
2024-09-15,59182.8359375,60381.91796875,58696.30859375,60000.7265625,18120960867,-1.3703582981947293,73083.5,-19.020249526226852,False,bull
2024-09-16,58192.5078125,59205.51171875,57501.33984375,59185.2265625,32032822113,-1.6733367188517922,73083.5,-20.37531342573905,True,bear
2024-09-17,60308.5390625,61316.08984375,57628.0703125,58192.5078125,38075570118,3.63626062794542,73083.5,-17.479952297714263,False,bull
2024-09-18,61649.6796875,61664.06640625,59218.25390625,60309.0,40990702891,2.223798894564699,73083.5,-15.64487238911656,False,bull
2024-09-19,62940.45703125,63872.44140625,61609.8671875,61651.15625,42710252573,2.0937291974474137,73083.5,-13.878704452783463,False,bull
2024-09-20,63192.9765625,64119.53125,62364.60546875,62941.42578125,35177164222,0.40120384115518437,73083.5,-13.533182506995423,False,bull
2024-09-21,63394.83984375,63543.359375,62783.10546875,63184.33984375,14408616220,0.3194394254405042,73083.5,-13.256973401999083,False,bull
2024-09-22,63648.7109375,63993.421875,62440.7265625,63396.8046875,20183348802,0.4004601863112578,73083.5,-12.909602116072715,False,bull
2024-09-23,63329.80078125,64733.55859375,62628.078125,63643.1015625,31400285425,-0.5010473135318549,73083.5,-13.345966215014338,False,bull
2024-09-24,64301.96875,64695.21484375,62737.41796875,63326.83984375,29938335243,1.535087678718594,73083.5,-12.015750819268368,False,bull
2024-09-25,63143.14453125,64804.50390625,62945.375,64302.58984375,25078377700,-1.8021597802944433,73083.5,-13.601367570997558,False,bull
2024-09-26,65181.01953125,65790.796875,62669.26953125,63138.546875,36873129847,3.2273891570151925,73083.5,-10.812947476174518,False,bull
2024-09-27,65790.6640625,66480.6953125,64852.9921875,65180.6640625,32058813449,0.935309904070647,73083.5,-9.978772140770486,False,bull
2024-09-28,65887.6484375,66255.53125,65458.03515625,65792.1796875,15243637984,0.14741358273548943,73083.5,-9.846068623560722,False,bull
2024-09-29,65635.3046875,66069.34375,65450.015625,65888.8984375,14788214575,-0.3829909793174213,73083.5,-10.191350048232506,False,bull
2024-09-30,63329.5,65635.0546875,62873.6171875,65634.65625,37112957475,-3.5130555094979754,73083.5,-13.346377773368822,False,bull
2024-10-01,60837.0078125,64110.98046875,60189.27734375,63335.60546875,50220923500,-3.9357521968434894,73083.5,-16.756849613797918,False,bull
2024-10-02,60632.78515625,62357.6875,59996.94921875,60836.32421875,40762722398,-0.335688199655404,73083.5,-17.036287046665798,False,bull
2024-10-03,60759.40234375,61469.0390625,59878.8046875,60632.484375,36106447279,0.20882627636797935,73083.5,-16.863037014168725,False,bull
2024-10-04,62067.4765625,62465.9921875,60459.94140625,60754.625,29585472513,2.1528753876634443,73083.5,-15.073201799995894,False,bull
2024-10-05,62089.94921875,62371.0234375,61689.58203125,62067.609375,13305410749,0.03620681473552878,73083.5,-15.042452511510806,False,bull
2024-10-06,62818.953125,62959.5703125,61833.1484375,62084.98828125,14776233667,1.1741093613744757,73083.5,-14.044957993254293,False,bull
2024-10-07,62236.66015625,64443.70703125,62152.55078125,62819.109375,34253562610,-0.9269383518558882,73083.5,-14.841708242968654,False,bull
2024-10-08,62131.96875,63174.3046875,61843.5625,62221.64453125,28134475157,-0.1682150134457161,73083.5,-14.984957274897893,False,bull
2024-10-09,60582.1015625,62508.8359375,60314.61328125,62131.7265625,27670982363,-2.4944762232405493,73083.5,-17.10563730185336,False,bull
2024-10-10,60274.5,61236.72265625,58895.20703125,60581.9296875,30452813570,-0.5077433013489285,73083.5,-17.52652787564909,False,bull
2024-10-11,62445.08984375,63400.87109375,60046.125,60275.4609375,30327141594,3.6011743668549645,73083.5,-14.556514338051684,False,bull
2024-10-12,63193.0234375,63448.78515625,62443.26953125,62444.6171875,16744110886,1.1977460447594401,73083.5,-13.533118368031083,False,bull
2024-10-13,62851.375,63272.65234375,62035.63671875,63192.9453125,18177529690,-0.5406426515387475,73083.5,-14.00059520958903,False,bull
2024-10-14,66046.125,66482.4921875,62442.15234375,62848.3984375,43706958056,5.0830232433260125,73083.5,-9.629225474970415,False,bull
2024-10-15,67041.109375,67881.6796875,64809.1953125,66050.3671875,48863870879,1.5064992457922477,73083.5,-8.267790438334233,False,bull
2024-10-16,67612.71875,68375.2890625,66758.7265625,67042.4609375,38195189534,0.8526251733136592,73083.5,-7.485658527574623,False,bull
2024-10-17,67399.8359375,67912.2109375,66647.390625,67617.078125,32790898511,-0.31485616380424464,73083.5,-7.776945634103461,False,bull
2024-10-18,68418.7890625,68969.75,67177.8203125,67419.109375,36857165014,1.5118035686984221,73083.5,-6.3827142070371545,False,bull
2024-10-19,68362.734375,68668.0078125,68024.640625,68418.9765625,14443497908,-0.08192879217548965,73083.5,-6.459413718554807,False,bull
2024-10-20,69001.703125,69359.0078125,68105.71875,68364.1796875,18975847518,0.9346740674458287,73083.5,-5.585114116045342,False,bull
2024-10-21,67367.8515625,69462.734375,66829.8515625,69002.0,37498611780,-2.3678423698328066,73083.5,-7.820709787434921,False,bull
2024-10-22,67361.40625,67801.578125,66581.3671875,67360.703125,31808472566,-0.009567341618454961,73083.5,-7.829528895031023,False,bull
2024-10-23,66432.1953125,67402.7421875,65188.03515625,67362.375,32263980353,-1.379441121005398,73083.5,-9.100966274877365,False,bull
2024-10-24,68161.0546875,68798.9609375,66454.1015625,66653.703125,31414428647,2.602442034118191,73083.5,-6.7353716126075,False,bull
2024-10-25,66642.4140625,68722.15625,65521.79296875,68165.296875,41469984306,-2.2280180844656217,73083.5,-8.813324399488254,False,bull
2024-10-26,67014.6953125,67317.921875,66360.59375,66628.734375,19588098156,0.558625096700216,73083.5,-8.303932744737185,False,bull
2024-10-27,67929.296875,68221.3125,66847.2265625,67023.4765625,16721307878,1.364777618155344,73083.5,-7.0524853421086835,False,bull
2024-10-28,69907.7578125,70212.265625,67535.1328125,67922.671875,38799856657,2.912529686772203,73083.5,-4.345361384580649,False,bull
2024-10-29,72720.4921875,73577.2109375,69729.9140625,69910.046875,58541874402,4.023493905417541,73083.5,-0.4967028296400722,False,bull
2024-10-30,72339.5390625,72905.296875,71411.734375,72715.3671875,40646637831,-0.5238593875544262,73083.5,-1.017960192793177,False,bull
2024-10-31,70215.1875,72662.3125,69590.5,72335.046875,40627912076,-2.9366396164960396,73083.5,-3.9247059869874867,False,bull
2024-11-01,69482.46875,71559.015625,68779.703125,70216.8984375,49989795365,-1.0435331387529279,73083.5,-4.92728351816758,False,bull
2024-11-02,69289.2734375,69867.3515625,69033.71875,69486.0234375,18184612091,-0.27804900426771084,73083.5,-5.191632259675572,False,bull
2024-11-03,68741.1171875,69361.65625,67482.5234375,69296.3828125,34868307655,-0.791112711687536,73083.5,-5.941673308612749,False,bull
2024-11-04,67811.5078125,69433.1796875,66803.6484375,68742.1328125,41184819348,-1.3523338185854272,73083.5,-7.213655869655944,False,bull
2024-11-05,69359.5625,70522.7890625,67458.8671875,67811.171875,46046889204,2.282879023690776,73083.5,-5.095455882654775,False,bull
2024-11-06,75639.078125,76460.15625,69322.03125,69358.5,118592653963,9.053568676993894,75639.078125,0.0,False,bull
2024-11-07,75904.859375,76943.1171875,74480.421875,75637.0859375,63467654989,0.3513808689745934,75904.859375,0.0,False,bull
2024-11-08,76545.4765625,77252.75,75648.7421875,75902.8359375,55176858003,0.8439738809541852,76545.4765625,0.0,False,bull
2024-11-09,76778.8671875,76932.765625,75773.7890625,76556.1875,29009480361,0.30490452928257916,76778.8671875,0.0,False,bull
2024-11-10,80474.1875,81474.421875,76565.4296875,76775.546875,82570594495,4.8129393514959595,80474.1875,0.0,False,bull
2024-11-11,88701.484375,89604.5,80283.25,80471.4140625,117966845037,10.223522760015435,88701.484375,0.0,False,bull
2024-11-12,87955.8125,89956.8828125,85155.109375,88705.5625,133673285375,-0.8406532091926988,88701.484375,-0.8406532091926988,False,bull
2024-11-13,90584.1640625,93434.3515625,86256.9296875,87929.96875,123559027869,2.9882636380625716,90584.1640625,0.0,False,bull
2024-11-14,87250.4296875,91765.21875,86682.8125,90574.8828125,87616705248,-3.6802617869276077,90584.1640625,-3.6802617869276077,False,bull
2024-11-15,91066.0078125,91868.7421875,87124.8984375,87284.1796875,78243109518,4.373133907381366,91066.0078125,0.0,False,bull
2024-11-16,90558.4765625,91763.9453125,90094.2265625,91064.3671875,44333192814,-0.5573223886622736,91066.0078125,-0.5573223886622736,False,bull
2024-11-17,89845.8515625,91433.0390625,88741.6640625,90558.4609375,46350159305,-0.7869224693816235,91066.0078125,-1.3398591629406154,False,bull
2024-11-18,90542.640625,92596.7890625,89393.59375,89843.71875,75535775084,0.7755383808848215,91066.0078125,-0.5747119041142001,False,bull
2024-11-19,92343.7890625,94002.8671875,90426.984375,90536.8125,74521048295,1.9892819836786257,92343.7890625,0.0,False,bull
2024-11-20,94339.4921875,94902.0234375,91619.5,92341.890625,71730956426,2.161166598491282,94339.4921875,0.0,False,bull
2024-11-21,98504.7265625,99014.21875,94132.6015625,94334.640625,106024505582,4.415154542830901,98504.7265625,0.0,False,bull
2024-11-22,98997.6640625,99655.5,97222.6640625,98496.4296875,78473580551,0.5004201495724558,98997.6640625,0.0,False,bull
2024-11-23,97777.28125,99014.6796875,97232.890625,99006.7421875,44414644677,-1.232738998497518,98997.6640625,-1.232738998497518,False,bull
2024-11-24,98013.8203125,98647.1796875,95788.078125,97778.09375,51712020623,0.2419161787646784,98997.6640625,-0.9938050148121436,False,bull
2024-11-25,93102.296875,98935.03125,92642.9140625,98033.4453125,80909462490,-5.01105193312582,98997.6640625,-5.955056862531716,False,bull
2024-11-26,91985.3203125,94991.75,90770.8125,93087.28125,91656519855,-1.1997304040733403,98997.6640625,-7.083342638845414,False,bull
2024-11-27,95962.53125,97361.1796875,91778.6640625,91978.140625,71133452438,4.323745271515378,98997.6640625,-3.0658630597423353,False,bull
2024-11-28,95652.46875,96650.203125,94677.3515625,95954.9453125,52260008261,-0.32310787967048116,98997.6640625,-3.3790648942868873,False,bull
2024-11-29,97461.5234375,98693.171875,95407.8828125,95653.953125,54968682476,1.8912786163713058,98997.6640625,-1.551693809694532,False,bull
2024-11-30,96449.0546875,97499.34375,96144.21875,97468.8125,31634227866,-1.0388394458550332,98997.6640625,-2.5744136481755664,False,bull
2024-12-01,97279.7890625,97888.125,95770.1875,96461.3359375,36590695296,0.8613193542348574,98997.6640625,-1.735268216950514,False,bull
2024-12-02,95865.3046875,98152.6015625,94482.8671875,97276.0078125,72680784305,-1.454037255458307,98997.6640625,-3.1640740260522215,False,bull
2024-12-03,96002.1640625,96297.203125,93629.5625,95854.59375,67067810961,0.1427621551364444,98997.6640625,-3.0258289711854736,False,bull
2024-12-04,98768.53125,99207.328125,94660.5234375,95988.53125,77199817112,2.881567529768403,98997.6640625,-0.23145274655707038,False,bull
2024-12-05,96593.5703125,103900.46875,91998.78125,98741.5390625,149218945580,-2.2020788503929523,98997.6640625,-2.4284348249694387,False,bull
2024-12-06,99920.7109375,102039.8828125,96514.875,97074.2265625,94534772658,3.444474217316973,99920.7109375,0.0,False,bull
2024-12-07,99923.3359375,100563.3828125,99030.8828125,99916.7109375,44177510897,0.002627082989481444,99923.3359375,0.0,False,bull
2024-12-08,101236.015625,101399.9921875,98771.515625,99921.9140625,44125751925,1.3136868131795154,101236.015625,0.0,False,bull
2024-12-09,97432.71875,101272.5078125,94355.9140625,101237.0625,110676473908,-3.7568614800964073,101236.015625,-3.7568614800964073,False,bull
2024-12-10,96675.4296875,98270.15625,94321.2578125,97441.234375,104823780634,-0.7772430783165474,101236.015625,-4.5049046125969605,False,bull
2024-12-11,101173.03125,101913.359375,95747.2265625,96656.0625,85391409936,4.652269534294651,101236.015625,-0.06221538314319375,False,bull
2024-12-12,100043.0,102524.9140625,99339.953125,101167.8046875,72073983533,-1.1169293200355757,101236.015625,-1.1784498013228673,False,bull
2024-12-13,101459.2578125,101888.8046875,99233.28125,100046.6484375,56894751583,1.4156490833941326,101459.2578125,0.0,False,bull
2024-12-14,101372.96875,102618.8828125,100634.0546875,101451.4375,40422968793,-0.08504799301751742,101459.2578125,-0.08504799301751742,False,bull
2024-12-15,104298.6953125,105047.5390625,101227.03125,101373.53125,51145914137,2.886101293644905,104298.6953125,0.0,False,bull
2024-12-16,106029.71875,107780.578125,103322.984375,104293.578125,91020417816,1.6596788984881483,106029.71875,0.0,False,bull
2024-12-17,106140.6015625,108268.4453125,105291.734375,106030.6875,68589364868,0.1045771070669721,106140.6015625,0.0,False,bull
2024-12-18,100041.5390625,106470.609375,100041.5390625,106147.296875,93865656139,-5.746210601989676,106140.6015625,-5.746210601989676,False,bull
2024-12-19,97490.953125,102748.1484375,95587.6796875,100070.6875,97221662392,-2.5495268879325628,106140.6015625,-8.149236305587293,False,bull
2024-12-20,97755.9296875,98098.9140625,92175.1796875,97484.6953125,105634083408,0.2717960528709318,106140.6015625,-7.8995895553340745,False,bull
2024-12-21,97224.7265625,99507.1015625,96426.5234375,97756.1953125,51765334294,-0.5433973434635808,106140.6015625,-8.40006073900944,False,bull
2024-12-22,95104.9375,97360.265625,94202.1875,97218.3203125,43147981314,-2.1802983021374844,106140.6015625,-10.397212659475786,False,bull
2024-12-23,94686.2421875,96416.2109375,92403.1328125,95099.390625,65239002919,-0.4402456102765462,106140.6015625,-10.791684997427865,False,bull
2024-12-24,98676.09375,99404.0625,93448.015625,94684.34375,47114953674,4.213760595334648,106140.6015625,-7.032660172087479,False,bull
2024-12-25,99299.1953125,99478.75,97593.46875,98675.9140625,33700394629,0.6314615210434305,106140.6015625,-6.44560719393652,False,bull
2024-12-26,95795.515625,99884.5703125,95137.8828125,99297.6953125,47054980873,-3.528406928650052,106140.6015625,-9.746586871762153,False,bull
2024-12-27,94164.859375,97294.84375,93310.7421875,95704.9765625,52419934565,-1.7022260795415023,106140.6015625,-11.282904007707351,False,bull
2024-12-28,95163.9296875,95525.8984375,94014.2890625,94160.1875,24107436185,1.0609799867287384,106140.6015625,-10.34163337442221,False,bull
2024-12-29,93530.2265625,95174.875,92881.7890625,95174.0546875,29635885267,-1.7167251608511402,106140.6015625,-11.880821113091667,False,bull
2024-12-30,92643.2109375,94903.3203125,91317.1328125,93527.1953125,56188003691,-0.948373223930199,106140.6015625,-12.716519810802252,False,bull
2024-12-31,93429.203125,96090.6015625,91914.03125,92643.25,43625106843,0.8484077565384274,106140.6015625,-11.975999994700427,False,bull
2025-01-01,94419.7578125,94929.8671875,92788.125,93425.1015625,24519888919,1.060219561302178,106140.6015625,-11.042752328003601,False,bull
2025-01-02,96886.875,97739.8203125,94201.5703125,94416.2890625,46009564411,2.6129247147606893,106140.6015625,-8.718366418011136,False,bull
2025-01-03,98107.4296875,98956.9140625,96034.6171875,96881.7265625,35611391163,1.2597729955682757,106140.6015625,-7.568425048231642,False,bull
2025-01-04,98236.2265625,98734.4296875,97562.9765625,98106.9921875,22342608078,0.13128146911018934,106140.6015625,-7.447079518713274,False,bull
2025-01-05,98314.9609375,98813.3046875,97291.765625,98233.90625,20525254825,0.0801480042089242,106140.6015625,-7.372900200110455,False,bull
2025-01-06,102078.0859375,102482.875,97926.1484375,98314.953125,51823432705,3.8276219245942267,106140.6015625,-3.8274850200541,False,bull
2025-01-07,96922.703125,102712.484375,96132.875,102248.8515625,58685738547,-5.050430525956884,106140.6015625,-8.684611074181747,False,bull
2025-01-08,95043.5234375,97258.3203125,92525.84375,96924.1640625,63875859171,-1.9388436629511285,106140.6015625,-10.455073705669149,False,bull
2025-01-09,92484.0390625,95349.71875,91220.84375,95043.484375,62777261693,-2.6929603222076492,106140.6015625,-12.86648304132556,False,bull
2025-01-10,94701.453125,95770.609375,92250.09375,92494.4921875,62058693684,2.3976181025154863,106140.6015625,-10.777354065365985,False,bull
2025-01-11,94566.59375,94977.6875,93840.046875,94700.8359375,18860894100,-0.1424047578467369,106140.6015625,-10.904411358253652,False,bull
2025-01-12,94488.4375,95367.5390625,93712.5078125,94565.7265625,20885130965,-0.08264678561502592,106140.6015625,-10.97804599839084,False,bull
2025-01-13,94516.5234375,95837.0,89260.1015625,94488.890625,72978998252,0.029724205673309356,106140.6015625,-10.951584929689007,False,bull
2025-01-14,96534.046875,97352.6640625,94322.15625,94519.0078125,53769675818,2.1345722040169157,106140.6015625,-9.050782213480545,False,bull
2025-01-15,100504.4921875,100697.234375,96501.640625,96534.046875,57805923627,4.11299996325778,106140.6015625,-5.310040919337755,False,bull
2025-01-16,99756.90625,100781.5859375,97364.4453125,100505.296875,54103781805,-0.7438333563293043,106140.6015625,-6.014376420074285,False,bull
2025-01-17,104462.0390625,105884.2265625,99948.90625,100025.765625,71888972663,4.716598568833419,106140.6015625,-1.5814518433943436,False,bull
2025-01-18,104408.0703125,104913.203125,102226.6171875,104124.953125,50445655726,-0.051663504258914195,106140.6015625,-1.6322983142127878,False,bull
2025-01-19,101089.609375,106299.796875,99570.53125,104411.2890625,76789928525,-3.1783567377192568,106140.6015625,-4.758774788482578,False,bull
2025-01-20,102016.6640625,109114.8828125,99471.359375,101083.75,126279678351,0.9170622908047932,106140.6015625,-3.8853534267672796,False,bull
2025-01-21,106146.265625,107180.921875,100103.953125,102052.578125,88733878242,4.047967653568851,106146.265625,0.0,False,bull
2025-01-22,103653.0703125,106294.34375,103360.265625,106136.3828125,53878181052,-2.3488299826845638,106146.265625,-2.3488299826845638,False,bull
2025-01-23,103960.171875,106820.328125,101257.8046875,103657.671875,104104515428,0.2962783076025932,106146.265625,-2.0595107488031283,False,bull
2025-01-24,104819.484375,107098.546875,102772.125,103965.671875,52388229265,0.8265785680243276,106146.265625,-1.2499556552345692,False,bull
2025-01-25,104714.6484375,105243.7890625,104120.375,104824.03125,23888996502,-0.10001569662844156,106146.265625,-1.348721200006886,False,bull
2025-01-26,102682.5,105438.6484375,102507.7109375,104713.2109375,22543395879,-1.9406534499448846,106146.265625,-3.263200645453701,False,bull
2025-01-27,102087.6875,103214.109375,97795.9375,102680.3046875,89006608428,-0.5792734886665207,106146.265625,-3.823571277899118,False,bull
2025-01-28,101332.4765625,103730.8203125,100238.1875,102095.4140625,47180685494,-0.7397669160641884,106146.265625,-4.535052678637275,False,bull
2025-01-29,103703.2109375,104750.8046875,101283.8203125,101317.5234375,47432049818,2.3395602825692086,106146.265625,-2.3015926873310555,False,bull
2025-01-30,104735.3046875,106418.765625,103321.6484375,103709.3359375,41915744521,0.9952379879751394,106146.265625,-1.3292610241086855,False,bull
2025-01-31,102405.0234375,106026.3515625,101543.8828125,104737.5625,45732764360,-2.2249243050878498,106146.265625,-3.5246102775930765,False,bull
2025-02-01,100655.90625,102755.7265625,100297.7109375,102402.796875,27757944848,-1.7080384621634526,106146.265625,-5.17244704057388,False,bull
2025-02-02,97688.9765625,101430.6640625,96216.078125,100661.5390625,63091816853,-2.947596219670423,106146.265625,-7.96758040681188,False,bull
2025-02-03,101405.421875,102514.171875,91242.890625,97681.1015625,115400897748,3.804365081173988,106146.265625,-4.466331172449101,False,bull
2025-02-04,97871.8203125,101745.6171875,96208.109375,101398.71875,73002130211,-3.4846278405663456,106146.265625,-7.795323993528392,False,bull
2025-02-05,96615.4453125,99113.2109375,96174.828125,97878.0078125,49125911241,-1.2836943218062724,106146.265625,-8.978950183863333,False,bull
2025-02-06,96593.296875,99168.609375,95707.3515625,96610.640625,45302471947,-0.022924323774897726,106146.265625,-8.999816144026497,False,bull
2025-02-07,96529.0859375,100154.140625,95653.8828125,96581.3203125,55741290456,-0.06647556256734743,106146.265625,-9.060309028182079,False,bull
2025-02-08,96482.453125,96877.8046875,95702.4921875,96533.2578125,22447526395,-0.04830959709924976,106146.265625,-9.10424162649387,False,bull
2025-02-09,96500.09375,97325.28125,94745.2578125,96481.3125,27732901800,0.018283765004545316,106146.265625,-9.08762245963375,False,bull
2025-02-10,97437.5546875,98333.21875,95320.84375,96499.4609375,40078962391,0.9714611676219231,106146.265625,-8.204444015267253,False,bull
2025-02-11,95747.4296875,98492.8984375,94875.0390625,97438.1328125,37488783272,-1.7345724709743937,106146.265625,-9.796704458956329,False,bull
2025-02-12,97885.859375,98151.0234375,94101.203125,95745.6953125,49340445530,2.233406885677658,106146.265625,-7.782097845234492,False,bull
2025-02-13,96623.8671875,98111.0859375,95269.7109375,97888.75,37147280860,-1.2892487184132717,106146.265625,-8.971015966912399,False,bull
2025-02-14,97508.96875,98819.46875,96342.8046875,96623.3671875,32697987277,0.9160278803397981,106146.265625,-8.13716509397926,False,bull
2025-02-15,97580.3515625,97975.0390625,97240.1953125,97508.3828125,17047266288,0.07320640697474623,106146.265625,-8.069915613199418,False,bull
2025-02-16,96175.03125,97725.59375,96060.9765625,97580.4921875,16536755396,-1.4401672980240199,106146.265625,-9.393862625584005,False,bull
2025-02-17,95773.3828125,97032.234375,95243.546875,96179.0078125,27336550690,-0.41762236235300954,106146.265625,-9.772254116923861,False,bull
2025-02-18,95539.546875,96695.375,93388.8359375,95773.8125,37325720482,-0.24415545387781457,106146.265625,-9.992550079408414,False,bull
2025-02-19,96635.609375,96855.59375,95011.96875,95532.53125,28990872862,1.1472343504350446,106146.265625,-8.959953695968759,False,bull
2025-02-20,98333.9375,98767.1953125,96442.671875,96632.6796875,31668022771,1.7574558032842136,106146.265625,-7.359965118885925,False,bull
2025-02-21,96125.546875,99497.96875,94852.9609375,98340.671875,49608706470,-2.245807176184722,106146.265625,-9.44048167026601,False,bull
2025-02-22,96577.7578125,96950.15625,95765.34375,96134.203125,18353824477,0.47043783073406065,106146.265625,-9.0144554367124,False,bull
2025-02-23,96273.921875,96671.875,95270.453125,96577.8046875,16999478976,-0.31460239332733453,106146.265625,-9.300698137490414,False,bull
2025-02-24,91418.171875,96503.453125,91371.7421875,96277.9609375,44046480529,-5.043681513571874,106146.265625,-13.875282058468553,False,bull
2025-02-25,88736.171875,92511.078125,86008.234375,91437.1171875,92139104128,-2.9337712021491935,106146.265625,-16.401984231369415,False,bull
2025-02-26,84347.0234375,89286.25,82131.8984375,88638.890625,64597492134,-4.94629004695274,106146.265625,-20.53698456478318,True,bear
2025-02-27,84704.2265625,87000.78125,83144.9609375,84076.859375,52659591954,0.4234922709094535,106146.265625,-20.20046483618344,True,bear
2025-02-28,84373.0078125,85036.3203125,78248.9140625,84705.625,83610570576,-0.3910297790814532,106146.265625,-20.512504782242548,True,bear
2025-03-01,86031.9140625,86522.3046875,83794.234375,84373.8671875,29190628396,1.9661575342751147,106146.265625,-18.94965540621204,False,bull
2025-03-02,94248.3515625,95043.4375,85040.2109375,86036.2578125,58398341092,9.550452979612857,106146.265625,-11.208980355968123,False,bull
2025-03-03,86065.671875,94429.75,85081.3046875,94248.421875,70072228536,-8.682040111941614,106146.265625,-18.917852297264936,False,bull
2025-03-04,87222.1953125,88911.2734375,81529.2421875,86064.0703125,68095241474,1.3437685575495406,106146.265625,-17.828295890649713,False,bull
2025-03-05,90623.5625,90998.2421875,86379.7734375,87222.953125,50498988027,3.899657851208138,106146.265625,-14.623880579877913,False,bull
2025-03-06,89961.7265625,92804.9375,87852.140625,90622.359375,47749810486,-0.7303133084179958,106146.265625,-15.24739374221391,False,bull
2025-03-07,86742.671875,91191.046875,84717.6796875,89963.28125,65945677657,-3.57824911826653,106146.265625,-18.280053128341034,False,bull
2025-03-08,86154.59375,86847.265625,85247.484375,86742.65625,18206118081,-0.6779571257010009,106146.265625,-18.83407933127652,False,bull
2025-03-09,80601.0390625,86471.1328125,80052.484375,86154.3046875,30899345977,-6.44603432710168,106146.265625,-24.066062439490555,True,bear
2025-03-10,78532.0,83955.9296875,77420.59375,80597.1484375,54061099422,-2.567012890361897,106146.265625,-26.01529640482818,True,bear
2025-03-11,82862.2109375,83577.7578125,76624.25,78523.875,54702837196,5.513944554449135,106146.265625,-21.93582086981687,True,bear
2025-03-12,83722.359375,84358.578125,80635.25,82857.375,40353484454,1.0380466895202334,106146.265625,-21.12547824265485,True,bear
2025-03-13,81066.703125,84301.6953125,79931.8515625,83724.921875,31412940153,-3.17197970748182,106146.265625,-23.627362067171166,True,bear
2025-03-14,83969.1015625,85263.2890625,80797.5625,81066.9921875,29588112414,3.580259620308812,106146.265625,-20.893023350297447,True,bear
2025-03-15,84343.109375,84672.671875,83639.59375,83968.40625,13650491277,0.44541123525254633,106146.265625,-20.540671988431058,True,bear
2025-03-16,82579.6875,85051.6015625,82017.90625,84333.3203125,21330270174,-2.0907717157540473,106146.265625,-22.201985144025173,True,bear
2025-03-17,84075.6875,84725.328125,82492.15625,82576.3359375,25092785558,1.8115835083536647,106146.265625,-20.792609137067796,True,bear
2025-03-18,82718.5,84075.71875,81179.9921875,84075.71875,24095774594,-1.6142449028442418,106146.265625,-22.071210406748587,True,bear
2025-03-19,86854.2265625,87021.1875,82569.7265625,82718.8046875,34931960257,4.9997601050550955,106146.265625,-18.17495787431288,False,bull
2025-03-20,84167.1953125,87443.265625,83647.1953125,86872.953125,29028988961,-3.093725379117185,106146.265625,-20.70639996902859,True,bear
2025-03-21,84043.2421875,84782.2734375,83171.0703125,84164.5390625,19030452299,-0.14727011460912154,106146.265625,-20.823175744671897,True,bear
2025-03-22,83832.484375,84513.875,83674.78125,84046.2578125,9863214091,-0.25077306278807887,106146.265625,-21.021729891875317,True,bear
2025-03-23,86054.375,86094.78125,83794.9140625,83831.8984375,12594615537,2.6503933905394295,106146.265625,-18.928495040967206,False,bull
2025-03-24,87498.9140625,88758.7265625,85541.1953125,86070.9296875,34582604933,1.6786352378946434,106146.265625,-17.567600190833378,False,bull
2025-03-25,87471.703125,88542.3984375,86346.078125,87512.8203125,30005840049,-0.031098600241552532,106146.265625,-17.59323551331955,False,bull
2025-03-26,86900.8828125,88292.15625,85861.453125,87460.234375,26704046038,-0.652577110204744,106146.265625,-18.131003195619954,False,bull
2025-03-27,87177.1015625,87786.7265625,85837.9375,86896.2578125,24413471941,0.3178549412391707,106146.265625,-17.870778543934296,False,bull
2025-03-28,84353.1484375,87489.859375,83557.640625,87185.234375,34198619509,-3.2393289916566204,106146.265625,-20.53121422518249,True,bear
2025-03-29,82597.5859375,84567.3359375,81634.140625,84352.0703125,16969396135,-2.0812056603918605,106146.265625,-22.18512309297268,True,bear
2025-03-30,82334.5234375,83505.0,81573.25,82596.984375,14763760943,-0.3184869109843613,106146.265625,-22.43295329072016,True,bear
2025-03-31,82548.9140625,83870.125,81293.890625,82336.0625,29004228247,0.26038970780313253,106146.265625,-22.23097668444235,True,bear
2025-04-01,85169.171875,85487.3671875,82429.359375,82551.921875,28175650319,3.17418810684309,106146.265625,-19.762441595551895,False,bull
2025-04-02,82485.7109375,88466.953125,82343.5390625,85180.609375,47584398470,-3.1507420800550134,106146.265625,-22.290520112209556,True,bear
2025-04-03,83102.828125,83909.296875,81282.1015625,82487.4765625,36852112080,0.7481504135517403,106146.265625,-21.70913631706014,True,bear
2025-04-04,83843.8046875,84696.1484375,81670.75,83100.25,45157640207,0.8916382019940938,106146.265625,-21.01106506779192,True,bear
2025-04-05,83504.796875,84207.015625,82377.734375,83844.703125,14380803631,-0.4043325726492686,106146.265625,-21.330443060511584,True,bear
2025-04-06,78214.484375,83704.71875,77097.7421875,83504.5078125,36294853736,-6.3353396427263675,106146.265625,-26.31442668805618,True,bear
2025-04-07,79235.3359375,81119.0625,74436.6796875,78221.3359375,91262424987,1.305195029613082,106146.265625,-25.352686247646783,True,bear
2025-04-08,76271.953125,80823.890625,76198.0234375,79218.4765625,48314590749,-3.739976334343409,106146.265625,-28.14447811620787,True,bear
2025-04-09,82573.953125,83541.0,74589.671875,76273.5625,84213627038,8.26253916648998,106146.265625,-22.207387477273766,True,bear
2025-04-10,79626.140625,82700.9296875,78456.1328125,82565.9765625,44718000633,-3.56990599146636,106146.265625,-24.984510612640786,True,bear
2025-04-11,83404.8359375,84247.4765625,78936.3203125,79625.046875,41656778779,4.745546227457886,106146.265625,-21.42461588600989,True,bear
2025-04-12,85287.109375,85856.1875,82769.375,83404.515625,24258059104,2.256791727173346,106146.265625,-19.651333117730672,False,bull
2025-04-13,83684.9765625,86015.1875,83027.0078125,85279.46875,28796984817,-1.878516957885823,106146.265625,-21.1606964505493,True,bear
2025-04-14,84542.390625,85785.0,83690.640625,83694.5234375,34090769777,1.0245734631468162,106146.265625,-20.352929867851866,True,bear
2025-04-15,83668.9921875,86429.3515625,83598.8203125,84539.6953125,28040322885,-1.033089354397465,106146.265625,-21.17575527047657,True,bear
2025-04-16,84033.8671875,85428.28125,83100.6171875,83674.5078125,29617804112,0.4360934564412222,106146.265625,-20.83200789712191,True,bear
2025-04-17,84895.75,85449.0703125,83749.75,84030.671875,21276866029,1.025637449930672,106146.265625,-20.020031321756637,True,bear
2025-04-18,84450.8046875,85095.046875,84298.8828125,84900.1875,12728372364,-0.5241078764249063,106146.265625,-20.439212637161486,True,bear
2025-04-19,85063.4140625,85597.703125,84353.4609375,84450.8671875,15259300427,0.7254038339443714,106146.265625,-19.862075635315122,False,bull
2025-04-20,85174.3046875,85306.3828125,83976.84375,85066.0703125,14664050812,0.13036230231544543,106146.265625,-19.7576059920855,False,bull
2025-04-21,87518.90625,88460.09375,85143.8359375,85171.5390625,41396190190,2.7527099529631727,106146.265625,-17.548765625733708,False,bull
2025-04-22,93441.890625,93817.3828125,87084.53125,87521.875,55899038456,6.767662701452015,106146.265625,-11.968744190099711,False,bull
2025-04-23,93699.109375,94535.734375,91962.9609375,93427.5859375,41719568821,0.27527134594511615,106146.265625,-11.726419367379414,False,bull
2025-04-24,93943.796875,94016.1953125,91696.7109375,93692.3984375,31483175315,0.26114175645013393,106146.265625,-11.495900188433971,False,bull
2025-04-25,94720.5,95768.390625,92898.59375,93954.25,40915232364,0.8267742531563593,106146.265625,-10.764171078204143,False,bull
2025-04-26,94646.9296875,95251.359375,93927.25,94714.6484375,17612825123,-0.07767095032226168,106146.265625,-10.833481394555655,False,bull
2025-04-27,93754.84375,95301.203125,93665.3984375,94660.90625,18090367764,-0.942540809771053,106146.265625,-11.673912221064064,False,bull
2025-04-28,94978.75,95598.4921875,92860.8046875,93755.3046875,32363449569,1.3054325526514532,106146.265625,-10.520874718714346,False,bull
2025-04-29,94284.7890625,95485.4140625,93796.6328125,94981.859375,25806129921,-0.7306486319308303,106146.265625,-11.174652723445732,False,bull
2025-04-30,94207.3125,95249.3203125,92979.640625,94286.46875,28344679831,-0.08217291810309613,106146.265625,-11.247643103318072,False,bull
2025-05-01,96492.3359375,97437.9609375,94153.6328125,94212.859375,32875889623,2.425526614507767,106146.265625,-9.094931065786138,False,bull
2025-05-02,96910.0703125,97905.8984375,96375.9453125,96494.96875,26421924677,0.43291974532626565,106146.265625,-8.701385072867463,False,bull
2025-05-03,95891.796875,96943.8828125,95821.2890625,96904.6328125,15775154889,-1.0507405827035687,106146.265625,-9.660696671353108,False,bull
2025-05-04,94315.9765625,96318.921875,94173.4296875,95877.1875,18198688416,-1.6433317174712747,106146.265625,-11.145271096295339,False,bull
2025-05-05,94748.0546875,95193.1875,93566.265625,94319.5625,25816260327,0.45811763897039004,106146.265625,-10.738211910128136,False,bull
2025-05-06,96802.4765625,96889.1796875,93399.859375,94748.3828125,26551275827,2.168299794413664,106146.265625,-8.80274874248549,False,bull
2025-05-07,97032.3203125,97625.8046875,95829.3359375,96800.1953125,76983822462,0.23743581586117557,106146.265625,-8.58621380491924,False,bull
2025-05-08,103241.4609375,103969.5390625,96913.875,97034.25,69895404397,6.3990437464578775,106146.265625,-2.736605636002565,False,bull
2025-05-09,102970.8515625,104297.4921875,102343.09375,103239.125,58198593958,-0.2621130818400763,106146.265625,-2.991545716472299,False,bull
2025-05-10,104696.328125,104961.765625,102830.484375,102973.7109375,42276713994,1.6756941758927724,106146.265625,-1.3659806979196332,False,bull
2025-05-11,104106.359375,104937.9921875,103364.7421875,104701.0703125,46285517406,-0.5635047193781384,106146.265625,-1.9217880515992047,False,bull
2025-05-12,102812.953125,105747.453125,100814.40625,104106.9609375,63250475404,-1.242389281274392,106146.265625,-3.1403012441117095,False,bull
2025-05-13,104169.8125,104997.421875,101515.09375,102812.4921875,52608876410,1.3197358248725033,106146.265625,-1.8620090997666705,False,bull
2025-05-14,103539.4140625,104303.5625,102618.296875,104167.328125,45956071155,-0.6051642240404331,106146.265625,-2.4559051108869356,False,bull
2025-05-15,103744.640625,104153.6171875,101440.8125,103538.828125,50408241840,0.198211052629782,106146.265625,-2.262561933629026,False,bull
2025-05-16,103489.2890625,104533.484375,103137.4765625,103735.65625,44386499364,-0.24613470244020386,106146.265625,-2.5031276859863616,False,bull
2025-05-17,103191.0859375,103716.9453125,102659.1796875,103489.2890625,37898552742,-0.28814878109744146,106146.265625,-2.784063735167319,False,bull
2025-05-18,106446.0078125,106597.171875,103142.6015625,103186.953125,49887082058,3.154266519659865,106446.0078125,0.0,False,bull
2025-05-19,105606.1796875,107068.71875,102112.6875,106430.53125,61761126647,-0.7889709931436006,106446.0078125,-0.7889709931436006,False,bull
2025-05-20,106791.0859375,107307.1171875,104206.515625,105605.40625,36515726122,1.1220046530480143,106791.0859375,0.0,False,bull
2025-05-21,109678.078125,110724.4609375,106127.234375,106791.3125,78086364051,2.7034018449719976,109678.078125,0.0,False,bull
2025-05-22,111673.28125,111970.171875,109285.0703125,109673.4921875,70157575642,1.8191448638679386,111673.28125,0.0,False,bull
2025-05-23,107287.796875,111798.90625,106841.3046875,111679.359375,67548133399,-3.9270668202023518,111673.28125,-3.9270668202023518,False,bull
2025-05-24,107791.15625,109454.5234375,106895.2890625,107278.5078125,45903627163,0.4691674073487251,111673.28125,-3.4763239304388183,False,bull
2025-05-25,109035.390625,109313.3046875,106683.375,107802.2734375,47518041841,1.1543009819045436,111673.28125,-2.3621501897975294,False,bull
2025-05-26,109440.3671875,110376.8828125,108735.640625,109023.78125,45950461571,0.3714175371671846,111673.28125,-1.9995060926894737,False,bull
2025-05-27,108994.640625,110744.2109375,107609.5546875,109440.40625,57450176272,-0.4072780217708405,111673.28125,-2.398640565600829,False,bull
2025-05-28,107802.328125,109298.2890625,106812.9296875,108992.171875,49155377493,-1.0939184653144474,111673.28125,-3.466319858851641,False,bull
2025-05-29,105641.7578125,108910.046875,105374.3984375,107795.5703125,56022752042,-2.004196337944353,111673.28125,-5.401044341123451,False,bull
2025-05-30,103998.5703125,106308.9453125,103685.7890625,105646.2109375,57655287183,-1.5554336978341854,111673.28125,-6.872468375240837,False,bull
2025-05-31,104638.09375,104927.1015625,103136.1171875,103994.71875,38997843858,0.6149348357177731,111673.28125,-6.299794741636111,False,bull
2025-06-01,105652.1015625,105884.546875,103826.953125,104637.296875,37397056873,0.9690618169351017,111673.28125,-5.391781830087494,False,bull
2025-06-02,105881.53125,105958.3125,103727.546875,105649.8125,45819706290,0.21715582000447764,111673.28125,-5.186334578129004,False,bull
2025-06-03,105432.46875,106813.578125,104920.84375,105888.4765625,46196508367,-0.42411787466475337,111673.28125,-5.588456280807996,False,bull
2025-06-04,104731.984375,105997.6953125,104232.703125,105434.3671875,44544857105,-0.6643915136436584,111673.28125,-6.215718565178275,False,bull
2025-06-05,101575.953125,105936.6875,100436.8828125,104750.78125,57479298400,-3.0134359325224014,111673.28125,-9.04184780099313,False,bull
2025-06-06,104390.34375,105376.7734375,101169.5703125,101574.3671875,48856653697,2.7707252931573167,111673.28125,-6.521647271826714,False,bull
2025-06-07,105615.625,105972.7578125,103987.3125,104390.6484375,38365033776,1.1737496074678777,111673.28125,-5.424445473612338,False,bull
2025-06-08,105793.6484375,106497.0625,105075.328125,105617.5078125,36626232328,0.16855786016509722,111673.28125,-5.2650309426633735,False,bull
2025-06-09,110294.1015625,110561.421875,105400.234375,105793.0234375,55903193732,4.253991795791734,111673.28125,-1.2350131312184431,False,bull
2025-06-10,110257.234375,110380.125,108367.7109375,110295.6875,54700101509,-0.03342625487465778,111673.28125,-1.2680265674561264,False,bull
2025-06-11,108686.625,110384.21875,108086.328125,110261.796875,50842662052,-1.4244955298426398,111673.28125,-2.6744591155281383,False,bull
2025-06-12,105929.0546875,108780.6953125,105785.6875,108685.9140625,54843867968,-2.5371753999169577,111673.28125,-5.143778796685083,False,bull
2025-06-13,106090.96875,106182.546875,102822.0234375,105924.59375,69550440846,0.15285141831733462,111673.28125,-4.998789717213581,False,bull
2025-06-14,105472.40625,106203.7578125,104379.3671875,106108.0859375,38007870453,-0.5830491579897124,111673.28125,-5.552693473847404,False,bull
2025-06-15,105552.0234375,106157.1015625,104519.8828125,105464.84375,36744307742,0.0754862720314664,111673.28125,-5.481398723116682,False,bull
2025-06-16,106796.7578125,108915.375,104997.625,105555.59375,50366626945,1.1792615001237072,111673.28125,-4.366777247802956,False,bull
2025-06-17,104601.1171875,107750.1953125,103396.53125,106794.1171875,55964092176,-2.0559056941174436,111673.28125,-6.332906119833382,False,bull
2025-06-18,104883.328125,105581.8515625,103602.265625,104602.0703125,47318089133,0.2697972498650669,111673.28125,-6.080194876516176,False,bull
2025-06-19,104684.2890625,105250.890625,103940.7734375,104886.7734375,37333806920,-0.1897718789613423,111673.28125,-6.258428255415838,False,bull
2025-06-20,103309.6015625,106539.3828125,102372.2109375,104681.03125,50951862476,-1.3131746055793259,111673.28125,-7.4894187704366395,False,bull
2025-06-21,102257.40625,104015.78125,100973.0625,103315.078125,38360555118,-1.0184874363913243,111673.28125,-8.431627417592335,False,bull
2025-06-22,100987.140625,103351.6328125,98286.203125,102212.03125,65536997201,-1.2422235919953284,111673.28125,-9.569111344617177,False,bull
2025-06-23,105577.7734375,106116.859375,99705.75,100987.4765625,65237759656,4.545759771084712,111673.28125,-5.458340387486372,False,bull
2025-06-24,106045.6328125,106316.828125,104740.2421875,105571.515625,48822986421,0.4431419225533917,111673.28125,-5.039386659465606,False,bull
2025-06-25,107361.2578125,108168.3984375,105881.390625,106047.40625,51624120283,1.2406215749838134,111673.28125,-3.861284802625964,False,bull
2025-06-26,106960.0,108305.546875,106666.3515625,107375.0703125,43891990613,-0.3737454466123835,111673.28125,-4.220598873107795,False,bull
2025-06-27,107088.4296875,107772.46875,106449.9921875,106954.921875,45353692675,0.12007263229245613,111673.28125,-4.105594024980796,False,bull
2025-06-28,107327.703125,107567.8828125,106883.9765625,107090.546875,30037708335,0.22343537784448309,111673.28125,-3.8913319966587756,False,bull
2025-06-29,108385.5703125,108526.3046875,107230.109375,107327.8203125,35534874438,0.9856422495764683,111673.28125,-2.9440443593126697,False,bull
2025-06-30,107135.3359375,108798.7890625,106759.6484375,108383.4375,42064804590,-1.1535062936840146,111673.28125,-4.063590916023163,False,bull
2025-07-01,105698.28125,107550.6796875,105270.2265625,107144.3828125,44110692247,-1.3413452013053329,111673.28125,-5.350429335575734,False,bull
2025-07-02,108859.3203125,109763.65625,105157.3984375,105703.1015625,56248657737,2.990624847553991,111673.28125,-2.5198157571822977,False,bull
2025-07-03,109647.9765625,110541.4609375,108605.796875,108845.015625,50494742270,0.7244728772290987,111673.28125,-1.8135982616701352,False,bull
2025-07-04,108034.3359375,109751.984375,107296.3828125,109635.65625,42616442656,-1.4716556343200904,111673.28125,-3.2585639749884265,False,bull
2025-07-05,108231.1796875,108381.34375,107842.2734375,108015.8359375,30615537520,0.18220480395592098,111673.28125,-3.082296431134912,False,bull
2025-07-06,109232.0703125,109731.625,107847.015625,108231.1875,36746020463,0.9247710575546852,111673.28125,-2.1860295588834067,False,bull
2025-07-07,108299.8515625,109710.25,107527.0546875,109235.328125,45415696597,-0.8534295352390808,111673.28125,-3.0208028722179203,False,bull
2025-07-08,108950.2734375,109198.96875,107499.5546875,108298.2265625,44282204127,0.6005750382996888,111673.28125,-2.438370021925007,False,bull
2025-07-09,111326.5546875,111925.375,108357.6796875,108950.2734375,57927418065,2.1810695604753683,111673.28125,-0.3104830077695908,False,bull
2025-07-10,115987.203125,116608.78125,110660.75,111329.1953125,95911605728,4.1864660687494615,115987.203125,0.0,False,bull
2025-07-11,117516.9921875,118856.4765625,115245.6875,115986.234375,86928361085,1.3189291760499877,117516.9921875,0.0,False,bull
2025-07-12,117435.2265625,118219.8984375,116977.0234375,117530.7109375,45524560304,-0.06957770402219454,117516.9921875,-0.06957770402219454,False,bull
2025-07-13,119116.1171875,119449.5703125,117265.4375,117432.203125,49021091807,1.4313342548076147,119116.1171875,0.0,False,bull
2025-07-14,119849.703125,123091.609375,118959.1953125,119115.7890625,181746419401,0.6158578325259345,119849.703125,0.0,False,bull
2025-07-15,117777.1875,119935.5625,115765.6875,119853.8515625,98321661181,-1.729262210051885,119849.703125,-1.729262210051885,False,bull
2025-07-16,118738.5078125,120065.515625,117064.8203125,117777.1875,72162029070,0.816219450392297,119849.703125,-0.9271573341663175,False,bull
2025-07-17,119289.84375,120999.609375,117508.21875,118738.5078125,72363841798,0.4643278306736054,119849.703125,-0.4671345530293691,False,bull
2025-07-18,118003.2265625,120851.9140625,116925.984375,119284.109375,77945799785,-1.078563897020779,119849.703125,-1.5406601054106739,False,bull
2025-07-19,117939.9765625,118541.3984375,117388.4140625,117998.125,47564562765,-0.053600229283989886,119849.703125,-1.5934345373456726,False,bull
2025-07-20,117300.7890625,118865.03125,116550.1328125,117944.109375,57515447231,-0.541960002562214,119849.703125,-2.126758762048453,False,bull
2025-07-21,117439.5390625,119671.5625,116584.3984375,117306.46875,69820091744,0.11828564931994912,119849.703125,-2.010988763139665,False,bull
2025-07-22,119995.4140625,120269.96875,116233.2265625,117426.5,79217583118,2.176332622218302,119995.4140625,0.0,False,bull
2025-07-23,118754.9609375,120113.3515625,117391.390625,119997.4453125,66608604537,-1.0337504434577038,119995.4140625,-1.0337504434577038,False,bull
2025-07-24,118368.0,119535.453125,117247.96875,118770.984375,72627318560,-0.32584822936673197,119995.4140625,-1.3562302153083627,False,bull
2025-07-25,117635.8828125,118486.9765625,114759.8203125,118368.0,104857024569,-0.6185093838706357,119995.4140625,-1.966351188030424,False,bull
2025-07-26,117947.3671875,118335.6875,117181.2265625,117644.84375,48508954046,0.2647868724685587,119995.4140625,-1.7067709553744037,False,bull
2025-07-27,119448.4921875,119815.59375,117859.6875,117944.7265625,54683390892,1.2727075099638885,119995.4140625,-0.45578564753744333,False,bull
2025-07-28,117924.4765625,119819.7890625,117441.4375,119457.5234375,64822943193,-1.2758768211219684,119995.4140625,-1.7258472052284812,False,bull
2025-07-29,117922.1484375,119273.8671875,116987.3671875,117938.5859375,68463107433,-0.0019742508661990676,119995.4140625,-1.7277873835412905,False,bull
2025-07-30,117831.1875,118780.7265625,115800.828125,117921.9921875,68896148592,-0.07713643170961237,119995.4140625,-1.8035910617157036,False,bull
2025-07-31,115758.203125,118919.984375,115505.21875,117833.6328125,69370346018,-1.7592832754910526,119995.4140625,-3.5311440612997402,False,bull
2025-08-01,113320.0859375,116060.7734375,112724.4453125,115738.953125,91294530181,-2.1062154747402473,119995.4140625,-5.56298603338552,False,bull
2025-08-02,112526.9140625,114021.6015625,112005.765625,113320.390625,56870866000,-0.6999393518263508,119995.4140625,-6.223987856827606,False,bull
2025-08-03,114217.671875,114747.421875,111943.8046875,112525.8046875,48099615826,1.5025363723748075,119995.4140625,-4.814969165813821,False,bull
2025-08-04,115071.8828125,115729.46875,114130.40625,114223.921875,35783028986,0.7478798363486527,119995.4140625,-4.103099512982689,False,bull
2025-08-05,114141.4453125,115117.4375,112701.109375,115072.1875,61039182286,-0.8085706753543476,119995.4140625,-4.878493728894462,False,bull
2025-08-06,115028.0,115737.8359375,113372.25,114140.9140625,56379133510,0.7767158415357134,119995.4140625,-4.139669920979405,False,bull
2025-08-07,117496.8984375,117676.90625,114279.7109375,115030.0546875,64051649681,2.1463456180234486,119995.4140625,-2.0821759269055384,False,bull
2025-08-08,116688.7265625,117689.203125,115917.4609375,117505.5,59713005166,-0.68782400705657,119995.4140625,-2.755678228067704,False,bull
2025-08-09,116500.359375,117906.609375,116363.8359375,116678.2734375,54004312429,-0.16142706587778388,119995.4140625,-2.9126568834368816,False,bull
2025-08-10,119306.7578125,119320.7109375,116485.1640625,116497.71875,64755458694,2.408918266480664,119995.4140625,-0.573902140661231,False,bull
2025-08-11,118731.4453125,122321.09375,118159.03125,119306.8125,90528784177,-0.4822128356753663,119995.4140625,-1.0533475465501208,False,bull
2025-08-12,120172.90625,120302.46875,118228.71875,118717.6640625,72803657984,1.2140515376580119,120172.90625,0.0,False,bull
2025-08-13,123344.0625,123682.453125,118939.6328125,120168.9765625,90904808795,2.6388279596092357,123344.0625,0.0,False,bull
2025-08-14,118359.578125,124457.1171875,117254.8828125,123339.3984375,104055627395,-4.041122267235197,123344.0625,-4.041122267235197,False,bull
2025-08-15,117398.3515625,119332.3125,116864.5703125,118365.78125,68665353159,-0.8121240187970669,123344.0625,-4.820427361471092,False,bull
2025-08-16,117491.3515625,117996.0625,117271.953125,117398.421875,48036922378,0.07921746665282559,123344.0625,-4.745028515255855,False,bull
2025-08-17,117453.0625,118595.7734375,117279.5234375,117492.7890625,45852169525,-0.032588834829794244,123344.0625,-4.776071000580185,False,bull
2025-08-18,116252.3125,117614.171875,114723.6796875,117453.90625,72787808090,-1.022323279139703,123344.0625,-5.749567394052713,False,bull
2025-08-19,112831.1796875,116764.5,112730.3984375,116241.859375,71657600353,-2.9428514056440758,123344.0625,-8.52321757482246,False,bull
2025-08-20,114274.7421875,114625.796875,112387.9609375,112828.0234375,67993811526,1.2794003430595335,123344.0625,-7.3528633066549105,False,bull
2025-08-21,112419.03125,114802.6484375,111986.234375,114275.6875,57817883700,-1.623902974513114,123344.0625,-8.857362915219369,False,bull
2025-08-22,116874.0859375,117377.3984375,111678.9453125,112433.734375,82528088240,3.962900798880531,123344.0625,-5.245470622065818,False,bull
2025-08-23,115374.328125,116996.25,114536.109375,116866.3671875,55377142586,-1.2832252765613172,123344.0625,-6.461384693730188,False,bull
2025-08-24,113458.4296875,115615.0859375,111060.546875,115387.390625,73961489632,-1.6605933647771742,123344.0625,-8.01468073301056,False,bull
2025-08-25,110124.3515625,113637.84375,109324.28125,113456.8984375,85706860190,-2.9385900493979156,123344.0625,-10.71775217189721,False,bull
2025-08-26,111802.65625,112397.015625,108762.0390625,110124.1015625,69396320317,1.5240086898922645,123344.0625,-9.357082956465778,False,bull
2025-08-27,111222.0625,112619.4140625,110398.265625,111795.7109375,62137056409,-0.5193022862549412,123344.0625,-9.82779369700102,False,bull
2025-08-28,112544.8046875,113450.078125,110900.921875,111219.0546875,58860155962,1.189280397942638,123344.0625,-8.755393323047066,False,bull
2025-08-29,108410.8359375,112619.0546875,107559.625,112550.5234375,77843379644,-3.6731759955323295,123344.0625,-12.106968312722799,False,bull
2025-08-30,108808.0703125,108929.3515625,107444.4453125,108409.40625,51486264208,0.3664157476186425,123344.0625,-11.784914403561174,False,bull
2025-08-31,108236.7109375,109491.0,108104.65625,108818.4609375,47986191770,-0.525107534173741,123344.0625,-12.24813846430589,False,bull
2025-09-01,109250.59375,109890.5859375,107271.1796875,108228.75,66870372995,0.9367272930950854,123344.0625,-11.426142827102037,False,bull
2025-09-02,111200.5859375,111748.015625,108454.03125,109243.0703125,74776999491,1.7848801737061493,123344.0625,-9.845205611336173,False,bull
2025-09-03,111723.2109375,112600.2265625,110582.9609375,111190.6953125,61119643565,0.4699840343410866,123344.0625,-9.421492471516412,False,bull
2025-09-04,110723.6015625,112208.328125,109347.2265625,111718.1484375,60131132901,-0.8947195185422974,123344.0625,-10.231916057978063,False,bull
2025-09-05,110650.984375,113357.4921875,110233.3984375,110723.015625,60241647677,-0.06558419928113235,123344.0625,-10.290789737041461,False,bull
2025-09-06,110224.6953125,111275.015625,110024.0859375,110650.5703125,21500719036,-0.38525555367432407,123344.0625,-10.636399451736889,False,bull
2025-09-07,111167.6171875,111591.078125,110211.625,110221.328125,24618007520,0.8554542812086785,123344.0625,-9.871934705004549,False,bull
2025-09-08,112071.4296875,112869.234375,110630.609375,111163.015625,40212813407,0.8130177859939192,123344.0625,-9.13917750398403,False,bull
2025-09-09,111530.546875,113225.4375,110776.703125,112077.578125,45984480722,-0.4826232823193166,123344.0625,-9.577692987856635,False,bull
2025-09-10,113955.359375,114275.25,110940.078125,111531.25,56377473784,2.174124101370767,123344.0625,-7.611799818090148,False,bull
2025-09-11,115507.5390625,115522.546875,113453.8359375,113961.4296875,45685065332,1.3620945043858246,123344.0625,-6.353385220711372,False,bull
2025-09-12,116101.578125,116769.3828125,114794.484375,115507.7890625,54785725894,0.5142859655061782,123344.0625,-5.871773823729864,False,bull
2025-09-13,115950.5078125,116334.6328125,115248.2734375,116093.5625,34549454947,-0.13011908618274504,123344.0625,-5.994252611470452,False,bull
2025-09-14,115407.65625,116181.5,115222.3984375,115950.2890625,32798036057,-0.46817523505617853,123344.0625,-6.434364240273016,False,bull
2025-09-15,115444.875,116747.8828125,114461.0625,115399.6328125,52937859416,0.03224981011604733,123344.0625,-6.404189500406632,False,bull
2025-09-16,116843.1875,117005.2734375,114813.09375,115423.7578125,45781744593,1.2112382641498831,123344.0625,-5.270521229994351,False,bull
2025-09-17,116468.5078125,117328.609375,114794.9765625,116840.5078125,60528025996,-0.32066883445814875,123344.0625,-5.574289145454403,False,bull
2025-09-18,117137.203125,117911.7890625,116188.796875,116461.265625,49457272032,0.5741425944741474,123344.0625,-5.032150919303469,False,bull
2025-09-19,115688.859375,117479.7578125,115141.8203125,117137.671875,38828473971,-1.2364506846338497,123344.0625,-6.206381539443784,False,bull
2025-09-20,115721.9609375,116191.1484375,115473.5234375,115691.125,22864449614,0.028612575730124767,123344.0625,-6.179544769331724,False,bull
2025-09-21,115306.09375,115901.0859375,115252.578125,115730.2265625,22495852193,-0.3593675600818802,123344.0625,-6.516705050151883,False,bull
2025-09-22,112748.5078125,115431.3125,112037.6484375,115309.21875,70684158591,-2.218083931492132,123344.0625,-8.590242994063857,False,bull
2025-09-23,112014.5,113351.9140625,111535.5703125,112757.4765625,47211853279,-0.651013327573835,123344.0625,-9.18533269487536,False,bull
2025-09-24,113328.6328125,113986.2734375,111229.640625,112007.6640625,48044595085,1.1731809832655538,123344.0625,-8.119912288035758,False,bull
2025-09-25,109049.2890625,113541.0859375,108713.3984375,113330.1640625,75528654284,-3.776048156409062,123344.0625,-11.589348646190412,False,bull
2025-09-26,109712.828125,110359.1953125,108728.9765625,109041.296875,57738288949,0.608476284627324,123344.0625,-11.051390799617945,False,bull
2025-09-27,109681.9453125,109778.5,109144.296875,109707.140625,26308042910,-0.028148770775293652,123344.0625,-11.076428739729572,False,bull
2025-09-28,112122.640625,112375.484375,109236.9453125,109681.9453125,33371048505,2.225248016477188,123344.0625,-9.097658734079717,False,bull
2025-09-29,114400.3828125,114473.5703125,111589.953125,112117.875,60000147466,2.031473906432546,123344.0625,-7.251001390926293,False,bull
2025-09-30,114056.0859375,114836.6171875,112740.5625,114396.5234375,58986330258,-0.3009577997342028,123344.0625,-7.530136736415671,False,bull
2025-10-01,118648.9296875,118648.9296875,113981.3984375,114057.59375,71328680132,4.026829179914837,123344.0625,-3.806533299890291,False,bull
2025-10-02,120681.2578125,121086.40625,118383.15625,118652.3828125,71415163912,1.7128920845327356,123344.0625,-2.1588430229464883,False,bull
2025-10-03,122266.53125,123944.703125,119344.3125,120656.984375,83941392228,1.3136036748664148,123344.0625,-0.8735979893641055,False,bull
2025-10-04,122425.4296875,122857.640625,121577.5703125,122267.46875,36769171735,0.1299606980548873,123344.0625,-0.744772625354384,False,bull
2025-10-05,123513.4765625,125559.2109375,122191.9609375,122419.671875,73689317763,0.8887425412982486,123513.4765625,0.0,False,bull
2025-10-06,124752.53125,126198.0703125,123196.046875,123510.453125,72568881188,1.0031736794915869,124752.53125,0.0,False,bull
2025-10-07,121451.3828125,125184.0234375,120681.96875,124752.140625,76149412513,-2.6461574802715715,124752.53125,-2.6461574802715715,False,bull
2025-10-08,123354.8671875,124167.09375,121119.1796875,121448.3515625,65354305286,1.567280940669602,124752.53125,-1.1203492614503596,False,bull
2025-10-09,121705.5859375,123739.34375,119812.03125,123337.0703125,74653009425,-1.3370216251727518,124752.53125,-2.4423915747200486,False,bull
2025-10-10,113214.3671875,122509.6640625,104582.4140625,121704.7421875,153125018868,-6.976852117831744,124752.53125,-9.248841644245198,False,bull
2025-10-11,110807.8828125,113429.7265625,109760.5625,113236.4296875,110236934340,-2.125599811033263,124752.53125,-11.177848094765608,False,bull
2025-10-12,115169.765625,115805.0625,109715.5390625,110811.515625,93710414091,3.9364372838716077,124752.53125,-7.681419790830901,False,bull
2025-10-13,115271.078125,116020.484375,113821.1875,115161.6796875,71582026739,0.0879679657679322,124752.53125,-7.600209013795056,False,bull
2025-10-14,113118.6640625,115502.8828125,110029.484375,115264.8828125,92212917403,-1.8672628880645359,124752.53125,-9.325556019529667,False,bull
2025-10-15,110783.1640625,113622.3828125,110235.8359375,113113.96875,72574132855,-2.064646024028005,124752.53125,-11.197662321981937,False,bull
2025-10-16,108186.0390625,111990.8125,107537.03125,110782.171875,87306423067,-2.3443318504017374,124752.53125,-13.279483808069026,False,bull
2025-10-17,106467.7890625,109235.8046875,103598.4296875,108179.1328125,99703051669,-1.588236351834038,124752.53125,-14.656810570727396,False,bull
2025-10-18,107198.265625,107490.984375,106387.453125,106483.734375,37779905278,0.6861009972426446,124752.53125,-14.071270096974487,False,bull
2025-10-19,108666.7109375,109488.9921875,106157.7890625,107204.3125,47657008953,1.3698405510000455,124752.53125,-12.894183509803536,False,bull
2025-10-20,110588.9296875,111711.03125,107485.015625,108667.4453125,63507793085,1.768912239467313,124752.53125,-11.353358060620511,False,bull
2025-10-21,108476.890625,113996.34375,107534.75,110587.6328125,101194375480,-1.9098105646452646,124752.53125,-13.046340993582039,False,bull
2025-10-22,107688.5859375,109115.1328125,106778.0,108491.53125,80807013218,-0.7267028792566799,124752.53125,-13.678235737200728,False,bull
2025-10-23,110069.7265625,111288.59375,107548.4296875,107679.4375,54944076060,2.2111355667553845,124752.53125,-11.76954450573523,False,bull
2025-10-24,111033.921875,111842.53125,109770.1484375,110069.3515625,48160816980,0.8759859251149305,124752.53125,-10.996658133940674,False,bull
2025-10-25,111641.7265625,111947.703125,110704.40625,111032.6171875,24707667305,0.5474045023684315,124752.53125,-10.509449833307494,False,bull
2025-10-26,114472.4453125,115260.90625,111268.484375,111639.0546875,41708524143,2.535538312743024,124752.53125,-8.240382647546484,False,bull
2025-10-27,114119.328125,116273.3125,113882.2890625,114479.8515625,61761358733,-0.30847352525406047,124752.53125,-8.52343677395323,False,bull
2025-10-28,112956.1640625,116078.984375,112291.6796875,114129.0859375,64528066504,-1.019252462848308,124752.53125,-9.455813897563702,False,bull
2025-10-29,110055.3046875,113642.7265625,109368.71875,112921.328125,62192043469,-2.5681284408657135,124752.53125,-11.781104892410754,False,bull
2025-10-30,108305.546875,111612.3515625,106376.6875,110059.1953125,69673964814,-1.5898895718551742,124752.53125,-13.18368790613217,False,bull
2025-10-31,109556.1640625,111031.8203125,108288.2734375,108304.4140625,60090359560,1.1547120379193476,124752.53125,-12.18120949950665,False,bull
2025-11-01,110064.015625,110574.8984375,109372.953125,109558.625,25871668762,0.4635536182247879,124752.53125,-11.774122318660362,False,bull
2025-11-02,110639.625,111167.3125,109523.453125,110064.4296875,34284209459,0.5229768982454308,124752.53125,-11.312721360112688,False,bull
2025-11-03,106547.5234375,110764.9140625,105336.359375,110646.90625,72852006359,-3.698585893164408,124752.53125,-14.592896536918964,False,bull
2025-11-04,101590.5234375,107264.8828125,98962.0625,106541.421875,110967184773,-4.652384063068105,124752.53125,-18.56636300716343,False,bull
2025-11-05,103891.8359375,104534.703125,98989.9140625,101579.234375,77584934804,2.265282648549194,124752.53125,-16.721660958282158,False,bull
2025-11-06,101301.2890625,104147.3046875,100336.8671875,103893.6640625,63932752861,-2.493503798083263,124752.53125,-18.79820950526806,False,bull
2025-11-07,103372.40625,104052.9140625,99257.0546875,101286.2421875,92168030081,2.0445121741957006,124752.53125,-17.13802901293836,False,bull
2025-11-08,102282.1171875,103373.5625,101458.0390625,103371.703125,51446691095,-1.0547196317199026,124752.53125,-18.011990488168948,False,bull
2025-11-09,104719.640625,105418.3671875,101468.875,102278.984375,59679243013,2.383137448193029,124752.53125,-16.05810353046444,False,bull
2025-11-10,105996.59375,106564.6953125,104350.6484375,104723.7734375,69585887229,1.2194017448672767,124752.53125,-15.034514580240232,False,bull
2025-11-11,102997.46875,107428.2578125,102457.328125,105996.859375,71130078574,-2.829454130454079,124752.53125,-17.438574016909982,False,bull
2025-11-12,101663.1875,105297.234375,100836.6171875,103011.4375,64347179408,-1.2954505253314763,124752.53125,-18.508116443529076,False,bull
2025-11-13,99697.4921875,104005.4921875,97988.71875,101674.1484375,101546815416,-1.933536967351135,124752.53125,-20.08379213748418,True,bear
2025-11-14,94397.7890625,99804.4296875,94000.734375,99694.703125,114346441890,-5.315783786249007,124752.53125,-24.331964957624862,True,bear
2025-11-15,95549.1484375,96728.46875,94420.46875,94420.46875,38500716654,1.2196889211437911,124752.53125,-23.40905031736581,True,bear
2025-11-16,94177.078125,96564.1875,92971.1640625,95556.8671875,71086235862,-1.435983820826503,124752.53125,-24.508883963025795,True,bear
2025-11-17,92093.875,95928.3671875,91214.7578125,94180.875,94186165724,-2.212006537551514,124752.53125,-26.178752385034276,True,bear
2025-11-18,92948.875,93745.078125,89300.4609375,92094.53125,101333569062,0.9284005043766586,124752.53125,-25.493395549839793,True,bear
2025-11-19,91465.9921875,92946.1640625,88526.828125,92946.1640625,80350354656,-1.5953746750565823,124752.53125,-26.682055048482233,True,bear
2025-11-20,86631.8984375,93025.0703125,86040.796875,91459.3515625,97970645638,-5.28512689185111,124752.53125,-30.55700147366749,True,bear
2025-11-21,85090.6875,87380.8046875,80659.8125,86528.7734375,129157506112,-1.7790340109098413,124752.53125,-31.792416035646575,True,bear
2025-11-22,84648.359375,85503.0078125,83490.8984375,85098.5625,40793099246,-0.5198314151592665,124752.53125,-32.14698048461442,True,bear
2025-11-23,86805.0078125,88038.46875,84641.7734375,84648.609375,58083435576,2.5477734635657168,124752.53125,-30.41823925917335,True,bear
2025-11-24,88270.5625,89206.3359375,85272.1953125,86798.7734375,74433896110,1.688329653360121,124752.53125,-29.24346975925589,True,bear
2025-11-25,87341.890625,88457.3359375,86131.4296875,88269.9609375,64837343545,-1.0520742688141405,124752.53125,-29.987881007424445,True,bear
2025-11-26,90518.3671875,90581.15625,86316.8984375,87345.5859375,66496301869,3.636830551491177,124752.53125,-27.441658874156104,True,bear
2025-11-27,91285.375,91897.578125,90089.515625,90517.765625,57040622845,0.8473504729832548,124752.53125,-26.826835427437466,True,bear
2025-11-28,90919.265625,92969.0859375,90257.1171875,91285.3828125,60895830289,-0.40106027389381627,124752.53125,-27.120303921688958,True,bear
2025-11-29,90851.7578125,91187.6171875,90260.1875,90918.7421875,37921773455,-0.07425028351905061,124752.53125,-27.17441730265493,True,bear
2025-11-30,90394.3125,91965.046875,90394.3125,90838.2109375,38497902869,-0.5035073877646679,124752.53125,-27.541099491718736,True,bear
2025-12-01,86321.5703125,90398.15625,83862.25,90389.109375,87962894424,-4.505529247207896,124752.53125,-30.805756446324605,True,bear
2025-12-02,91350.203125,92316.6328125,86202.1953125,86322.5390625,78546798211,5.825464938016567,124752.53125,-26.774870048979473,True,bear
2025-12-03,93527.8046875,94060.7734375,91056.390625,91345.09375,77650204986,2.3837949867722363,124752.53125,-25.029333072149583,True,bear
2025-12-04,92141.625,94038.2421875,90976.1015625,93454.2578125,64538402681,-1.482104377550164,124752.53125,-26.14047660856581,True,bear
2025-12-05,89387.7578125,92702.640625,88152.140625,92133.6484375,63256398633,-2.9887330373216225,124752.53125,-28.347940585373898,True,bear
2025-12-06,89272.375,90267.4609375,88951.6640625,89389.359375,37994042405,-0.12908122468182626,124752.53125,-28.44042994117605,True,bear
2025-12-07,90405.640625,91740.84375,87799.5625,89277.8125,47394898960,1.2694471554050235,124752.53125,-27.532019014644238,True,bear
2025-12-08,90640.203125,92267.1171875,89644.890625,90424.5859375,57394099056,0.25945560296725123,124752.53125,-27.343996777620493,True,bear
2025-12-09,92691.7109375,94601.5703125,89586.9765625,90639.703125,66861721440,2.2633530616329445,124752.53125,-25.69953490422664,True,bear
2025-12-10,92020.9453125,94477.15625,91640.1328125,92695.234375,65420694513,-0.7236522211271801,124752.53125,-26.237211870200028,True,bear
2025-12-11,92511.3359375,93554.265625,89335.296875,92011.3046875,64532834621,0.5329119618741718,124752.53125,-25.844121148844422,True,bear
2025-12-12,90270.4140625,92747.9296875,89532.6015625,92513.6640625,80275884583,-2.422321386120674,124752.53125,-27.640414861321705,True,bear
2025-12-13,90298.7109375,90647.5703125,89800.9921875,90257.796875,64237748110,0.03134678764229459,124752.53125,-27.617732455829426,True,bear
2025-12-14,88175.1796875,90498.109375,87634.9375,90296.4375,50465972205,-2.3516739363752315,124752.53125,-29.319927376223077,True,bear
2025-12-15,86419.78125,89983.921875,85304.078125,88171.078125,45559514323,-1.9908078936967,124752.53125,-30.72703184128779,True,bear
2025-12-16,87843.984375,88170.09375,85381.6875,86424.40625,41262178223,1.6480059361409172,124752.53125,-29.5854092138912,True,bear
2025-12-17,86143.7578125,90264.5703125,85316.265625,87847.6171875,44243392914,-1.935507109105894,124752.53125,-30.948288624404164,True,bear
2025-12-18,85462.5078125,89412.6640625,84436.3125,86144.3671875,52667115348,-0.7908292107279613,124752.53125,-31.49436972846994,True,bear
2025-12-19,88103.3828125,89339.1171875,85107.6640625,85476.1328125,46733310561,3.090097713717843,124752.53125,-29.37747881368139,True,bear
2025-12-20,88344.0,88497.203125,87924.875,88101.671875,14688196659,0.2731077738661547,124752.53125,-29.184603218221273,True,bear
2025-12-21,88621.75,89027.953125,87613.203125,88344.703125,19845522660,0.3143959974644561,124752.53125,-28.96196244515079,True,bear
2025-12-22,88490.015625,90501.9296875,87908.0703125,88621.3984375,38047472118,-0.14864790528285043,124752.53125,-29.06755899993011,True,bear
2025-12-23,87414.0,88898.3828125,86606.9765625,88490.03125,43683011533,-1.215974047919599,124752.53125,-29.930079074046844,True,bear
2025-12-24,87611.9609375,87956.8828125,86411.796875,87404.3203125,25550297986,0.22646365284737513,124752.53125,-29.771396171570665,True,bear
2025-12-25,87234.7421875,88501.7890625,86949.2578125,87608.3203125,19953216347,-0.43055622310417263,124752.53125,-30.073769795753147,True,bear
2025-12-26,87301.4296875,89459.4296875,86628.140625,87235.5078125,42455674908,0.07644603322913834,124752.53125,-30.02031396657533,True,bear
2025-12-27,87802.15625,87874.78125,87182.9765625,87301.4296875,13741199310,0.5735605525503784,124752.53125,-29.618938092688996,True,bear
2025-12-28,87835.8359375,87986.890625,87394.953125,87799.34375,15156557929,0.038358610925337544,124752.53125,-29.591940894986845,True,bear
2025-12-29,87138.140625,90299.15625,86717.9140625,87835.7890625,48411625849,-0.7943173820266769,124752.53125,-30.151204346805592,True,bear
2025-12-30,88430.1328125,89297.9375,86735.546875,87134.3515625,35586356225,1.4826942349620564,124752.53125,-29.115560280465246,True,bear
2025-12-31,87508.828125,89080.2890625,87130.5625,88429.5859375,33830210616,-1.041844740246467,124752.53125,-29.854066087336406,True,bear
2026-01-01,88731.984375,88803.2265625,87399.40625,87508.046875,18849043990,1.3977518339667538,124752.53125,-28.87360000961904,True,bear
2026-01-02,89944.6953125,90884.4609375,88298.6171875,88733.0625,46398906171,1.3667122921255048,124752.53125,-27.901506758004157,True,bear
2026-01-03,90603.1875,90679.5703125,89328.0703125,89945.0546875,20774828592,0.7321078638514056,124752.53125,-27.37366801926113,True,bear
2026-01-04,91413.4921875,91712.5859375,90595.1015625,90603.0,26770491368,0.8943445698309516,124752.53125,-26.724138362924,True,bear
2026-01-05,93882.5546875,94762.0703125,91414.625,91414.625,53376407252,2.7009825802690735,124752.53125,-24.744970104564512,True,bear
2026-01-06,93729.03125,94395.296875,91286.546875,93876.9453125,52430605257,-0.16352711961346023,124752.53125,-24.86803248731676,True,bear
2026-01-07,91308.0546875,93738.7890625,90601.8046875,93727.46875,43461295053,-2.5829527204251357,124752.53125,-26.80865568609454,True,bear
2026-01-08,91027.125,91485.8515625,89233.875,91309.640625,42386697030,-0.3076724046541912,124752.53125,-27.033845255143873,True,bear
2026-01-09,90513.1015625,91910.671875,89625.3828125,91026.2734375,38305906684,-0.5646925984974294,124752.53125,-27.44587973039625,True,bear
2026-01-10,90386.6484375,90713.03125,90283.3984375,90510.1015625,12385895282,-0.1397069847536736,124752.53125,-27.54724290413947,True,bear
2026-01-11,90827.4609375,91155.2265625,90212.0234375,90385.359375,17165568977,0.48769647688045037,124752.53125,-27.193893360380216,True,bear
2026-01-12,91192.9921875,92395.5234375,90055.0234375,90825.859375,41346275358,0.4024457429802286,124752.53125,-26.900888283579416,True,bear
2026-01-13,95321.78125,96011.625,90941.9296875,91185.3359375,54980674354,4.527528885126264,124752.53125,-23.59130488584775,True,bear
2026-01-14,96929.328125,97860.6015625,94583.046875,95322.90625,60592490863,1.6864423365986925,124752.53125,-22.302716302600068,True,bear
2026-01-15,95551.1875,97150.171875,95103.2421875,96931.2890625,53086363027,-1.421799419905967,124752.53125,-23.407415831492393,True,bear
2026-01-16,95525.1171875,95801.890625,94259.2734375,95554.1015625,33248170537,-0.027284132392391136,124752.53125,-23.428313453559678,True,bear
2026-01-17,95099.921875,95598.4765625,95005.6171875,95525.15625,16021715122,-0.4451136256293897,124752.53125,-23.769144463752113,True,bear
2026-01-18,93634.4296875,95491.5078125,93588.8671875,95101.1796875,20809781232,-1.541002514624834,124752.53125,-24.943863864485717,True,bear
2026-01-19,92553.59375,93660.828125,92089.25,93655.671875,39195241508,-1.1543146480490485,124752.53125,-25.810247838157597,True,bear
2026-01-20,88310.90625,92798.4296875,87814.9296875,92553.6015625,53072968031,-4.584033237499218,124752.53125,-29.211130736074743,True,bear
2026-01-21,89376.9609375,90430.40625,87231.5703125,88326.5078125,56330422434,1.2071608510981546,124752.53125,-28.356595219385582,True,bear
2026-01-22,89462.453125,90258.9609375,88438.4453125,89378.5234375,35549685694,0.0956534957143873,124752.53125,-28.288065798264117,True,bear
2026-01-23,89503.875,91100.25,88486.359375,89462.046875,38997586037,0.04630084862766726,124752.53125,-28.2548625641614,True,bear
2026-01-24,89110.734375,89811.609375,89044.2890625,89506.1484375,14558687712,-0.439244250598092,124752.53125,-28.56999895543202,True,bear
2026-01-25,86572.21875,89193.1484375,86003.7109375,89104.765625,36124986722,-2.8487203509257375,124752.53125,-30.60483993185509,True,bear
2026-01-26,88267.140625,88743.0703125,86429.2890625,86566.5234375,45329286974,1.9578126787931138,124752.53125,-29.246212689572182,True,bear
2026-01-27,89102.5703125,89427.125,87228.921875,88257.4765625,38744942267,0.9464787027023913,124752.53125,-28.57654316132363,True,bear
2026-01-28,89184.5703125,90439.2890625,88721.4609375,89104.046875,39807419296,0.09202877056453396,124752.53125,-28.5108130321003,True,bear
2026-01-29,84561.5859375,89200.78125,83250.6015625,89169.8515625,64653083162,-5.183614563372574,124752.53125,-32.21653693900499,True,bear
2026-01-30,84128.65625,84602.1640625,81071.4765625,84562.7265625,72083816087,-0.5119696877728619,124752.53125,-32.5635677232,True,bear
2026-01-31,78621.1171875,84136.921875,75815.8828125,84126.5,70479259159,-6.546567255435032,124752.53125,-36.97833911686662,True,bear
2026-02-01,76974.4453125,79322.609375,75698.8984375,78626.125,53372509744,-2.094439679701987,124752.53125,-38.298289789210195,True,bear
2026-02-02,78688.765625,79258.609375,74551.3359375,76968.875,75140589684,2.2271291537603544,124752.53125,-36.92411301273697,True,bear
2026-02-03,75633.546875,79118.8515625,72897.140625,78693.5078125,68249110822,-3.882661934945053,124752.53125,-39.373136466920386,True,bear
2026-02-04,73019.703125,76864.65625,71779.9296875,75640.09375,67215363944,-3.455931736640505,124752.53125,-41.46835948468981,True,bear
2026-02-05,62702.09765625,73161.5546875,62353.53515625,73016.375,125509410908,-14.129892381358545,124752.53125,-49.7388172985468,True,bear
2026-02-06,70555.390625,71681.3046875,60074.203125,62704.453125,114674259489,12.524769126232261,124752.53125,-43.443720205076,True,bear
2026-02-07,69281.96875,71611.1484375,67364.4453125,70553.796875,62347107663,-1.8048541205989532,124752.53125,-44.46447855141216,True,bear
2026-02-08,70264.7265625,72206.90625,68852.8984375,69283.7265625,39721722619,1.4184900201757111,124752.53125,-43.6767127220114,True,bear
2026-02-09,70120.78125,71369.96875,68291.03125,70243.328125,52081598792,-0.20486141417196402,124752.53125,-43.79209740483723,True,bear
2026-02-10,68793.9609375,70464.265625,67913.09375,70137.390625,40593063077,-1.8921927121284043,124752.53125,-44.85565924138313,True,bear
2026-02-11,66991.96875,69242.6796875,65757.3046875,68791.859375,49671946030,-2.619404614799148,124752.53125,-46.30011264801491,True,bear
2026-02-12,66221.84375,68339.4921875,65092.109375,66992.1953125,44651071271,-1.1495780977477277,124752.53125,-46.917434791528535,True,bear
2026-02-13,68857.84375,69382.8359375,65835.78125,66213.375,40820775886,3.9805596623848194,124752.53125,-44.804451613081,True,bear
2026-02-14,69767.625,70481.1640625,68706.6171875,68856.984375,36012397645,1.3212456278809848,124752.53125,-44.0751828432339,True,bear
2026-02-15,68788.1875,70939.2890625,68052.546875,69764.953125,40191152750,-1.4038567315427408,124752.53125,-44.86028715349213,True,bear
2026-02-16,68843.15625,70067.234375,67301.5859375,68782.3984375,33618145426,0.0799101589935125,124752.53125,-44.81622492128792,True,bear
2026-02-17,67494.21875,69201.8671875,66615.28125,68843.09375,34866936040,-1.9594358734823403,124752.53125,-45.89751560652201,True,bear
2026-02-18,66425.3203125,68434.4296875,65845.8984375,67488.0234375,33094301643,-1.5836888807606253,124752.53125,-46.754330636076766,True,bear
2026-02-19,66957.5234375,67277.125,65637.4296875,66425.625,31492987019,0.8012052068341324,124752.53125,-46.327723560719335,True,bear
2026-02-20,68005.421875,68269.03125,66452.484375,66958.578125,47507867304,1.5650197075734784,124752.53125,-45.48774185694128,True,bear
2026-02-21,68003.765625,68657.703125,67533.0703125,68000.25,18357635642,-0.002435467576455963,124752.53125,-45.48906948531355,True,bear
2026-02-22,67659.390625,68235.2265625,67185.6015625,67998.828125,17893536012,-0.5064057803784272,124752.53125,-45.76511598837799,True,bear
2026-02-23,64616.73828125,67668.4296875,63924.4375,67668.4296875,50953457309,-4.497014110892317,124752.53125,-48.204066375406704,True,bear
2026-02-24,63018.984375,64949.078125,62709.8203125,64631.9765625,45182328832,-2.4726625774511235,124752.53125,-49.48480504278345,True,bear
