日付,jpy,btc,ltc,xrp,eth,mona,bcc,xlm,qtum,bat,omg,xym,link,mkr,boba,enj,dot,doge,astr,ada,avax,axs,flr,sand,gala,chz,ape,oas,mana,grt,rndr,render,bnb,dai,op,arb,klay,imx,mask,pol,matic,sol,cyber,trx,lpt,atom,sui,sky
2025-12-31,166.7879,0.01030000,221.64430000,8.983700,0.00000000,0.00000000,0.00000000,0.0000000,0.00000000,0.00000000,0.00000000,0.000000,0.00000000,0.00000000,0.00000000,0.00000000,0.00000000,0.00000000,0.00000000,0.000000,0.00000000,0.00000000,0.00000000,0.00000000,0.00000000,0.00000000,0.00000000,0.00000000,0.00000000,0.00000000,0.00000000,0.00000000,0.00000000,0.00000000,0.00000000,0.00000000,0.00000000,0.00000000,0.00000000,0.00000000,0.00000000,0.00000000,0.00000000,0.000000,0.00000000,0.000000,0.00000000,0.00000000
2025-12-30,166.7879,0.01030000,221.64430000,8.983700,0.00000000,0.00000000,0.00000000,0.0000000,0.00000000,0.00000000,0.00000000,0.000000,0.00000000,0.00000000,0.00000000,0.00000000,0.00000000,0.00000000,0.00000000,0.000000,0.00000000,0.00000000,0.00000000,0.00000000,0.00000000,0.00000000,0.00000000,0.00000000,0.00000000,0.00000000,0.00000000,0.00000000,0.00000000,0.00000000,0.00000000,0.00000000,0.00000000,0.00000000,0.00000000,0.00000000,0.00000000,0.00000000,0.00000000,0.000000,0.00000000,0.000000,0.00000000,0.00000000
2025-12-29,166.7879,0.01030000,221.64430000,8.983700,0.00000000,0.00000000,0.00000000,0.0000000,0.00000000,0.00000000,0.00000000,0.000000,0.00000000,0.00000000,0.00000000,0.00000000,0.00000000,0.00000000,0.00000000,0.000000,0.00000000,0.00000000,0.00000000,0.00000000,0.00000000,0.00000000,0.00000000,0.00000000,0.00000000,0.00000000,0.00000000,0.00000000,0.00000000,0.00000000,0.00000000,0.00000000,0.00000000,0.00000000,0.00000000,0.00000000,0.00000000,0.00000000,0.00000000,0.000000,0.00000000,0.000000,0.00000000,0.00000000
2025-12-28,166.7879,0.01030000,221.64430000,8.983700,0.00000000,0.00000000,0.00000000,0.0000000,0.00000000,0.00000000,0.00000000,0.000000,0.00000000,0.00000000,0.00000000,0.00000000,0.00000000,0.00000000,0.00000000,0.000000,0.00000000,0.00000000,0.00000000,0.00000000,0.00000000,0.00000000,0.00000000,0.00000000,0.00000000,0.00000000,0.00000000,0.00000000,0.00000000,0.00000000,0.00000000,0.00000000,0.00000000,0.00000000,0.00000000,0.00000000,0.00000000,0.00000000,0.00000000,0.000000,0.00000000,0.000000,0.00000000,0.00000000
2025-12-27,166.7879,0.01030000,221.64430000,8.983700,0.00000000,0.00000000,0.00000000,0.0000000,0.00000000,0.00000000,0.00000000,0.000000,0.00000000,0.00000000,0.00000000,0.00000000,0.00000000,0.00000000,0.00000000,0.000000,0.00000000,0.00000000,0.00000000,0.00000000,0.00000000,0.00000000,0.00000000,0.00000000,0.00000000,0.00000000,0.00000000,0.00000000,0.00000000,0.00000000,0.00000000,0.00000000,0.00000000,0.00000000,0.00000000,0.00000000,0.00000000,0.00000000,0.00000000,0.000000,0.00000000,0.000000,0.00000000,0.00000000
2025-12-26,166.7879,0.01030000,221.64430000,8.983700,0.00000000,0.00000000,0.00000000,0.0000000,0.00000000,0.00000000,0.00000000,0.000000,0.00000000,0.00000000,0.00000000,0.00000000,0.00000000,0.00000000,0.00000000,0.000000,0.00000000,0.00000000,0.00000000,0.00000000,0.00000000,0.00000000,0.00000000,0.00000000,0.00000000,0.00000000,0.00000000,0.00000000,0.00000000,0.00000000,0.00000000,0.00000000,0.00000000,0.00000000,0.00000000,0.00000000,0.00000000,0.00000000,0.00000000,0.000000,0.00000000,0.000000,0.00000000,0.00000000
2025-12-25,166.7879,0.01030000,221.64430000,8.983700,0.00000000,0.00000000,0.00000000,0.0000000,0.00000000,0.00000000,0.00000000,0.000000,0.00000000,0.00000000,0.00000000,0.00000000,0.00000000,0.00000000,0.00000000,0.000000,0.00000000,0.00000000,0.00000000,0.00000000,0.00000000,0.00000000,0.00000000,0.00000000,0.00000000,0.00000000,0.00000000,0.00000000,0.00000000,0.00000000,0.00000000,0.00000000,0.00000000,0.00000000,0.00000000,0.00000000,0.00000000,0.00000000,0.00000000,0.000000,0.00000000,0.000000,0.00000000,0.00000000
2025-12-24,166.7879,0.01030000,221.64430000,8.983700,0.00000000,0.00000000,0.00000000,0.0000000,0.00000000,0.00000000,0.00000000,0.000000,0.00000000,0.00000000,0.00000000,0.00000000,0.00000000,0.00000000,0.00000000,0.000000,0.00000000,0.00000000,0.00000000,0.00000000,0.00000000,0.00000000,0.00000000,0.00000000,0.00000000,0.00000000,0.00000000,0.00000000,0.00000000,0.00000000,0.00000000,0.00000000,0.00000000,0.00000000,0.00000000,0.00000000,0.00000000,0.00000000,0.00000000,0.000000,0.00000000,0.000000,0.00000000,0.00000000
2025-12-23,166.7879,0.01030000,221.64430000,8.983700,0.00000000,0.00000000,0.00000000,0.0000000,0.00000000,0.00000000,0.00000000,0.000000,0.00000000,0.00000000,0.00000000,0.00000000,0.00000000,0.00000000,0.00000000,0.000000,0.00000000,0.00000000,0.00000000,0.00000000,0.00000000,0.00000000,0.00000000,0.00000000,0.00000000,0.00000000,0.00000000,0.00000000,0.00000000,0.00000000,0.00000000,0.00000000,0.00000000,0.00000000,0.00000000,0.00000000,0.00000000,0.00000000,0.00000000,0.000000,0.00000000,0.000000,0.00000000,0.00000000
2025-12-22,166.7879,0.01030000,221.64430000,8.983700,0.00000000,0.00000000,0.00000000,0.0000000,0.00000000,0.00000000,0.00000000,0.000000,0.00000000,0.00000000,0.00000000,0.00000000,0.00000000,0.00000000,0.00000000,0.000000,0.00000000,0.00000000,0.00000000,0.00000000,0.00000000,0.00000000,0.00000000,0.00000000,0.00000000,0.00000000,0.00000000,0.00000000,0.00000000,0.00000000,0.00000000,0.00000000,0.00000000,0.00000000,0.00000000,0.00000000,0.00000000,0.00000000,0.00000000,0.000000,0.00000000,0.000000,0.00000000,0.00000000
2025-12-21,166.7879,0.01030000,221.64430000,8.983700,0.00000000,0.00000000,0.00000000,0.0000000,0.00000000,0.00000000,0.00000000,0.000000,0.00000000,0.00000000,0.00000000,0.00000000,0.00000000,0.00000000,0.00000000,0.000000,0.00000000,0.00000000,0.00000000,0.00000000,0.00000000,0.00000000,0.00000000,0.00000000,0.00000000,0.00000000,0.00000000,0.00000000,0.00000000,0.00000000,0.00000000,0.00000000,0.00000000,0.00000000,0.00000000,0.00000000,0.00000000,0.00000000,0.00000000,0.000000,0.00000000,0.000000,0.00000000,0.00000000
2025-12-20,166.7879,0.01030000,221.64430000,8.983700,0.00000000,0.00000000,0.00000000,0.0000000,0.00000000,0.00000000,0.00000000,0.000000,0.00000000,0.00000000,0.00000000,0.00000000,0.00000000,0.00000000,0.00000000,0.000000,0.00000000,0.00000000,0.00000000,0.00000000,0.00000000,0.00000000,0.00000000,0.00000000,0.00000000,0.00000000,0.00000000,0.00000000,0.00000000,0.00000000,0.00000000,0.00000000,0.00000000,0.00000000,0.00000000,0.00000000,0.00000000,0.00000000,0.00000000,0.000000,0.00000000,0.000000,0.00000000,0.00000000
2025-12-19,166.7879,0.01030000,221.64430000,8.983700,0.00000000,0.00000000,0.00000000,0.0000000,0.00000000,0.00000000,0.00000000,0.000000,0.00000000,0.00000000,0.00000000,0.00000000,0.00000000,0.00000000,0.00000000,0.000000,0.00000000,0.00000000,0.00000000,0.00000000,0.00000000,0.00000000,0.00000000,0.00000000,0.00000000,0.00000000,0.00000000,0.00000000,0.00000000,0.00000000,0.00000000,0.00000000,0.00000000,0.00000000,0.00000000,0.00000000,0.00000000,0.00000000,0.00000000,0.000000,0.00000000,0.000000,0.00000000,0.00000000
2025-12-18,166.7879,0.01030000,221.64430000,8.983700,0.00000000,0.00000000,0.00000000,0.0000000,0.00000000,0.00000000,0.00000000,0.000000,0.00000000,0.00000000,0.00000000,0.00000000,0.00000000,0.00000000,0.00000000,0.000000,0.00000000,0.00000000,0.00000000,0.00000000,0.00000000,0.00000000,0.00000000,0.00000000,0.00000000,0.00000000,0.00000000,0.00000000,0.00000000,0.00000000,0.00000000,0.00000000,0.00000000,0.00000000,0.00000000,0.00000000,0.00000000,0.00000000,0.00000000,0.000000,0.00000000,0.000000,0.00000000,0.00000000
2025-12-17,166.7879,0.01030000,221.64430000,8.983700,0.00000000,0.00000000,0.00000000,0.0000000,0.00000000,0.00000000,0.00000000,0.000000,0.00000000,0.00000000,0.00000000,0.00000000,0.00000000,0.00000000,0.00000000,0.000000,0.00000000,0.00000000,0.00000000,0.00000000,0.00000000,0.00000000,0.00000000,0.00000000,0.00000000,0.00000000,0.00000000,0.00000000,0.00000000,0.00000000,0.00000000,0.00000000,0.00000000,0.00000000,0.00000000,0.00000000,0.00000000,0.00000000,0.00000000,0.000000,0.00000000,0.000000,0.00000000,0.00000000
2025-12-16,166.7879,0.01030000,221.64430000,8.983700,0.00000000,0.00000000,0.00000000,0.0000000,0.00000000,0.00000000,0.00000000,0.000000,0.00000000,0.00000000,0.00000000,0.00000000,0.00000000,0.00000000,0.00000000,0.000000,0.00000000,0.00000000,0.00000000,0.00000000,0.00000000,0.00000000,0.00000000,0.00000000,0.00000000,0.00000000,0.00000000,0.00000000,0.00000000,0.00000000,0.00000000,0.00000000,0.00000000,0.00000000,0.00000000,0.00000000,0.00000000,0.00000000,0.00000000,0.000000,0.00000000,0.000000,0.00000000,0.00000000
2025-12-15,166.7879,0.01030000,221.64430000,8.983700,0.00000000,0.00000000,0.00000000,0.0000000,0.00000000,0.00000000,0.00000000,0.000000,0.00000000,0.00000000,0.00000000,0.00000000,0.00000000,0.00000000,0.00000000,0.000000,0.00000000,0.00000000,0.00000000,0.00000000,0.00000000,0.00000000,0.00000000,0.00000000,0.00000000,0.00000000,0.00000000,0.00000000,0.00000000,0.00000000,0.00000000,0.00000000,0.00000000,0.00000000,0.00000000,0.00000000,0.00000000,0.00000000,0.00000000,0.000000,0.00000000,0.000000,0.00000000,0.00000000
2025-12-14,166.7879,0.01030000,221.64430000,8.983700,0.00000000,0.00000000,0.00000000,0.0000000,0.00000000,0.00000000,0.00000000,0.000000,0.00000000,0.00000000,0.00000000,0.00000000,0.00000000,0.00000000,0.00000000,0.000000,0.00000000,0.00000000,0.00000000,0.00000000,0.00000000,0.00000000,0.00000000,0.00000000,0.00000000,0.00000000,0.00000000,0.00000000,0.00000000,0.00000000,0.00000000,0.00000000,0.00000000,0.00000000,0.00000000,0.00000000,0.00000000,0.00000000,0.00000000,0.000000,0.00000000,0.000000,0.00000000,0.00000000
2025-12-13,166.7879,0.01030000,221.64430000,8.983700,0.00000000,0.00000000,0.00000000,0.0000000,0.00000000,0.00000000,0.00000000,0.000000,0.00000000,0.00000000,0.00000000,0.00000000,0.00000000,0.00000000,0.00000000,0.000000,0.00000000,0.00000000,0.00000000,0.00000000,0.00000000,0.00000000,0.00000000,0.00000000,0.00000000,0.00000000,0.00000000,0.00000000,0.00000000,0.00000000,0.00000000,0.00000000,0.00000000,0.00000000,0.00000000,0.00000000,0.00000000,0.00000000,0.00000000,0.000000,0.00000000,0.000000,0.00000000,0.00000000
2025-12-12,166.7879,0.01030000,221.64430000,8.983700,0.00000000,0.00000000,0.00000000,0.0000000,0.00000000,0.00000000,0.00000000,0.000000,0.00000000,0.00000000,0.00000000,0.00000000,0.00000000,0.00000000,0.00000000,0.000000,0.00000000,0.00000000,0.00000000,0.00000000,0.00000000,0.00000000,0.00000000,0.00000000,0.00000000,0.00000000,0.00000000,0.00000000,0.00000000,0.00000000,0.00000000,0.00000000,0.00000000,0.00000000,0.00000000,0.00000000,0.00000000,0.00000000,0.00000000,0.000000,0.00000000,0.000000,0.00000000,0.00000000
2025-12-11,166.7879,0.01030000,221.64430000,8.983700,0.00000000,0.00000000,0.00000000,0.0000000,0.00000000,0.00000000,0.00000000,0.000000,0.00000000,0.00000000,0.00000000,0.00000000,0.00000000,0.00000000,0.00000000,0.000000,0.00000000,0.00000000,0.00000000,0.00000000,0.00000000,0.00000000,0.00000000,0.00000000,0.00000000,0.00000000,0.00000000,0.00000000,0.00000000,0.00000000,0.00000000,0.00000000,0.00000000,0.00000000,0.00000000,0.00000000,0.00000000,0.00000000,0.00000000,0.000000,0.00000000,0.000000,0.00000000,0.00000000
2025-12-10,166.7879,0.01030000,221.64430000,8.983700,0.00000000,0.00000000,0.00000000,0.0000000,0.00000000,0.00000000,0.00000000,0.000000,0.00000000,0.00000000,0.00000000,0.00000000,0.00000000,0.00000000,0.00000000,0.000000,0.00000000,0.00000000,0.00000000,0.00000000,0.00000000,0.00000000,0.00000000,0.00000000,0.00000000,0.00000000,0.00000000,0.00000000,0.00000000,0.00000000,0.00000000,0.00000000,0.00000000,0.00000000,0.00000000,0.00000000,0.00000000,0.00000000,0.00000000,0.000000,0.00000000,0.000000,0.00000000,0.00000000
2025-12-09,166.7879,0.01030000,221.64430000,8.983700,0.00000000,0.00000000,0.00000000,0.0000000,0.00000000,0.00000000,0.00000000,0.000000,0.00000000,0.00000000,0.00000000,0.00000000,0.00000000,0.00000000,0.00000000,0.000000,0.00000000,0.00000000,0.00000000,0.00000000,0.00000000,0.00000000,0.00000000,0.00000000,0.00000000,0.00000000,0.00000000,0.00000000,0.00000000,0.00000000,0.00000000,0.00000000,0.00000000,0.00000000,0.00000000,0.00000000,0.00000000,0.00000000,0.00000000,0.000000,0.00000000,0.000000,0.00000000,0.00000000
2025-12-08,166.7879,0.01030000,221.64430000,8.983700,0.00000000,0.00000000,0.00000000,0.0000000,0.00000000,0.00000000,0.00000000,0.000000,0.00000000,0.00000000,0.00000000,0.00000000,0.00000000,0.00000000,0.00000000,0.000000,0.00000000,0.00000000,0.00000000,0.00000000,0.00000000,0.00000000,0.00000000,0.00000000,0.00000000,0.00000000,0.00000000,0.00000000,0.00000000,0.00000000,0.00000000,0.00000000,0.00000000,0.00000000,0.00000000,0.00000000,0.00000000,0.00000000,0.00000000,0.000000,0.00000000,0.000000,0.00000000,0.00000000
2025-12-07,166.7879,0.01030000,221.64430000,8.983700,0.00000000,0.00000000,0.00000000,0.0000000,0.00000000,0.00000000,0.00000000,0.000000,0.00000000,0.00000000,0.00000000,0.00000000,0.00000000,0.00000000,0.00000000,0.000000,0.00000000,0.00000000,0.00000000,0.00000000,0.00000000,0.00000000,0.00000000,0.00000000,0.00000000,0.00000000,0.00000000,0.00000000,0.00000000,0.00000000,0.00000000,0.00000000,0.00000000,0.00000000,0.00000000,0.00000000,0.00000000,0.00000000,0.00000000,0.000000,0.00000000,0.000000,0.00000000,0.00000000
2025-12-06,166.7879,0.01030000,221.64430000,8.983700,0.00000000,0.00000000,0.00000000,0.0000000,0.00000000,0.00000000,0.00000000,0.000000,0.00000000,0.00000000,0.00000000,0.00000000,0.00000000,0.00000000,0.00000000,0.000000,0.00000000,0.00000000,0.00000000,0.00000000,0.00000000,0.00000000,0.00000000,0.00000000,0.00000000,0.00000000,0.00000000,0.00000000,0.00000000,0.00000000,0.00000000,0.00000000,0.00000000,0.00000000,0.00000000,0.00000000,0.00000000,0.00000000,0.00000000,0.000000,0.00000000,0.000000,0.00000000,0.00000000
2025-12-05,166.7879,0.01030000,221.64430000,8.983700,0.00000000,0.00000000,0.00000000,0.0000000,0.00000000,0.00000000,0.00000000,0.000000,0.00000000,0.00000000,0.00000000,0.00000000,0.00000000,0.00000000,0.00000000,0.000000,0.00000000,0.00000000,0.00000000,0.00000000,0.00000000,0.00000000,0.00000000,0.00000000,0.00000000,0.00000000,0.00000000,0.00000000,0.00000000,0.00000000,0.00000000,0.00000000,0.00000000,0.00000000,0.00000000,0.00000000,0.00000000,0.00000000,0.00000000,0.000000,0.00000000,0.000000,0.00000000,0.00000000
2025-12-04,166.7879,0.01030000,221.64430000,8.983700,0.00000000,0.00000000,0.00000000,0.0000000,0.00000000,0.00000000,0.00000000,0.000000,0.00000000,0.00000000,0.00000000,0.00000000,0.00000000,0.00000000,0.00000000,0.000000,0.00000000,0.00000000,0.00000000,0.00000000,0.00000000,0.00000000,0.00000000,0.00000000,0.00000000,0.00000000,0.00000000,0.00000000,0.00000000,0.00000000,0.00000000,0.00000000,0.00000000,0.00000000,0.00000000,0.00000000,0.00000000,0.00000000,0.00000000,0.000000,0.00000000,0.000000,0.00000000,0.00000000
2025-12-03,166.7879,0.01030000,221.64430000,8.983700,0.00000000,0.00000000,0.00000000,0.0000000,0.00000000,0.00000000,0.00000000,0.000000,0.00000000,0.00000000,0.00000000,0.00000000,0.00000000,0.00000000,0.00000000,0.000000,0.00000000,0.00000000,0.00000000,0.00000000,0.00000000,0.00000000,0.00000000,0.00000000,0.00000000,0.00000000,0.00000000,0.00000000,0.00000000,0.00000000,0.00000000,0.00000000,0.00000000,0.00000000,0.00000000,0.00000000,0.00000000,0.00000000,0.00000000,0.000000,0.00000000,0.000000,0.00000000,0.00000000
2025-12-02,166.7879,0.01030000,221.64430000,8.983700,0.00000000,0.00000000,0.00000000,0.0000000,0.00000000,0.00000000,0.00000000,0.000000,0.00000000,0.00000000,0.00000000,0.00000000,0.00000000,0.00000000,0.00000000,0.000000,0.00000000,0.00000000,0.00000000,0.00000000,0.00000000,0.00000000,0.00000000,0.00000000,0.00000000,0.00000000,0.00000000,0.00000000,0.00000000,0.00000000,0.00000000,0.00000000,0.00000000,0.00000000,0.00000000,0.00000000,0.00000000,0.00000000,0.00000000,0.000000,0.00000000,0.000000,0.00000000,0.00000000
2025-12-01,150056.1416,0.01030000,209.31470000,8.983700,0.00000000,0.00000000,0.00000000,0.0000000,0.00000000,0.00000000,0.00000000,0.000000,0.00000000,0.00000000,0.00000000,0.00000000,0.00000000,0.00000000,0.00000000,0.000000,0.00000000,0.00000000,0.00000000,0.00000000,0.00000000,0.00000000,0.00000000,0.00000000,0.00000000,0.00000000,0.00000000,0.00000000,0.00000000,0.00000000,0.00000000,0.00000000,0.00000000,0.00000000,0.00000000,0.00000000,0.00000000,0.00000000,0.00000000,0.000000,0.00000000,0.000000,0.00000000,0.00000000
2025-11-30,56.1416,0.01030000,209.31470000,8.983700,0.00000000,0.00000000,0.00000000,0.0000000,0.00000000,0.00000000,0.00000000,0.000000,0.00000000,0.00000000,0.00000000,0.00000000,0.00000000,0.00000000,0.00000000,0.000000,0.00000000,0.00000000,0.00000000,0.00000000,0.00000000,0.00000000,0.00000000,0.00000000,0.00000000,0.00000000,0.00000000,0.00000000,0.00000000,0.00000000,0.00000000,0.00000000,0.00000000,0.00000000,0.00000000,0.00000000,0.00000000,0.00000000,0.00000000,0.000000,0.00000000,0.000000,0.00000000,0.00000000
2025-11-29,56.1416,0.01030000,209.31470000,8.983700,0.00000000,0.00000000,0.00000000,0.0000000,0.00000000,0.00000000,0.00000000,0.000000,0.00000000,0.00000000,0.00000000,0.00000000,0.00000000,0.00000000,0.00000000,0.000000,0.00000000,0.00000000,0.00000000,0.00000000,0.00000000,0.00000000,0.00000000,0.00000000,0.00000000,0.00000000,0.00000000,0.00000000,0.00000000,0.00000000,0.00000000,0.00000000,0.00000000,0.00000000,0.00000000,0.00000000,0.00000000,0.00000000,0.00000000,0.000000,0.00000000,0.000000,0.00000000,0.00000000
2025-11-28,56.1416,0.01030000,209.31470000,8.983700,0.00000000,0.00000000,0.00000000,0.0000000,0.00000000,0.00000000,0.00000000,0.000000,0.00000000,0.00000000,0.00000000,0.00000000,0.00000000,0.00000000,0.00000000,0.000000,0.00000000,0.00000000,0.00000000,0.00000000,0.00000000,0.00000000,0.00000000,0.00000000,0.00000000,0.00000000,0.00000000,0.00000000,0.00000000,0.00000000,0.00000000,0.00000000,0.00000000,0.00000000,0.00000000,0.00000000,0.00000000,0.00000000,0.00000000,0.000000,0.00000000,0.000000,0.00000000,0.00000000
2025-11-27,56.1416,0.01030000,209.31470000,8.983700,0.00000000,0.00000000,0.00000000,0.0000000,0.00000000,0.00000000,0.00000000,0.000000,0.00000000,0.00000000,0.00000000,0.00000000,0.00000000,0.00000000,0.00000000,0.000000,0.00000000,0.00000000,0.00000000,0.00000000,0.00000000,0.00000000,0.00000000,0.00000000,0.00000000,0.00000000,0.00000000,0.00000000,0.00000000,0.00000000,0.00000000,0.00000000,0.00000000,0.00000000,0.00000000,0.00000000,0.00000000,0.00000000,0.00000000,0.000000,0.00000000,0.000000,0.00000000,0.00000000
2025-11-26,56.1416,0.01030000,209.31470000,8.983700,0.00000000,0.00000000,0.00000000,0.0000000,0.00000000,0.00000000,0.00000000,0.000000,0.00000000,0.00000000,0.00000000,0.00000000,0.00000000,0.00000000,0.00000000,0.000000,0.00000000,0.00000000,0.00000000,0.00000000,0.00000000,0.00000000,0.00000000,0.00000000,0.00000000,0.00000000,0.00000000,0.00000000,0.00000000,0.00000000,0.00000000,0.00000000,0.00000000,0.00000000,0.00000000,0.00000000,0.00000000,0.00000000,0.00000000,0.000000,0.00000000,0.000000,0.00000000,0.00000000
2025-11-25,56.1416,0.01030000,209.31470000,8.983700,0.00000000,0.00000000,0.00000000,0.0000000,0.00000000,0.00000000,0.00000000,0.000000,0.00000000,0.00000000,0.00000000,0.00000000,0.00000000,0.00000000,0.00000000,0.000000,0.00000000,0.00000000,0.00000000,0.00000000,0.00000000,0.00000000,0.00000000,0.00000000,0.00000000,0.00000000,0.00000000,0.00000000,0.00000000,0.00000000,0.00000000,0.00000000,0.00000000,0.00000000,0.00000000,0.00000000,0.00000000,0.00000000,0.00000000,0.000000,0.00000000,0.000000,0.00000000,0.00000000
2025-11-24,56.1416,0.01030000,209.31470000,8.983700,0.00000000,0.00000000,0.00000000,0.0000000,0.00000000,0.00000000,0.00000000,0.000000,0.00000000,0.00000000,0.00000000,0.00000000,0.00000000,0.00000000,0.00000000,0.000000,0.00000000,0.00000000,0.00000000,0.00000000,0.00000000,0.00000000,0.00000000,0.00000000,0.00000000,0.00000000,0.00000000,0.00000000,0.00000000,0.00000000,0.00000000,0.00000000,0.00000000,0.00000000,0.00000000,0.00000000,0.00000000,0.00000000,0.00000000,0.000000,0.00000000,0.000000,0.00000000,0.00000000
2025-11-23,56.1416,0.01030000,209.31470000,8.983700,0.00000000,0.00000000,0.00000000,0.0000000,0.00000000,0.00000000,0.00000000,0.000000,0.00000000,0.00000000,0.00000000,0.00000000,0.00000000,0.00000000,0.00000000,0.000000,0.00000000,0.00000000,0.00000000,0.00000000,0.00000000,0.00000000,0.00000000,0.00000000,0.00000000,0.00000000,0.00000000,0.00000000,0.00000000,0.00000000,0.00000000,0.00000000,0.00000000,0.00000000,0.00000000,0.00000000,0.00000000,0.00000000,0.00000000,0.000000,0.00000000,0.000000,0.00000000,0.00000000
2025-11-22,56.1416,0.01030000,209.31470000,8.983700,0.00000000,0.00000000,0.00000000,0.0000000,0.00000000,0.00000000,0.00000000,0.000000,0.00000000,0.00000000,0.00000000,0.00000000,0.00000000,0.00000000,0.00000000,0.000000,0.00000000,0.00000000,0.00000000,0.00000000,0.00000000,0.00000000,0.00000000,0.00000000,0.00000000,0.00000000,0.00000000,0.00000000,0.00000000,0.00000000,0.00000000,0.00000000,0.00000000,0.00000000,0.00000000,0.00000000,0.00000000,0.00000000,0.00000000,0.000000,0.00000000,0.000000,0.00000000,0.00000000
2025-11-21,63922.6806,0.01030000,204.34760000,8.983700,0.00000000,0.00000000,0.00000000,0.0000000,0.00000000,0.00000000,0.00000000,0.000000,0.00000000,0.00000000,0.00000000,0.00000000,0.00000000,0.00000000,0.00000000,0.000000,0.00000000,0.00000000,0.00000000,0.00000000,0.00000000,0.00000000,0.00000000,0.00000000,0.00000000,0.00000000,0.00000000,0.00000000,0.00000000,0.00000000,0.00000000,0.00000000,0.00000000,0.00000000,0.00000000,0.00000000,0.00000000,0.00000000,0.00000000,0.000000,0.00000000,0.000000,0.00000000,0.00000000
2025-11-20,161973.0666,0.01030000,197.34760000,8.983700,0.00000000,0.00000000,0.00000000,0.0000000,0.00000000,0.00000000,0.00000000,0.000000,0.00000000,0.00000000,0.00000000,0.00000000,0.00000000,0.00000000,0.00000000,0.000000,0.00000000,0.00000000,0.00000000,0.00000000,0.00000000,0.00000000,0.00000000,0.00000000,0.00000000,0.00000000,0.00000000,0.00000000,0.00000000,0.00000000,0.00000000,0.00000000,0.00000000,0.00000000,0.00000000,0.00000000,0.00000000,0.00000000,0.00000000,0.000000,0.00000000,0.000000,0.00000000,0.00000000
2025-11-19,158777.4956,0.01030000,197.34760000,8.983700,0.00000000,0.00000000,0.00000000,0.0000000,0.00000000,0.00000000,0.00000000,0.000000,0.00000000,0.00000000,0.00000000,0.00000000,0.00000000,0.00000000,0.00000000,0.000000,0.00000000,0.00000000,0.00000000,0.00000000,0.00000000,0.00000000,0.00000000,0.00000000,0.00000000,0.00000000,0.00000000,0.00000000,0.00000000,0.00000000,0.00000000,0.00000000,0.00000000,0.00000000,0.00000000,0.00000000,0.00000000,0.00000000,0.00000000,0.000000,0.00000000,0.000000,0.00000000,0.00000000
2025-11-18,158777.4956,0.01030000,197.34760000,8.983700,0.00000000,0.00000000,0.00000000,0.0000000,0.00000000,0.00000000,0.00000000,0.000000,0.00000000,0.00000000,0.00000000,0.00000000,0.00000000,0.00000000,0.00000000,0.000000,0.00000000,0.00000000,0.00000000,0.00000000,0.00000000,0.00000000,0.00000000,0.00000000,0.00000000,0.00000000,0.00000000,0.00000000,0.00000000,0.00000000,0.00000000,0.00000000,0.00000000,0.00000000,0.00000000,0.00000000,0.00000000,0.00000000,0.00000000,0.000000,0.00000000,0.000000,0.00000000,0.00000000
2025-11-17,158777.4956,0.01030000,197.34760000,8.983700,0.00000000,0.00000000,0.00000000,0.0000000,0.00000000,0.00000000,0.00000000,0.000000,0.00000000,0.00000000,0.00000000,0.00000000,0.00000000,0.00000000,0.00000000,0.000000,0.00000000,0.00000000,0.00000000,0.00000000,0.00000000,0.00000000,0.00000000,0.00000000,0.00000000,0.00000000,0.00000000,0.00000000,0.00000000,0.00000000,0.00000000,0.00000000,0.00000000,0.00000000,0.00000000,0.00000000,0.00000000,0.00000000,0.00000000,0.000000,0.00000000,0.000000,0.00000000,0.00000000
2025-11-16,158777.4956,0.01030000,197.34760000,8.983700,0.00000000,0.00000000,0.00000000,0.0000000,0.00000000,0.00000000,0.00000000,0.000000,0.00000000,0.00000000,0.00000000,0.00000000,0.00000000,0.00000000,0.00000000,0.000000,0.00000000,0.00000000,0.00000000,0.00000000,0.00000000,0.00000000,0.00000000,0.00000000,0.00000000,0.00000000,0.00000000,0.00000000,0.00000000,0.00000000,0.00000000,0.00000000,0.00000000,0.00000000,0.00000000,0.00000000,0.00000000,0.00000000,0.00000000,0.000000,0.00000000,0.000000,0.00000000,0.00000000
2025-11-15,158777.4956,0.01030000,197.34760000,8.983700,0.00000000,0.00000000,0.00000000,0.0000000,0.00000000,0.00000000,0.00000000,0.000000,0.00000000,0.00000000,0.00000000,0.00000000,0.00000000,0.00000000,0.00000000,0.000000,0.00000000,0.00000000,0.00000000,0.00000000,0.00000000,0.00000000,0.00000000,0.00000000,0.00000000,0.00000000,0.00000000,0.00000000,0.00000000,0.00000000,0.00000000,0.00000000,0.00000000,0.00000000,0.00000000,0.00000000,0.00000000,0.00000000,0.00000000,0.000000,0.00000000,0.000000,0.00000000,0.00000000
2025-11-14,155248.9569,0.01030000,197.34760000,8.983700,0.00000000,0.00000000,0.00000000,0.0000000,0.00000000,0.00000000,0.00000000,0.000000,0.00000000,0.00000000,0.00000000,0.00000000,0.00000000,0.00000000,0.00000000,0.000000,0.00000000,0.00000000,0.00000000,0.00000000,0.00000000,0.00000000,0.00000000,0.00000000,0.00000000,0.00000000,0.00000000,0.00000000,0.00000000,0.00000000,0.00000000,0.00000000,0.00000000,0.00000000,0.00000000,0.00000000,0.00000000,0.00000000,0.00000000,0.000000,0.00000000,0.000000,0.00000000,0.00000000
2025-11-13,155248.9569,0.01030000,197.34760000,8.983700,0.00000000,0.00000000,0.00000000,0.0000000,0.00000000,0.00000000,0.00000000,0.000000,0.00000000,0.00000000,0.00000000,0.00000000,0.00000000,0.00000000,0.00000000,0.000000,0.00000000,0.00000000,0.00000000,0.00000000,0.00000000,0.00000000,0.00000000,0.00000000,0.00000000,0.00000000,0.00000000,0.00000000,0.00000000,0.00000000,0.00000000,0.00000000,0.00000000,0.00000000,0.00000000,0.00000000,0.00000000,0.00000000,0.00000000,0.000000,0.00000000,0.000000,0.00000000,0.00000000
2025-11-12,155248.9569,0.01030000,197.34760000,8.983700,0.00000000,0.00000000,0.00000000,0.0000000,0.00000000,0.00000000,0.00000000,0.000000,0.00000000,0.00000000,0.00000000,0.00000000,0.00000000,0.00000000,0.00000000,0.000000,0.00000000,0.00000000,0.00000000,0.00000000,0.00000000,0.00000000,0.00000000,0.00000000,0.00000000,0.00000000,0.00000000,0.00000000,0.00000000,0.00000000,0.00000000,0.00000000,0.00000000,0.00000000,0.00000000,0.00000000,0.00000000,0.00000000,0.00000000,0.000000,0.00000000,0.000000,0.00000000,0.00000000
2025-11-11,155248.9569,0.01030000,197.34760000,8.983700,0.00000000,0.00000000,0.00000000,0.0000000,0.00000000,0.00000000,0.00000000,0.000000,0.00000000,0.00000000,0.00000000,0.00000000,0.00000000,0.00000000,0.00000000,0.000000,0.00000000,0.00000000,0.00000000,0.00000000,0.00000000,0.00000000,0.00000000,0.00000000,0.00000000,0.00000000,0.00000000,0.00000000,0.00000000,0.00000000,0.00000000,0.00000000,0.00000000,0.00000000,0.00000000,0.00000000,0.00000000,0.00000000,0.00000000,0.000000,0.00000000,0.000000,0.00000000,0.00000000
2025-11-10,155248.9569,0.01030000,197.34760000,8.983700,0.00000000,0.00000000,0.00000000,0.0000000,0.00000000,0.00000000,0.00000000,0.000000,0.00000000,0.00000000,0.00000000,0.00000000,0.00000000,0.00000000,0.00000000,0.000000,0.00000000,0.00000000,0.00000000,0.00000000,0.00000000,0.00000000,0.00000000,0.00000000,0.00000000,0.00000000,0.00000000,0.00000000,0.00000000,0.00000000,0.00000000,0.00000000,0.00000000,0.00000000,0.00000000,0.00000000,0.00000000,0.00000000,0.00000000,0.000000,0.00000000,0.000000,0.00000000,0.00000000
2025-11-09,27974.5171,0.01030000,204.96730000,8.983700,0.00000000,0.00000000,0.00000000,0.0000000,0.00000000,0.00000000,0.00000000,0.000000,0.00000000,0.00000000,0.00000000,0.00000000,0.00000000,0.00000000,0.00000000,0.000000,0.00000000,0.00000000,0.00000000,0.00000000,0.00000000,0.00000000,0.00000000,0.00000000,0.00000000,0.00000000,0.00000000,0.00000000,0.00000000,0.00000000,0.00000000,0.00000000,0.00000000,0.00000000,0.00000000,0.00000000,0.00000000,0.00000000,0.00000000,0.000000,0.00000000,0.000000,0.00000000,0.00000000
2025-11-08,27974.5171,0.01030000,204.96730000,8.983700,0.00000000,0.00000000,0.00000000,0.0000000,0.00000000,0.00000000,0.00000000,0.000000,0.00000000,0.00000000,0.00000000,0.00000000,0.00000000,0.00000000,0.00000000,0.000000,0.00000000,0.00000000,0.00000000,0.00000000,0.00000000,0.00000000,0.00000000,0.00000000,0.00000000,0.00000000,0.00000000,0.00000000,0.00000000,0.00000000,0.00000000,0.00000000,0.00000000,0.00000000,0.00000000,0.00000000,0.00000000,0.00000000,0.00000000,0.000000,0.00000000,0.000000,0.00000000,0.00000000
2025-11-07,27974.5171,0.01030000,204.96730000,8.983700,0.00000000,0.00000000,0.00000000,0.0000000,0.00000000,0.00000000,0.00000000,0.000000,0.00000000,0.00000000,0.00000000,0.00000000,0.00000000,0.00000000,0.00000000,0.000000,0.00000000,0.00000000,0.00000000,0.00000000,0.00000000,0.00000000,0.00000000,0.00000000,0.00000000,0.00000000,0.00000000,0.00000000,0.00000000,0.00000000,0.00000000,0.00000000,0.00000000,0.00000000,0.00000000,0.00000000,0.00000000,0.00000000,0.00000000,0.000000,0.00000000,0.000000,0.00000000,0.00000000
2025-11-06,27974.5171,0.01030000,204.96730000,8.983700,0.00000000,0.00000000,0.00000000,0.0000000,0.00000000,0.00000000,0.00000000,0.000000,0.00000000,0.00000000,0.00000000,0.00000000,0.00000000,0.00000000,0.00000000,0.000000,0.00000000,0.00000000,0.00000000,0.00000000,0.00000000,0.00000000,0.00000000,0.00000000,0.00000000,0.00000000,0.00000000,0.00000000,0.00000000,0.00000000,0.00000000,0.00000000,0.00000000,0.00000000,0.00000000,0.00000000,0.00000000,0.00000000,0.00000000,0.000000,0.00000000,0.000000,0.00000000,0.00000000
2025-11-05,27974.5171,0.01030000,204.96730000,8.983700,0.00000000,0.00000000,0.00000000,0.0000000,0.00000000,0.00000000,0.00000000,0.000000,0.00000000,0.00000000,0.00000000,0.00000000,0.00000000,0.00000000,0.00000000,0.000000,0.00000000,0.00000000,0.00000000,0.00000000,0.00000000,0.00000000,0.00000000,0.00000000,0.00000000,0.00000000,0.00000000,0.00000000,0.00000000,0.00000000,0.00000000,0.00000000,0.00000000,0.00000000,0.00000000,0.00000000,0.00000000,0.00000000,0.00000000,0.000000,0.00000000,0.000000,0.00000000,0.00000000
2025-11-04,27974.5171,0.01030000,204.96730000,8.983700,0.00000000,0.00000000,0.00000000,0.0000000,0.00000000,0.00000000,0.00000000,0.000000,0.00000000,0.00000000,0.00000000,0.00000000,0.00000000,0.00000000,0.00000000,0.000000,0.00000000,0.00000000,0.00000000,0.00000000,0.00000000,0.00000000,0.00000000,0.00000000,0.00000000,0.00000000,0.00000000,0.00000000,0.00000000,0.00000000,0.00000000,0.00000000,0.00000000,0.00000000,0.00000000,0.00000000,0.00000000,0.00000000,0.00000000,0.000000,0.00000000,0.000000,0.00000000,0.00000000
2025-11-03,27974.5171,0.01030000,204.96730000,8.983700,0.00000000,0.00000000,0.00000000,0.0000000,0.00000000,0.00000000,0.00000000,0.000000,0.00000000,0.00000000,0.00000000,0.00000000,0.00000000,0.00000000,0.00000000,0.000000,0.00000000,0.00000000,0.00000000,0.00000000,0.00000000,0.00000000,0.00000000,0.00000000,0.00000000,0.00000000,0.00000000,0.00000000,0.00000000,0.00000000,0.00000000,0.00000000,0.00000000,0.00000000,0.00000000,0.00000000,0.00000000,0.00000000,0.00000000,0.000000,0.00000000,0.000000,0.00000000,0.00000000
2025-11-02,52.9075,0.01030000,199.96730000,8.983700,0.00000000,0.00000000,0.00000000,0.0000000,0.00000000,0.00000000,0.00000000,0.000000,0.00000000,0.00000000,0.00000000,0.00000000,0.00000000,0.00000000,0.00000000,0.000000,0.00000000,0.00000000,0.00000000,0.00000000,0.00000000,0.00000000,0.00000000,0.00000000,0.00000000,0.00000000,0.00000000,0.00000000,0.00000000,0.00000000,0.00000000,0.00000000,0.00000000,0.00000000,0.00000000,0.00000000,0.00000000,0.00000000,0.00000000,0.000000,0.00000000,0.000000,0.00000000,0.00000000
2025-11-01,52.9075,0.01030000,199.96730000,8.983700,0.00000000,0.00000000,0.00000000,0.0000000,0.00000000,0.00000000,0.00000000,0.000000,0.00000000,0.00000000,0.00000000,0.00000000,0.00000000,0.00000000,0.00000000,0.000000,0.00000000,0.00000000,0.00000000,0.00000000,0.00000000,0.00000000,0.00000000,0.00000000,0.00000000,0.00000000,0.00000000,0.00000000,0.00000000,0.00000000,0.00000000,0.00000000,0.00000000,0.00000000,0.00000000,0.00000000,0.00000000,0.00000000,0.00000000,0.000000,0.00000000,0.000000,0.00000000,0.00000000
2025-10-31,52.9075,0.01030000,199.96730000,8.983700,0.00000000,0.00000000,0.00000000,0.0000000,0.00000000,0.00000000,0.00000000,0.000000,0.00000000,0.00000000,0.00000000,0.00000000,0.00000000,0.00000000,0.00000000,0.000000,0.00000000,0.00000000,0.00000000,0.00000000,0.00000000,0.00000000,0.00000000,0.00000000,0.00000000,0.00000000,0.00000000,0.00000000,0.00000000,0.00000000,0.00000000,0.00000000,0.00000000,0.00000000,0.00000000,0.00000000,0.00000000,0.00000000,0.00000000,0.000000,0.00000000,0.000000,0.00000000,0.00000000
2025-10-30,52.9075,0.01030000,199.96730000,8.983700,0.00000000,0.00000000,0.00000000,0.0000000,0.00000000,0.00000000,0.00000000,0.000000,0.00000000,0.00000000,0.00000000,0.00000000,0.00000000,0.00000000,0.00000000,0.000000,0.00000000,0.00000000,0.00000000,0.00000000,0.00000000,0.00000000,0.00000000,0.00000000,0.00000000,0.00000000,0.00000000,0.00000000,0.00000000,0.00000000,0.00000000,0.00000000,0.00000000,0.00000000,0.00000000,0.00000000,0.00000000,0.00000000,0.00000000,0.000000,0.00000000,0.000000,0.00000000,0.00000000
2025-10-29,52.9075,0.01030000,199.96730000,8.983700,0.00000000,0.00000000,0.00000000,0.0000000,0.00000000,0.00000000,0.00000000,0.000000,0.00000000,0.00000000,0.00000000,0.00000000,0.00000000,0.00000000,0.00000000,0.000000,0.00000000,0.00000000,0.00000000,0.00000000,0.00000000,0.00000000,0.00000000,0.00000000,0.00000000,0.00000000,0.00000000,0.00000000,0.00000000,0.00000000,0.00000000,0.00000000,0.00000000,0.00000000,0.00000000,0.00000000,0.00000000,0.00000000,0.00000000,0.000000,0.00000000,0.000000,0.00000000,0.00000000
2025-10-28,52.9075,0.01030000,199.96730000,8.983700,0.00000000,0.00000000,0.00000000,0.0000000,0.00000000,0.00000000,0.00000000,0.000000,0.00000000,0.00000000,0.00000000,0.00000000,0.00000000,0.00000000,0.00000000,0.000000,0.00000000,0.00000000,0.00000000,0.00000000,0.00000000,0.00000000,0.00000000,0.00000000,0.00000000,0.00000000,0.00000000,0.00000000,0.00000000,0.00000000,0.00000000,0.00000000,0.00000000,0.00000000,0.00000000,0.00000000,0.00000000,0.00000000,0.00000000,0.000000,0.00000000,0.000000,0.00000000,0.00000000
2025-10-27,52.9075,0.01030000,199.96730000,8.983700,0.00000000,0.00000000,0.00000000,0.0000000,0.00000000,0.00000000,0.00000000,0.000000,0.00000000,0.00000000,0.00000000,0.00000000,0.00000000,0.00000000,0.00000000,0.000000,0.00000000,0.00000000,0.00000000,0.00000000,0.00000000,0.00000000,0.00000000,0.00000000,0.00000000,0.00000000,0.00000000,0.00000000,0.00000000,0.00000000,0.00000000,0.00000000,0.00000000,0.00000000,0.00000000,0.00000000,0.00000000,0.00000000,0.00000000,0.000000,0.00000000,0.000000,0.00000000,0.00000000
2025-10-26,52.9075,0.01030000,199.96730000,8.983700,0.00000000,0.00000000,0.00000000,0.0000000,0.00000000,0.00000000,0.00000000,0.000000,0.00000000,0.00000000,0.00000000,0.00000000,0.00000000,0.00000000,0.00000000,0.000000,0.00000000,0.00000000,0.00000000,0.00000000,0.00000000,0.00000000,0.00000000,0.00000000,0.00000000,0.00000000,0.00000000,0.00000000,0.00000000,0.00000000,0.00000000,0.00000000,0.00000000,0.00000000,0.00000000,0.00000000,0.00000000,0.00000000,0.00000000,0.000000,0.00000000,0.000000,0.00000000,0.00000000
2025-10-25,52.9075,0.01030000,199.96730000,8.983700,0.00000000,0.00000000,0.00000000,0.0000000,0.00000000,0.00000000,0.00000000,0.000000,0.00000000,0.00000000,0.00000000,0.00000000,0.00000000,0.00000000,0.00000000,0.000000,0.00000000,0.00000000,0.00000000,0.00000000,0.00000000,0.00000000,0.00000000,0.00000000,0.00000000,0.00000000,0.00000000,0.00000000,0.00000000,0.00000000,0.00000000,0.00000000,0.00000000,0.00000000,0.00000000,0.00000000,0.00000000,0.00000000,0.00000000,0.000000,0.00000000,0.000000,0.00000000,0.00000000
2025-10-24,52.9075,0.01030000,199.96730000,8.983700,0.00000000,0.00000000,0.00000000,0.0000000,0.00000000,0.00000000,0.00000000,0.000000,0.00000000,0.00000000,0.00000000,0.00000000,0.00000000,0.00000000,0.00000000,0.000000,0.00000000,0.00000000,0.00000000,0.00000000,0.00000000,0.00000000,0.00000000,0.00000000,0.00000000,0.00000000,0.00000000,0.00000000,0.00000000,0.00000000,0.00000000,0.00000000,0.00000000,0.00000000,0.00000000,0.00000000,0.00000000,0.00000000,0.00000000,0.000000,0.00000000,0.000000,0.00000000,0.00000000
2025-10-23,52.9075,0.01030000,199.96730000,8.983700,0.00000000,0.00000000,0.00000000,0.0000000,0.00000000,0.00000000,0.00000000,0.000000,0.00000000,0.00000000,0.00000000,0.00000000,0.00000000,0.00000000,0.00000000,0.000000,0.00000000,0.00000000,0.00000000,0.00000000,0.00000000,0.00000000,0.00000000,0.00000000,0.00000000,0.00000000,0.00000000,0.00000000,0.00000000,0.00000000,0.00000000,0.00000000,0.00000000,0.00000000,0.00000000,0.00000000,0.00000000,0.00000000,0.00000000,0.000000,0.00000000,0.000000,0.00000000,0.00000000
2025-10-22,52.9075,0.01030000,199.96730000,8.983700,0.00000000,0.00000000,0.00000000,0.0000000,0.00000000,0.00000000,0.00000000,0.000000,0.00000000,0.00000000,0.00000000,0.00000000,0.00000000,0.00000000,0.00000000,0.000000,0.00000000,0.00000000,0.00000000,0.00000000,0.00000000,0.00000000,0.00000000,0.00000000,0.00000000,0.00000000,0.00000000,0.00000000,0.00000000,0.00000000,0.00000000,0.00000000,0.00000000,0.00000000,0.00000000,0.00000000,0.00000000,0.00000000,0.00000000,0.000000,0.00000000,0.000000,0.00000000,0.00000000
2025-10-21,52.9075,0.01030000,199.96730000,8.983700,0.00000000,0.00000000,0.00000000,0.0000000,0.00000000,0.00000000,0.00000000,0.000000,0.00000000,0.00000000,0.00000000,0.00000000,0.00000000,0.00000000,0.00000000,0.000000,0.00000000,0.00000000,0.00000000,0.00000000,0.00000000,0.00000000,0.00000000,0.00000000,0.00000000,0.00000000,0.00000000,0.00000000,0.00000000,0.00000000,0.00000000,0.00000000,0.00000000,0.00000000,0.00000000,0.00000000,0.00000000,0.00000000,0.00000000,0.000000,0.00000000,0.000000,0.00000000,0.00000000
2025-10-20,52.9075,0.01030000,199.96730000,8.983700,0.00000000,0.00000000,0.00000000,0.0000000,0.00000000,0.00000000,0.00000000,0.000000,0.00000000,0.00000000,0.00000000,0.00000000,0.00000000,0.00000000,0.00000000,0.000000,0.00000000,0.00000000,0.00000000,0.00000000,0.00000000,0.00000000,0.00000000,0.00000000,0.00000000,0.00000000,0.00000000,0.00000000,0.00000000,0.00000000,0.00000000,0.00000000,0.00000000,0.00000000,0.00000000,0.00000000,0.00000000,0.00000000,0.00000000,0.000000,0.00000000,0.000000,0.00000000,0.00000000
2025-10-19,52.9075,0.01030000,199.96730000,8.983700,0.00000000,0.00000000,0.00000000,0.0000000,0.00000000,0.00000000,0.00000000,0.000000,0.00000000,0.00000000,0.00000000,0.00000000,0.00000000,0.00000000,0.00000000,0.000000,0.00000000,0.00000000,0.00000000,0.00000000,0.00000000,0.00000000,0.00000000,0.00000000,0.00000000,0.00000000,0.00000000,0.00000000,0.00000000,0.00000000,0.00000000,0.00000000,0.00000000,0.00000000,0.00000000,0.00000000,0.00000000,0.00000000,0.00000000,0.000000,0.00000000,0.000000,0.00000000,0.00000000
2025-10-18,52.9075,0.01030000,199.96730000,8.983700,0.00000000,0.00000000,0.00000000,0.0000000,0.00000000,0.00000000,0.00000000,0.000000,0.00000000,0.00000000,0.00000000,0.00000000,0.00000000,0.00000000,0.00000000,0.000000,0.00000000,0.00000000,0.00000000,0.00000000,0.00000000,0.00000000,0.00000000,0.00000000,0.00000000,0.00000000,0.00000000,0.00000000,0.00000000,0.00000000,0.00000000,0.00000000,0.00000000,0.00000000,0.00000000,0.00000000,0.00000000,0.00000000,0.00000000,0.000000,0.00000000,0.000000,0.00000000,0.00000000
2025-10-17,52.9075,0.01030000,199.96730000,8.983700,0.00000000,0.00000000,0.00000000,0.0000000,0.00000000,0.00000000,0.00000000,0.000000,0.00000000,0.00000000,0.00000000,0.00000000,0.00000000,0.00000000,0.00000000,0.000000,0.00000000,0.00000000,0.00000000,0.00000000,0.00000000,0.00000000,0.00000000,0.00000000,0.00000000,0.00000000,0.00000000,0.00000000,0.00000000,0.00000000,0.00000000,0.00000000,0.00000000,0.00000000,0.00000000,0.00000000,0.00000000,0.00000000,0.00000000,0.000000,0.00000000,0.000000,0.00000000,0.00000000
2025-10-16,52.9075,0.01030000,199.96730000,8.983700,0.00000000,0.00000000,0.00000000,0.0000000,0.00000000,0.00000000,0.00000000,0.000000,0.00000000,0.00000000,0.00000000,0.00000000,0.00000000,0.00000000,0.00000000,0.000000,0.00000000,0.00000000,0.00000000,0.00000000,0.00000000,0.00000000,0.00000000,0.00000000,0.00000000,0.00000000,0.00000000,0.00000000,0.00000000,0.00000000,0.00000000,0.00000000,0.00000000,0.00000000,0.00000000,0.00000000,0.00000000,0.00000000,0.00000000,0.000000,0.00000000,0.000000,0.00000000,0.00000000
2025-10-15,52.9075,0.01030000,199.96730000,8.983700,0.00000000,0.00000000,0.00000000,0.0000000,0.00000000,0.00000000,0.00000000,0.000000,0.00000000,0.00000000,0.00000000,0.00000000,0.00000000,0.00000000,0.00000000,0.000000,0.00000000,0.00000000,0.00000000,0.00000000,0.00000000,0.00000000,0.00000000,0.00000000,0.00000000,0.00000000,0.00000000,0.00000000,0.00000000,0.00000000,0.00000000,0.00000000,0.00000000,0.00000000,0.00000000,0.00000000,0.00000000,0.00000000,0.00000000,0.000000,0.00000000,0.000000,0.00000000,0.00000000
2025-10-14,52.9075,0.01030000,199.96730000,8.983700,0.00000000,0.00000000,0.00000000,0.0000000,0.00000000,0.00000000,0.00000000,0.000000,0.00000000,0.00000000,0.00000000,0.00000000,0.00000000,0.00000000,0.00000000,0.000000,0.00000000,0.00000000,0.00000000,0.00000000,0.00000000,0.00000000,0.00000000,0.00000000,0.00000000,0.00000000,0.00000000,0.00000000,0.00000000,0.00000000,0.00000000,0.00000000,0.00000000,0.00000000,0.00000000,0.00000000,0.00000000,0.00000000,0.00000000,0.000000,0.00000000,0.000000,0.00000000,0.00000000
2025-10-13,37595.1294,0.01030000,197.34760000,8.983700,0.00000000,0.00000000,0.00000000,0.0000000,0.00000000,0.00000000,0.00000000,0.000000,0.00000000,0.00000000,0.00000000,0.00000000,0.00000000,0.00000000,0.00000000,0.000000,0.00000000,0.00000000,0.00000000,0.00000000,0.00000000,0.00000000,0.00000000,0.00000000,0.00000000,0.00000000,0.00000000,0.00000000,0.00000000,0.00000000,0.00000000,0.00000000,0.00000000,0.00000000,0.00000000,0.00000000,0.00000000,0.00000000,0.00000000,0.000000,0.00000000,0.000000,0.00000000,0.00000000
2025-10-12,37595.1294,0.01030000,197.34760000,8.983700,0.00000000,0.00000000,0.00000000,0.0000000,0.00000000,0.00000000,0.00000000,0.000000,0.00000000,0.00000000,0.00000000,0.00000000,0.00000000,0.00000000,0.00000000,0.000000,0.00000000,0.00000000,0.00000000,0.00000000,0.00000000,0.00000000,0.00000000,0.00000000,0.00000000,0.00000000,0.00000000,0.00000000,0.00000000,0.00000000,0.00000000,0.00000000,0.00000000,0.00000000,0.00000000,0.00000000,0.00000000,0.00000000,0.00000000,0.000000,0.00000000,0.000000,0.00000000,0.00000000
2025-10-11,37595.1294,0.01030000,197.34760000,8.983700,0.00000000,0.00000000,0.00000000,0.0000000,0.00000000,0.00000000,0.00000000,0.000000,0.00000000,0.00000000,0.00000000,0.00000000,0.00000000,0.00000000,0.00000000,0.000000,0.00000000,0.00000000,0.00000000,0.00000000,0.00000000,0.00000000,0.00000000,0.00000000,0.00000000,0.00000000,0.00000000,0.00000000,0.00000000,0.00000000,0.00000000,0.00000000,0.00000000,0.00000000,0.00000000,0.00000000,0.00000000,0.00000000,0.00000000,0.000000,0.00000000,0.000000,0.00000000,0.00000000
2025-10-10,102159.8749,0.01030000,176.58570000,8.983700,0.00000000,0.00000000,0.00000000,0.0000000,0.00000000,0.00000000,0.00000000,0.000000,0.00000000,0.00000000,0.00000000,0.00000000,0.00000000,0.00000000,0.00000000,0.000000,0.00000000,0.00000000,0.00000000,0.00000000,0.00000000,0.00000000,0.00000000,0.00000000,0.00000000,0.00000000,0.00000000,0.00000000,0.00000000,0.00000000,0.00000000,0.00000000,0.00000000,0.00000000,0.00000000,0.00000000,0.00000000,0.00000000,0.00000000,0.000000,0.00000000,0.000000,0.00000000,0.00000000
2025-10-09,239162.8213,0.01030000,169.58570000,8.983700,0.00000000,0.00000000,0.00000000,0.0000000,0.00000000,0.00000000,0.00000000,0.000000,0.00000000,0.00000000,0.00000000,0.00000000,0.00000000,0.00000000,0.00000000,0.000000,0.00000000,0.00000000,0.00000000,0.00000000,0.00000000,0.00000000,0.00000000,0.00000000,0.00000000,0.00000000,0.00000000,0.00000000,0.00000000,0.00000000,0.00000000,0.00000000,0.00000000,0.00000000,0.00000000,0.00000000,0.00000000,0.00000000,0.00000000,0.000000,0.00000000,0.000000,0.00000000,0.00000000
2025-10-08,239162.8213,0.01030000,169.58570000,8.983700,0.00000000,0.00000000,0.00000000,0.0000000,0.00000000,0.00000000,0.00000000,0.000000,0.00000000,0.00000000,0.00000000,0.00000000,0.00000000,0.00000000,0.00000000,0.000000,0.00000000,0.00000000,0.00000000,0.00000000,0.00000000,0.00000000,0.00000000,0.00000000,0.00000000,0.00000000,0.00000000,0.00000000,0.00000000,0.00000000,0.00000000,0.00000000,0.00000000,0.00000000,0.00000000,0.00000000,0.00000000,0.00000000,0.00000000,0.000000,0.00000000,0.000000,0.00000000,0.00000000
2025-10-07,234919.2871,0.01030000,169.58570000,8.983700,0.00000000,0.00000000,0.00000000,0.0000000,0.00000000,0.00000000,0.00000000,0.000000,0.00000000,0.00000000,0.00000000,0.00000000,0.00000000,0.00000000,0.00000000,0.000000,0.00000000,0.00000000,0.00000000,0.00000000,0.00000000,0.00000000,0.00000000,0.00000000,0.00000000,0.00000000,0.00000000,0.00000000,0.00000000,0.00000000,0.00000000,0.00000000,0.00000000,0.00000000,0.00000000,0.00000000,0.00000000,0.00000000,0.00000000,0.000000,0.00000000,0.000000,0.00000000,0.00000000
2025-10-06,234919.2871,0.01030000,169.58570000,8.983700,0.00000000,0.00000000,0.00000000,0.0000000,0.00000000,0.00000000,0.00000000,0.000000,0.00000000,0.00000000,0.00000000,0.00000000,0.00000000,0.00000000,0.00000000,0.000000,0.00000000,0.00000000,0.00000000,0.00000000,0.00000000,0.00000000,0.00000000,0.00000000,0.00000000,0.00000000,0.00000000,0.00000000,0.00000000,0.00000000,0.00000000,0.00000000,0.00000000,0.00000000,0.00000000,0.00000000,0.00000000,0.00000000,0.00000000,0.000000,0.00000000,0.000000,0.00000000,0.00000000
2025-10-05,234919.2871,0.01030000,169.58570000,8.983700,0.00000000,0.00000000,0.00000000,0.0000000,0.00000000,0.00000000,0.00000000,0.000000,0.00000000,0.00000000,0.00000000,0.00000000,0.00000000,0.00000000,0.00000000,0.000000,0.00000000,0.00000000,0.00000000,0.00000000,0.00000000,0.00000000,0.00000000,0.00000000,0.00000000,0.00000000,0.00000000,0.00000000,0.00000000,0.00000000,0.00000000,0.00000000,0.00000000,0.00000000,0.00000000,0.00000000,0.00000000,0.00000000,0.00000000,0.000000,0.00000000,0.000000,0.00000000,0.00000000
2025-10-04,252018.3295,0.01030000,168.58570000,8.983700,0.00000000,0.00000000,0.00000000,0.0000000,0.00000000,0.00000000,0.00000000,0.000000,0.00000000,0.00000000,0.00000000,0.00000000,0.00000000,0.00000000,0.00000000,0.000000,0.00000000,0.00000000,0.00000000,0.00000000,0.00000000,0.00000000,0.00000000,0.00000000,0.00000000,0.00000000,0.00000000,0.00000000,0.00000000,0.00000000,0.00000000,0.00000000,0.00000000,0.00000000,0.00000000,0.00000000,0.00000000,0.00000000,0.00000000,0.000000,0.00000000,0.000000,0.00000000,0.00000000
2025-10-03,374443.0325,0.01030000,161.58570000,8.983700,0.00000000,0.00000000,0.00000000,0.0000000,0.00000000,0.00000000,0.00000000,0.000000,0.00000000,0.00000000,0.00000000,0.00000000,0.00000000,0.00000000,0.00000000,0.000000,0.00000000,0.00000000,0.00000000,0.00000000,0.00000000,0.00000000,0.00000000,0.00000000,0.00000000,0.00000000,0.00000000,0.00000000,0.00000000,0.00000000,0.00000000,0.00000000,0.00000000,0.00000000,0.00000000,0.00000000,0.00000000,0.00000000,0.00000000,0.000000,0.00000000,0.000000,0.00000000,0.00000000
2025-10-02,374443.0325,0.01030000,161.58570000,8.983700,0.00000000,0.00000000,0.00000000,0.0000000,0.00000000,0.00000000,0.00000000,0.000000,0.00000000,0.00000000,0.00000000,0.00000000,0.00000000,0.00000000,0.00000000,0.000000,0.00000000,0.00000000,0.00000000,0.00000000,0.00000000,0.00000000,0.00000000,0.00000000,0.00000000,0.00000000,0.00000000,0.00000000,0.00000000,0.00000000,0.00000000,0.00000000,0.00000000,0.00000000,0.00000000,0.00000000,0.00000000,0.00000000,0.00000000,0.000000,0.00000000,0.000000,0.00000000,0.00000000
2025-10-01,200465.0569,0.01030000,171.58570000,8.983700,0.00000000,0.00000000,0.00000000,0.0000000,0.00000000,0.00000000,0.00000000,0.000000,0.00000000,0.00000000,0.00000000,0.00000000,0.00000000,0.00000000,0.00000000,0.000000,0.00000000,0.00000000,0.00000000,0.00000000,0.00000000,0.00000000,0.00000000,0.00000000,0.00000000,0.00000000,0.00000000,0.00000000,0.00000000,0.00000000,0.00000000,0.00000000,0.00000000,0.00000000,0.00000000,0.00000000,0.00000000,0.00000000,0.00000000,0.000000,0.00000000,0.000000,0.00000000,0.00000000
2025-09-30,103625.4929,0.01030000,177.58570000,8.983700,0.00000000,0.00000000,0.00000000,0.0000000,0.00000000,0.00000000,0.00000000,0.000000,0.00000000,0.00000000,0.00000000,0.00000000,0.00000000,0.00000000,0.00000000,0.000000,0.00000000,0.00000000,0.00000000,0.00000000,0.00000000,0.00000000,0.00000000,0.00000000,0.00000000,0.00000000,0.00000000,0.00000000,0.00000000,0.00000000,0.00000000,0.00000000,0.00000000,0.00000000,0.00000000,0.00000000,0.00000000,0.00000000,0.00000000,0.000000,0.00000000,0.000000,0.00000000,0.00000000
2025-09-29,197363.9414,0.01030000,171.58570000,8.983700,0.00000000,0.00000000,0.00000000,0.0000000,0.00000000,0.00000000,0.00000000,0.000000,0.00000000,0.00000000,0.00000000,0.00000000,0.00000000,0.00000000,0.00000000,0.000000,0.00000000,0.00000000,0.00000000,0.00000000,0.00000000,0.00000000,0.00000000,0.00000000,0.00000000,0.00000000,0.00000000,0.00000000,0.00000000,0.00000000,0.00000000,0.00000000,0.00000000,0.00000000,0.00000000,0.00000000,0.00000000,0.00000000,0.00000000,0.000000,0.00000000,0.000000,0.00000000,0.00000000
2025-09-28,96873.9675,0.01030000,177.88570000,8.983700,0.00000000,0.00000000,0.00000000,0.0000000,0.00000000,0.00000000,0.00000000,0.000000,0.00000000,0.00000000,0.00000000,0.00000000,0.00000000,0.00000000,0.00000000,0.000000,0.00000000,0.00000000,0.00000000,0.00000000,0.00000000,0.00000000,0.00000000,0.00000000,0.00000000,0.00000000,0.00000000,0.00000000,0.00000000,0.00000000,0.00000000,0.00000000,0.00000000,0.00000000,0.00000000,0.00000000,0.00000000,0.00000000,0.00000000,0.000000,0.00000000,0.000000,0.00000000,0.00000000
2025-09-27,96873.9675,0.01030000,177.88570000,8.983700,0.00000000,0.00000000,0.00000000,0.0000000,0.00000000,0.00000000,0.00000000,0.000000,0.00000000,0.00000000,0.00000000,0.00000000,0.00000000,0.00000000,0.00000000,0.000000,0.00000000,0.00000000,0.00000000,0.00000000,0.00000000,0.00000000,0.00000000,0.00000000,0.00000000,0.00000000,0.00000000,0.00000000,0.00000000,0.00000000,0.00000000,0.00000000,0.00000000,0.00000000,0.00000000,0.00000000,0.00000000,0.00000000,0.00000000,0.000000,0.00000000,0.000000,0.00000000,0.00000000
2025-09-26,96873.9675,0.01030000,177.88570000,8.983700,0.00000000,0.00000000,0.00000000,0.0000000,0.00000000,0.00000000,0.00000000,0.000000,0.00000000,0.00000000,0.00000000,0.00000000,0.00000000,0.00000000,0.00000000,0.000000,0.00000000,0.00000000,0.00000000,0.00000000,0.00000000,0.00000000,0.00000000,0.00000000,0.00000000,0.00000000,0.00000000,0.00000000,0.00000000,0.00000000,0.00000000,0.00000000,0.00000000,0.00000000,0.00000000,0.00000000,0.00000000,0.00000000,0.00000000,0.000000,0.00000000,0.000000,0.00000000,0.00000000
2025-09-25,96873.9675,0.01030000,177.88570000,8.983700,0.00000000,0.00000000,0.00000000,0.0000000,0.00000000,0.00000000,0.00000000,0.000000,0.00000000,0.00000000,0.00000000,0.00000000,0.00000000,0.00000000,0.00000000,0.000000,0.00000000,0.00000000,0.00000000,0.00000000,0.00000000,0.00000000,0.00000000,0.00000000,0.00000000,0.00000000,0.00000000,0.00000000,0.00000000,0.00000000,0.00000000,0.00000000,0.00000000,0.00000000,0.00000000,0.00000000,0.00000000,0.00000000,0.00000000,0.000000,0.00000000,0.000000,0.00000000,0.00000000
2025-09-24,141.0083,0.01030000,184.18570000,8.983700,0.00000000,0.00000000,0.00000000,0.0000000,0.00000000,0.00000000,0.00000000,0.000000,0.00000000,0.00000000,0.00000000,0.00000000,0.00000000,0.00000000,0.00000000,0.000000,0.00000000,0.00000000,0.00000000,0.00000000,0.00000000,0.00000000,0.00000000,0.00000000,0.00000000,0.00000000,0.00000000,0.00000000,0.00000000,0.00000000,0.00000000,0.00000000,0.00000000,0.00000000,0.00000000,0.00000000,0.00000000,0.00000000,0.00000000,0.000000,0.00000000,0.000000,0.00000000,0.00000000
2025-09-23,100260.5628,0.01030000,177.87690000,8.983700,0.00000000,0.00000000,0.00000000,0.0000000,0.00000000,0.00000000,0.00000000,0.000000,0.00000000,0.00000000,0.00000000,0.00000000,0.00000000,0.00000000,0.00000000,0.000000,0.00000000,0.00000000,0.00000000,0.00000000,0.00000000,0.00000000,0.00000000,0.00000000,0.00000000,0.00000000,0.00000000,0.00000000,0.00000000,0.00000000,0.00000000,0.00000000,0.00000000,0.00000000,0.00000000,0.00000000,0.00000000,0.00000000,0.00000000,0.000000,0.00000000,0.000000,0.00000000,0.00000000
2025-09-22,260.5628,0.01030000,177.87690000,8.983700,0.00000000,0.00000000,0.00000000,0.0000000,0.00000000,0.00000000,0.00000000,0.000000,0.00000000,0.00000000,0.00000000,0.00000000,0.00000000,0.00000000,0.00000000,0.000000,0.00000000,0.00000000,0.00000000,0.00000000,0.00000000,0.00000000,0.00000000,0.00000000,0.00000000,0.00000000,0.00000000,0.00000000,0.00000000,0.00000000,0.00000000,0.00000000,0.00000000,0.00000000,0.00000000,0.00000000,0.00000000,0.00000000,0.00000000,0.000000,0.00000000,0.000000,0.00000000,0.00000000
2025-09-21,190169.3117,0.01030000,165.77790000,8.983700,0.00000000,0.00000000,0.00000000,0.0000000,0.00000000,0.00000000,0.00000000,0.000000,0.00000000,0.00000000,0.00000000,0.00000000,0.00000000,0.00000000,0.00000000,0.000000,0.00000000,0.00000000,0.00000000,0.00000000,0.00000000,0.00000000,0.00000000,0.00000000,0.00000000,0.00000000,0.00000000,0.00000000,0.00000000,0.00000000,0.00000000,0.00000000,0.00000000,0.00000000,0.00000000,0.00000000,0.00000000,0.00000000,0.00000000,0.000000,0.00000000,0.000000,0.00000000,0.00000000
2025-09-20,190169.3117,0.01030000,165.77790000,8.983700,0.00000000,0.00000000,0.00000000,0.0000000,0.00000000,0.00000000,0.00000000,0.000000,0.00000000,0.00000000,0.00000000,0.00000000,0.00000000,0.00000000,0.00000000,0.000000,0.00000000,0.00000000,0.00000000,0.00000000,0.00000000,0.00000000,0.00000000,0.00000000,0.00000000,0.00000000,0.00000000,0.00000000,0.00000000,0.00000000,0.00000000,0.00000000,0.00000000,0.00000000,0.00000000,0.00000000,0.00000000,0.00000000,0.00000000,0.000000,0.00000000,0.000000,0.00000000,0.00000000
2025-09-19,361274.3917,0.01030000,155.77790000,8.983700,0.00000000,0.00000000,0.00000000,0.0000000,0.00000000,0.00000000,0.00000000,0.000000,0.00000000,0.00000000,0.00000000,0.00000000,0.00000000,0.00000000,0.00000000,0.000000,0.00000000,0.00000000,0.00000000,0.00000000,0.00000000,0.00000000,0.00000000,0.00000000,0.00000000,0.00000000,0.00000000,0.00000000,0.00000000,0.00000000,0.00000000,0.00000000,0.00000000,0.00000000,0.00000000,0.00000000,0.00000000,0.00000000,0.00000000,0.000000,0.00000000,0.000000,0.00000000,0.00000000
2025-09-18,361274.3917,0.01030000,155.77790000,8.983700,0.00000000,0.00000000,0.00000000,0.0000000,0.00000000,0.00000000,0.00000000,0.000000,0.00000000,0.00000000,0.00000000,0.00000000,0.00000000,0.00000000,0.00000000,0.000000,0.00000000,0.00000000,0.00000000,0.00000000,0.00000000,0.00000000,0.00000000,0.00000000,0.00000000,0.00000000,0.00000000,0.00000000,0.00000000,0.00000000,0.00000000,0.00000000,0.00000000,0.00000000,0.00000000,0.00000000,0.00000000,0.00000000,0.00000000,0.000000,0.00000000,0.000000,0.00000000,0.00000000
2025-09-17,240231.3880,0.01030000,162.77790000,8.983700,0.00000000,0.00000000,0.00000000,0.0000000,0.00000000,0.00000000,0.00000000,0.000000,0.00000000,0.00000000,0.00000000,0.00000000,0.00000000,0.00000000,0.00000000,0.000000,0.00000000,0.00000000,0.00000000,0.00000000,0.00000000,0.00000000,0.00000000,0.00000000,0.00000000,0.00000000,0.00000000,0.00000000,0.00000000,0.00000000,0.00000000,0.00000000,0.00000000,0.00000000,0.00000000,0.00000000,0.00000000,0.00000000,0.00000000,0.000000,0.00000000,0.000000,0.00000000,0.00000000
2025-09-16,240231.3880,0.01030000,162.77790000,8.983700,0.00000000,0.00000000,0.00000000,0.0000000,0.00000000,0.00000000,0.00000000,0.000000,0.00000000,0.00000000,0.00000000,0.00000000,0.00000000,0.00000000,0.00000000,0.000000,0.00000000,0.00000000,0.00000000,0.00000000,0.00000000,0.00000000,0.00000000,0.00000000,0.00000000,0.00000000,0.00000000,0.00000000,0.00000000,0.00000000,0.00000000,0.00000000,0.00000000,0.00000000,0.00000000,0.00000000,0.00000000,0.00000000,0.00000000,0.000000,0.00000000,0.000000,0.00000000,0.00000000
2025-09-15,240231.3880,0.01030000,162.77790000,8.983700,0.00000000,0.00000000,0.00000000,0.0000000,0.00000000,0.00000000,0.00000000,0.000000,0.00000000,0.00000000,0.00000000,0.00000000,0.00000000,0.00000000,0.00000000,0.000000,0.00000000,0.00000000,0.00000000,0.00000000,0.00000000,0.00000000,0.00000000,0.00000000,0.00000000,0.00000000,0.00000000,0.00000000,0.00000000,0.00000000,0.00000000,0.00000000,0.00000000,0.00000000,0.00000000,0.00000000,0.00000000,0.00000000,0.00000000,0.000000,0.00000000,0.000000,0.00000000,0.00000000
2025-09-14,357533.5228,0.01030000,155.77790000,8.983700,0.00000000,0.00000000,0.00000000,0.0000000,0.00000000,0.00000000,0.00000000,0.000000,0.00000000,0.00000000,0.00000000,0.00000000,0.00000000,0.00000000,0.00000000,0.000000,0.00000000,0.00000000,0.00000000,0.00000000,0.00000000,0.00000000,0.00000000,0.00000000,0.00000000,0.00000000,0.00000000,0.00000000,0.00000000,0.00000000,0.00000000,0.00000000,0.00000000,0.00000000,0.00000000,0.00000000,0.00000000,0.00000000,0.00000000,0.000000,0.00000000,0.000000,0.00000000,0.00000000
2025-09-13,528312.2116,0.01030000,145.77790000,8.983700,0.00000000,0.00000000,0.00000000,0.0000000,0.00000000,0.00000000,0.00000000,0.000000,0.00000000,0.00000000,0.00000000,0.00000000,0.00000000,0.00000000,0.00000000,0.000000,0.00000000,0.00000000,0.00000000,0.00000000,0.00000000,0.00000000,0.00000000,0.00000000,0.00000000,0.00000000,0.00000000,0.00000000,0.00000000,0.00000000,0.00000000,0.00000000,0.00000000,0.00000000,0.00000000,0.00000000,0.00000000,0.00000000,0.00000000,0.000000,0.00000000,0.000000,0.00000000,0.00000000
2025-09-12,528312.2116,0.01030000,145.77790000,8.983700,0.00000000,0.00000000,0.00000000,0.0000000,0.00000000,0.00000000,0.00000000,0.000000,0.00000000,0.00000000,0.00000000,0.00000000,0.00000000,0.00000000,0.00000000,0.000000,0.00000000,0.00000000,0.00000000,0.00000000,0.00000000,0.00000000,0.00000000,0.00000000,0.00000000,0.00000000,0.00000000,0.00000000,0.00000000,0.00000000,0.00000000,0.00000000,0.00000000,0.00000000,0.00000000,0.00000000,0.00000000,0.00000000,0.00000000,0.000000,0.00000000,0.000000,0.00000000,0.00000000
2025-09-11,528312.2116,0.01030000,145.77790000,8.983700,0.00000000,0.00000000,0.00000000,0.0000000,0.00000000,0.00000000,0.00000000,0.000000,0.00000000,0.00000000,0.00000000,0.00000000,0.00000000,0.00000000,0.00000000,0.000000,0.00000000,0.00000000,0.00000000,0.00000000,0.00000000,0.00000000,0.00000000,0.00000000,0.00000000,0.00000000,0.00000000,0.00000000,0.00000000,0.00000000,0.00000000,0.00000000,0.00000000,0.00000000,0.00000000,0.00000000,0.00000000,0.00000000,0.00000000,0.000000,0.00000000,0.000000,0.00000000,0.00000000
2025-09-10,526914.7084,0.01030000,145.86020000,8.983700,0.00000000,0.00000000,0.00000000,0.0000000,0.00000000,0.00000000,0.00000000,0.000000,0.00000000,0.00000000,0.00000000,0.00000000,0.00000000,0.00000000,0.00000000,0.000000,0.00000000,0.00000000,0.00000000,0.00000000,0.00000000,0.00000000,0.00000000,0.00000000,0.00000000,0.00000000,0.00000000,0.00000000,0.00000000,0.00000000,0.00000000,0.00000000,0.00000000,0.00000000,0.00000000,0.00000000,0.00000000,0.00000000,0.00000000,0.000000,0.00000000,0.000000,0.00000000,0.00000000
2025-09-09,526914.7084,0.01030000,145.86020000,8.983700,0.00000000,0.00000000,0.00000000,0.0000000,0.00000000,0.00000000,0.00000000,0.000000,0.00000000,0.00000000,0.00000000,0.00000000,0.00000000,0.00000000,0.00000000,0.000000,0.00000000,0.00000000,0.00000000,0.00000000,0.00000000,0.00000000,0.00000000,0.00000000,0.00000000,0.00000000,0.00000000,0.00000000,0.00000000,0.00000000,0.00000000,0.00000000,0.00000000,0.00000000,0.00000000,0.00000000,0.00000000,0.00000000,0.00000000,0.000000,0.00000000,0.000000,0.00000000,0.00000000
2025-09-08,526914.7084,0.01030000,145.86020000,8.983700,0.00000000,0.00000000,0.00000000,0.0000000,0.00000000,0.00000000,0.00000000,0.000000,0.00000000,0.00000000,0.00000000,0.00000000,0.00000000,0.00000000,0.00000000,0.000000,0.00000000,0.00000000,0.00000000,0.00000000,0.00000000,0.00000000,0.00000000,0.00000000,0.00000000,0.00000000,0.00000000,0.00000000,0.00000000,0.00000000,0.00000000,0.00000000,0.00000000,0.00000000,0.00000000,0.00000000,0.00000000,0.00000000,0.00000000,0.000000,0.00000000,0.000000,0.00000000,0.00000000
2025-09-07,526914.7084,0.01030000,145.86020000,8.983700,0.00000000,0.00000000,0.00000000,0.0000000,0.00000000,0.00000000,0.00000000,0.000000,0.00000000,0.00000000,0.00000000,0.00000000,0.00000000,0.00000000,0.00000000,0.000000,0.00000000,0.00000000,0.00000000,0.00000000,0.00000000,0.00000000,0.00000000,0.00000000,0.00000000,0.00000000,0.00000000,0.00000000,0.00000000,0.00000000,0.00000000,0.00000000,0.00000000,0.00000000,0.00000000,0.00000000,0.00000000,0.00000000,0.00000000,0.000000,0.00000000,0.000000,0.00000000,0.00000000
2025-09-06,526914.7084,0.01030000,145.86020000,8.983700,0.00000000,0.00000000,0.00000000,0.0000000,0.00000000,0.00000000,0.00000000,0.000000,0.00000000,0.00000000,0.00000000,0.00000000,0.00000000,0.00000000,0.00000000,0.000000,0.00000000,0.00000000,0.00000000,0.00000000,0.00000000,0.00000000,0.00000000,0.00000000,0.00000000,0.00000000,0.00000000,0.00000000,0.00000000,0.00000000,0.00000000,0.00000000,0.00000000,0.00000000,0.00000000,0.00000000,0.00000000,0.00000000,0.00000000,0.000000,0.00000000,0.000000,0.00000000,0.00000000
2025-09-05,526914.7084,0.01030000,145.86020000,8.983700,0.00000000,0.00000000,0.00000000,0.0000000,0.00000000,0.00000000,0.00000000,0.000000,0.00000000,0.00000000,0.00000000,0.00000000,0.00000000,0.00000000,0.00000000,0.000000,0.00000000,0.00000000,0.00000000,0.00000000,0.00000000,0.00000000,0.00000000,0.00000000,0.00000000,0.00000000,0.00000000,0.00000000,0.00000000,0.00000000,0.00000000,0.00000000,0.00000000,0.00000000,0.00000000,0.00000000,0.00000000,0.00000000,0.00000000,0.000000,0.00000000,0.000000,0.00000000,0.00000000
2025-09-04,526914.7084,0.01030000,145.86020000,8.983700,0.00000000,0.00000000,0.00000000,0.0000000,0.00000000,0.00000000,0.00000000,0.000000,0.00000000,0.00000000,0.00000000,0.00000000,0.00000000,0.00000000,0.00000000,0.000000,0.00000000,0.00000000,0.00000000,0.00000000,0.00000000,0.00000000,0.00000000,0.00000000,0.00000000,0.00000000,0.00000000,0.00000000,0.00000000,0.00000000,0.00000000,0.00000000,0.00000000,0.00000000,0.00000000,0.00000000,0.00000000,0.00000000,0.00000000,0.000000,0.00000000,0.000000,0.00000000,0.00000000
2025-09-03,526914.7084,0.01030000,145.86020000,8.983700,0.00000000,0.00000000,0.00000000,0.0000000,0.00000000,0.00000000,0.00000000,0.000000,0.00000000,0.00000000,0.00000000,0.00000000,0.00000000,0.00000000,0.00000000,0.000000,0.00000000,0.00000000,0.00000000,0.00000000,0.00000000,0.00000000,0.00000000,0.00000000,0.00000000,0.00000000,0.00000000,0.00000000,0.00000000,0.00000000,0.00000000,0.00000000,0.00000000,0.00000000,0.00000000,0.00000000,0.00000000,0.00000000,0.00000000,0.000000,0.00000000,0.000000,0.00000000,0.00000000
2025-09-02,526914.7084,0.01030000,145.86020000,8.983700,0.00000000,0.00000000,0.00000000,0.0000000,0.00000000,0.00000000,0.00000000,0.000000,0.00000000,0.00000000,0.00000000,0.00000000,0.00000000,0.00000000,0.00000000,0.000000,0.00000000,0.00000000,0.00000000,0.00000000,0.00000000,0.00000000,0.00000000,0.00000000,0.00000000,0.00000000,0.00000000,0.00000000,0.00000000,0.00000000,0.00000000,0.00000000,0.00000000,0.00000000,0.00000000,0.00000000,0.00000000,0.00000000,0.00000000,0.000000,0.00000000,0.000000,0.00000000,0.00000000
2025-09-01,526914.7084,0.01030000,145.86020000,8.983700,0.00000000,0.00000000,0.00000000,0.0000000,0.00000000,0.00000000,0.00000000,0.000000,0.00000000,0.00000000,0.00000000,0.00000000,0.00000000,0.00000000,0.00000000,0.000000,0.00000000,0.00000000,0.00000000,0.00000000,0.00000000,0.00000000,0.00000000,0.00000000,0.00000000,0.00000000,0.00000000,0.00000000,0.00000000,0.00000000,0.00000000,0.00000000,0.00000000,0.00000000,0.00000000,0.00000000,0.00000000,0.00000000,0.00000000,0.000000,0.00000000,0.000000,0.00000000,0.00000000
2025-08-31,526914.7084,0.01030000,145.86020000,8.983700,0.00000000,0.00000000,0.00000000,0.0000000,0.00000000,0.00000000,0.00000000,0.000000,0.00000000,0.00000000,0.00000000,0.00000000,0.00000000,0.00000000,0.00000000,0.000000,0.00000000,0.00000000,0.00000000,0.00000000,0.00000000,0.00000000,0.00000000,0.00000000,0.00000000,0.00000000,0.00000000,0.00000000,0.00000000,0.00000000,0.00000000,0.00000000,0.00000000,0.00000000,0.00000000,0.00000000,0.00000000,0.00000000,0.00000000,0.000000,0.00000000,0.000000,0.00000000,0.00000000
2025-08-30,526914.7084,0.01030000,145.86020000,8.983700,0.00000000,0.00000000,0.00000000,0.0000000,0.00000000,0.00000000,0.00000000,0.000000,0.00000000,0.00000000,0.00000000,0.00000000,0.00000000,0.00000000,0.00000000,0.000000,0.00000000,0.00000000,0.00000000,0.00000000,0.00000000,0.00000000,0.00000000,0.00000000,0.00000000,0.00000000,0.00000000,0.00000000,0.00000000,0.00000000,0.00000000,0.00000000,0.00000000,0.00000000,0.00000000,0.00000000,0.00000000,0.00000000,0.00000000,0.000000,0.00000000,0.000000,0.00000000,0.00000000
2025-08-29,526914.7084,0.01030000,145.86020000,8.983700,0.00000000,0.00000000,0.00000000,0.0000000,0.00000000,0.00000000,0.00000000,0.000000,0.00000000,0.00000000,0.00000000,0.00000000,0.00000000,0.00000000,0.00000000,0.000000,0.00000000,0.00000000,0.00000000,0.00000000,0.00000000,0.00000000,0.00000000,0.00000000,0.00000000,0.00000000,0.00000000,0.00000000,0.00000000,0.00000000,0.00000000,0.00000000,0.00000000,0.00000000,0.00000000,0.00000000,0.00000000,0.00000000,0.00000000,0.000000,0.00000000,0.000000,0.00000000,0.00000000
2025-08-28,526914.7084,0.01030000,145.86020000,8.983700,0.00000000,0.00000000,0.00000000,0.0000000,0.00000000,0.00000000,0.00000000,0.000000,0.00000000,0.00000000,0.00000000,0.00000000,0.00000000,0.00000000,0.00000000,0.000000,0.00000000,0.00000000,0.00000000,0.00000000,0.00000000,0.00000000,0.00000000,0.00000000,0.00000000,0.00000000,0.00000000,0.00000000,0.00000000,0.00000000,0.00000000,0.00000000,0.00000000,0.00000000,0.00000000,0.00000000,0.00000000,0.00000000,0.00000000,0.000000,0.00000000,0.000000,0.00000000,0.00000000
2025-08-27,526914.7084,0.01030000,145.86020000,8.983700,0.00000000,0.00000000,0.00000000,0.0000000,0.00000000,0.00000000,0.00000000,0.000000,0.00000000,0.00000000,0.00000000,0.00000000,0.00000000,0.00000000,0.00000000,0.000000,0.00000000,0.00000000,0.00000000,0.00000000,0.00000000,0.00000000,0.00000000,0.00000000,0.00000000,0.00000000,0.00000000,0.00000000,0.00000000,0.00000000,0.00000000,0.00000000,0.00000000,0.00000000,0.00000000,0.00000000,0.00000000,0.00000000,0.00000000,0.000000,0.00000000,0.000000,0.00000000,0.00000000
2025-08-26,526914.7084,0.01030000,145.86020000,8.983700,0.00000000,0.00000000,0.00000000,0.0000000,0.00000000,0.00000000,0.00000000,0.000000,0.00000000,0.00000000,0.00000000,0.00000000,0.00000000,0.00000000,0.00000000,0.000000,0.00000000,0.00000000,0.00000000,0.00000000,0.00000000,0.00000000,0.00000000,0.00000000,0.00000000,0.00000000,0.00000000,0.00000000,0.00000000,0.00000000,0.00000000,0.00000000,0.00000000,0.00000000,0.00000000,0.00000000,0.00000000,0.00000000,0.00000000,0.000000,0.00000000,0.000000,0.00000000,0.00000000
2025-08-25,689049.2750,0.01030000,135.86020000,8.983700,0.00000000,0.00000000,0.00000000,0.0000000,0.00000000,0.00000000,0.00000000,0.000000,0.00000000,0.00000000,0.00000000,0.00000000,0.00000000,0.00000000,0.00000000,0.000000,0.00000000,0.00000000,0.00000000,0.00000000,0.00000000,0.00000000,0.00000000,0.00000000,0.00000000,0.00000000,0.00000000,0.00000000,0.00000000,0.00000000,0.00000000,0.00000000,0.00000000,0.00000000,0.00000000,0.00000000,0.00000000,0.00000000,0.00000000,0.000000,0.00000000,0.000000,0.00000000,0.00000000
2025-08-24,689049.2750,0.01030000,135.86020000,8.983700,0.00000000,0.00000000,0.00000000,0.0000000,0.00000000,0.00000000,0.00000000,0.000000,0.00000000,0.00000000,0.00000000,0.00000000,0.00000000,0.00000000,0.00000000,0.000000,0.00000000,0.00000000,0.00000000,0.00000000,0.00000000,0.00000000,0.00000000,0.00000000,0.00000000,0.00000000,0.00000000,0.00000000,0.00000000,0.00000000,0.00000000,0.00000000,0.00000000,0.00000000,0.00000000,0.00000000,0.00000000,0.00000000,0.00000000,0.000000,0.00000000,0.000000,0.00000000,0.00000000
2025-08-23,689049.2750,0.01030000,135.86020000,8.983700,0.00000000,0.00000000,0.00000000,0.0000000,0.00000000,0.00000000,0.00000000,0.000000,0.00000000,0.00000000,0.00000000,0.00000000,0.00000000,0.00000000,0.00000000,0.000000,0.00000000,0.00000000,0.00000000,0.00000000,0.00000000,0.00000000,0.00000000,0.00000000,0.00000000,0.00000000,0.00000000,0.00000000,0.00000000,0.00000000,0.00000000,0.00000000,0.00000000,0.00000000,0.00000000,0.00000000,0.00000000,0.00000000,0.00000000,0.000000,0.00000000,0.000000,0.00000000,0.00000000
2025-08-22,689049.2750,0.01030000,135.86020000,8.983700,0.00000000,0.00000000,0.00000000,0.0000000,0.00000000,0.00000000,0.00000000,0.000000,0.00000000,0.00000000,0.00000000,0.00000000,0.00000000,0.00000000,0.00000000,0.000000,0.00000000,0.00000000,0.00000000,0.00000000,0.00000000,0.00000000,0.00000000,0.00000000,0.00000000,0.00000000,0.00000000,0.00000000,0.00000000,0.00000000,0.00000000,0.00000000,0.00000000,0.00000000,0.00000000,0.00000000,0.00000000,0.00000000,0.00000000,0.000000,0.00000000,0.000000,0.00000000,0.00000000
2025-08-21,689049.2750,0.01030000,135.86020000,8.983700,0.00000000,0.00000000,0.00000000,0.0000000,0.00000000,0.00000000,0.00000000,0.000000,0.00000000,0.00000000,0.00000000,0.00000000,0.00000000,0.00000000,0.00000000,0.000000,0.00000000,0.00000000,0.00000000,0.00000000,0.00000000,0.00000000,0.00000000,0.00000000,0.00000000,0.00000000,0.00000000,0.00000000,0.00000000,0.00000000,0.00000000,0.00000000,0.00000000,0.00000000,0.00000000,0.00000000,0.00000000,0.00000000,0.00000000,0.000000,0.00000000,0.000000,0.00000000,0.00000000
2025-08-20,689049.2750,0.01030000,135.86020000,8.983700,0.00000000,0.00000000,0.00000000,0.0000000,0.00000000,0.00000000,0.00000000,0.000000,0.00000000,0.00000000,0.00000000,0.00000000,0.00000000,0.00000000,0.00000000,0.000000,0.00000000,0.00000000,0.00000000,0.00000000,0.00000000,0.00000000,0.00000000,0.00000000,0.00000000,0.00000000,0.00000000,0.00000000,0.00000000,0.00000000,0.00000000,0.00000000,0.00000000,0.00000000,0.00000000,0.00000000,0.00000000,0.00000000,0.00000000,0.000000,0.00000000,0.000000,0.00000000,0.00000000
2025-08-19,689049.2750,0.01030000,135.86020000,8.983700,0.00000000,0.00000000,0.00000000,0.0000000,0.00000000,0.00000000,0.00000000,0.000000,0.00000000,0.00000000,0.00000000,0.00000000,0.00000000,0.00000000,0.00000000,0.000000,0.00000000,0.00000000,0.00000000,0.00000000,0.00000000,0.00000000,0.00000000,0.00000000,0.00000000,0.00000000,0.00000000,0.00000000,0.00000000,0.00000000,0.00000000,0.00000000,0.00000000,0.00000000,0.00000000,0.00000000,0.00000000,0.00000000,0.00000000,0.000000,0.00000000,0.000000,0.00000000,0.00000000
2025-08-18,2189819.2750,0.01030000,135.86020000,8.983700,0.00000000,0.00000000,0.00000000,0.0000000,0.00000000,0.00000000,0.00000000,0.000000,0.00000000,0.00000000,0.00000000,0.00000000,0.00000000,0.00000000,0.00000000,0.000000,0.00000000,0.00000000,0.00000000,0.00000000,0.00000000,0.00000000,0.00000000,0.00000000,0.00000000,0.00000000,0.00000000,0.00000000,0.00000000,0.00000000,0.00000000,0.00000000,0.00000000,0.00000000,0.00000000,0.00000000,0.00000000,0.00000000,0.00000000,0.000000,0.00000000,0.000000,0.00000000,0.00000000
2025-08-17,2189819.2750,0.01030000,135.86020000,8.983700,0.00000000,0.00000000,0.00000000,0.0000000,0.00000000,0.00000000,0.00000000,0.000000,0.00000000,0.00000000,0.00000000,0.00000000,0.00000000,0.00000000,0.00000000,0.000000,0.00000000,0.00000000,0.00000000,0.00000000,0.00000000,0.00000000,0.00000000,0.00000000,0.00000000,0.00000000,0.00000000,0.00000000,0.00000000,0.00000000,0.00000000,0.00000000,0.00000000,0.00000000,0.00000000,0.00000000,0.00000000,0.00000000,0.00000000,0.000000,0.00000000,0.000000,0.00000000,0.00000000
2025-08-16,2189819.2750,0.01030000,135.86020000,8.983700,0.00000000,0.00000000,0.00000000,0.0000000,0.00000000,0.00000000,0.00000000,0.000000,0.00000000,0.00000000,0.00000000,0.00000000,0.00000000,0.00000000,0.00000000,0.000000,0.00000000,0.00000000,0.00000000,0.00000000,0.00000000,0.00000000,0.00000000,0.00000000,0.00000000,0.00000000,0.00000000,0.00000000,0.00000000,0.00000000,0.00000000,0.00000000,0.00000000,0.00000000,0.00000000,0.00000000,0.00000000,0.00000000,0.00000000,0.000000,0.00000000,0.000000,0.00000000,0.00000000
2025-08-15,2189819.2750,0.01030000,135.86020000,8.983700,0.00000000,0.00000000,0.00000000,0.0000000,0.00000000,0.00000000,0.00000000,0.000000,0.00000000,0.00000000,0.00000000,0.00000000,0.00000000,0.00000000,0.00000000,0.000000,0.00000000,0.00000000,0.00000000,0.00000000,0.00000000,0.00000000,0.00000000,0.00000000,0.00000000,0.00000000,0.00000000,0.00000000,0.00000000,0.00000000,0.00000000,0.00000000,0.00000000,0.00000000,0.00000000,0.00000000,0.00000000,0.00000000,0.00000000,0.000000,0.00000000,0.000000,0.00000000,0.00000000
2025-08-14,2189819.2750,0.01030000,135.86020000,8.983700,0.00000000,0.00000000,0.00000000,0.0000000,0.00000000,0.00000000,0.00000000,0.000000,0.00000000,0.00000000,0.00000000,0.00000000,0.00000000,0.00000000,0.00000000,0.000000,0.00000000,0.00000000,0.00000000,0.00000000,0.00000000,0.00000000,0.00000000,0.00000000,0.00000000,0.00000000,0.00000000,0.00000000,0.00000000,0.00000000,0.00000000,0.00000000,0.00000000,0.00000000,0.00000000,0.00000000,0.00000000,0.00000000,0.00000000,0.000000,0.00000000,0.000000,0.00000000,0.00000000
2025-08-13,2189819.2750,0.01030000,135.86020000,8.983700,0.00000000,0.00000000,0.00000000,0.0000000,0.00000000,0.00000000,0.00000000,0.000000,0.00000000,0.00000000,0.00000000,0.00000000,0.00000000,0.00000000,0.00000000,0.000000,0.00000000,0.00000000,0.00000000,0.00000000,0.00000000,0.00000000,0.00000000,0.00000000,0.00000000,0.00000000,0.00000000,0.00000000,0.00000000,0.00000000,0.00000000,0.00000000,0.00000000,0.00000000,0.00000000,0.00000000,0.00000000,0.00000000,0.00000000,0.000000,0.00000000,0.000000,0.00000000,0.00000000
2025-08-12,2096905.6960,0.01030000,140.86020000,8.983700,0.00000000,0.00000000,0.00000000,0.0000000,0.00000000,0.00000000,0.00000000,0.000000,0.00000000,0.00000000,0.00000000,0.00000000,0.00000000,0.00000000,0.00000000,0.000000,0.00000000,0.00000000,0.00000000,0.00000000,0.00000000,0.00000000,0.00000000,0.00000000,0.00000000,0.00000000,0.00000000,0.00000000,0.00000000,0.00000000,0.00000000,0.00000000,0.00000000,0.00000000,0.00000000,0.00000000,0.00000000,0.00000000,0.00000000,0.000000,0.00000000,0.000000,0.00000000,0.00000000
2025-08-11,2185477.5038,0.01030000,135.86020000,8.983700,0.00000000,0.00000000,0.00000000,0.0000000,0.00000000,0.00000000,0.00000000,0.000000,0.00000000,0.00000000,0.00000000,0.00000000,0.00000000,0.00000000,0.00000000,0.000000,0.00000000,0.00000000,0.00000000,0.00000000,0.00000000,0.00000000,0.00000000,0.00000000,0.00000000,0.00000000,0.00000000,0.00000000,0.00000000,0.00000000,0.00000000,0.00000000,0.00000000,0.00000000,0.00000000,0.00000000,0.00000000,0.00000000,0.00000000,0.000000,0.00000000,0.000000,0.00000000,0.00000000
2025-08-10,2185477.5038,0.01030000,135.86020000,8.983700,0.00000000,0.00000000,0.00000000,0.0000000,0.00000000,0.00000000,0.00000000,0.000000,0.00000000,0.00000000,0.00000000,0.00000000,0.00000000,0.00000000,0.00000000,0.000000,0.00000000,0.00000000,0.00000000,0.00000000,0.00000000,0.00000000,0.00000000,0.00000000,0.00000000,0.00000000,0.00000000,0.00000000,0.00000000,0.00000000,0.00000000,0.00000000,0.00000000,0.00000000,0.00000000,0.00000000,0.00000000,0.00000000,0.00000000,0.000000,0.00000000,0.000000,0.00000000,0.00000000
2025-08-09,2185477.5038,0.01030000,135.86020000,8.983700,0.00000000,0.00000000,0.00000000,0.0000000,0.00000000,0.00000000,0.00000000,0.000000,0.00000000,0.00000000,0.00000000,0.00000000,0.00000000,0.00000000,0.00000000,0.000000,0.00000000,0.00000000,0.00000000,0.00000000,0.00000000,0.00000000,0.00000000,0.00000000,0.00000000,0.00000000,0.00000000,0.00000000,0.00000000,0.00000000,0.00000000,0.00000000,0.00000000,0.00000000,0.00000000,0.00000000,0.00000000,0.00000000,0.00000000,0.000000,0.00000000,0.000000,0.00000000,0.00000000
2025-08-08,2185477.5038,0.01030000,135.86020000,8.983700,0.00000000,0.00000000,0.00000000,0.0000000,0.00000000,0.00000000,0.00000000,0.000000,0.00000000,0.00000000,0.00000000,0.00000000,0.00000000,0.00000000,0.00000000,0.000000,0.00000000,0.00000000,0.00000000,0.00000000,0.00000000,0.00000000,0.00000000,0.00000000,0.00000000,0.00000000,0.00000000,0.00000000,0.00000000,0.00000000,0.00000000,0.00000000,0.00000000,0.00000000,0.00000000,0.00000000,0.00000000,0.00000000,0.00000000,0.000000,0.00000000,0.000000,0.00000000,0.00000000
2025-08-07,2185477.5038,0.01030000,135.86020000,8.983700,0.00000000,0.00000000,0.00000000,0.0000000,0.00000000,0.00000000,0.00000000,0.000000,0.00000000,0.00000000,0.00000000,0.00000000,0.00000000,0.00000000,0.00000000,0.000000,0.00000000,0.00000000,0.00000000,0.00000000,0.00000000,0.00000000,0.00000000,0.00000000,0.00000000,0.00000000,0.00000000,0.00000000,0.00000000,0.00000000,0.00000000,0.00000000,0.00000000,0.00000000,0.00000000,0.00000000,0.00000000,0.00000000,0.00000000,0.000000,0.00000000,0.000000,0.00000000,0.00000000
2025-08-06,2185477.5038,0.01030000,135.86020000,8.983700,0.00000000,0.00000000,0.00000000,0.0000000,0.00000000,0.00000000,0.00000000,0.000000,0.00000000,0.00000000,0.00000000,0.00000000,0.00000000,0.00000000,0.00000000,0.000000,0.00000000,0.00000000,0.00000000,0.00000000,0.00000000,0.00000000,0.00000000,0.00000000,0.00000000,0.00000000,0.00000000,0.00000000,0.00000000,0.00000000,0.00000000,0.00000000,0.00000000,0.00000000,0.00000000,0.00000000,0.00000000,0.00000000,0.00000000,0.000000,0.00000000,0.000000,0.00000000,0.00000000
2025-08-05,2271460.3038,0.01030000,130.86020000,8.983700,0.00000000,0.00000000,0.00000000,0.0000000,0.00000000,0.00000000,0.00000000,0.000000,0.00000000,0.00000000,0.00000000,0.00000000,0.00000000,0.00000000,0.00000000,0.000000,0.00000000,0.00000000,0.00000000,0.00000000,0.00000000,0.00000000,0.00000000,0.00000000,0.00000000,0.00000000,0.00000000,0.00000000,0.00000000,0.00000000,0.00000000,0.00000000,0.00000000,0.00000000,0.00000000,0.00000000,0.00000000,0.00000000,0.00000000,0.000000,0.00000000,0.000000,0.00000000,0.00000000
2025-08-04,2271460.3038,0.01030000,130.86020000,8.983700,0.00000000,0.00000000,0.00000000,0.0000000,0.00000000,0.00000000,0.00000000,0.000000,0.00000000,0.00000000,0.00000000,0.00000000,0.00000000,0.00000000,0.00000000,0.000000,0.00000000,0.00000000,0.00000000,0.00000000,0.00000000,0.00000000,0.00000000,0.00000000,0.00000000,0.00000000,0.00000000,0.00000000,0.00000000,0.00000000,0.00000000,0.00000000,0.00000000,0.00000000,0.00000000,0.00000000,0.00000000,0.00000000,0.00000000,0.000000,0.00000000,0.000000,0.00000000,0.00000000
2025-08-03,2081798.3790,0.01030000,141.86020000,8.983700,0.00000000,0.00000000,0.00000000,0.0000000,0.00000000,0.00000000,0.00000000,0.000000,0.00000000,0.00000000,0.00000000,0.00000000,0.00000000,0.00000000,0.00000000,0.000000,0.00000000,0.00000000,0.00000000,0.00000000,0.00000000,0.00000000,0.00000000,0.00000000,0.00000000,0.00000000,0.00000000,0.00000000,0.00000000,0.00000000,0.00000000,0.00000000,0.00000000,0.00000000,0.00000000,0.00000000,0.00000000,0.00000000,0.00000000,0.000000,0.00000000,0.000000,0.00000000,0.00000000
2025-08-02,2081798.3790,0.01030000,141.86020000,8.983700,0.00000000,0.00000000,0.00000000,0.0000000,0.00000000,0.00000000,0.00000000,0.000000,0.00000000,0.00000000,0.00000000,0.00000000,0.00000000,0.00000000,0.00000000,0.000000,0.00000000,0.00000000,0.00000000,0.00000000,0.00000000,0.00000000,0.00000000,0.00000000,0.00000000,0.00000000,0.00000000,0.00000000,0.00000000,0.00000000,0.00000000,0.00000000,0.00000000,0.00000000,0.00000000,0.00000000,0.00000000,0.00000000,0.00000000,0.000000,0.00000000,0.000000,0.00000000,0.00000000
2025-08-01,2081798.3790,0.01030000,141.86020000,8.983700,0.00000000,0.00000000,0.00000000,0.0000000,0.00000000,0.00000000,0.00000000,0.000000,0.00000000,0.00000000,0.00000000,0.00000000,0.00000000,0.00000000,0.00000000,0.000000,0.00000000,0.00000000,0.00000000,0.00000000,0.00000000,0.00000000,0.00000000,0.00000000,0.00000000,0.00000000,0.00000000,0.00000000,0.00000000,0.00000000,0.00000000,0.00000000,0.00000000,0.00000000,0.00000000,0.00000000,0.00000000,0.00000000,0.00000000,0.000000,0.00000000,0.000000,0.00000000,0.00000000
2025-07-31,2081798.3790,0.01030000,141.86020000,8.983700,0.00000000,0.00000000,0.00000000,0.0000000,0.00000000,0.00000000,0.00000000,0.000000,0.00000000,0.00000000,0.00000000,0.00000000,0.00000000,0.00000000,0.00000000,0.000000,0.00000000,0.00000000,0.00000000,0.00000000,0.00000000,0.00000000,0.00000000,0.00000000,0.00000000,0.00000000,0.00000000,0.00000000,0.00000000,0.00000000,0.00000000,0.00000000,0.00000000,0.00000000,0.00000000,0.00000000,0.00000000,0.00000000,0.00000000,0.000000,0.00000000,0.000000,0.00000000,0.00000000
2025-07-30,2081798.3790,0.01030000,141.86020000,8.983700,0.00000000,0.00000000,0.00000000,0.0000000,0.00000000,0.00000000,0.00000000,0.000000,0.00000000,0.00000000,0.00000000,0.00000000,0.00000000,0.00000000,0.00000000,0.000000,0.00000000,0.00000000,0.00000000,0.00000000,0.00000000,0.00000000,0.00000000,0.00000000,0.00000000,0.00000000,0.00000000,0.00000000,0.00000000,0.00000000,0.00000000,0.00000000,0.00000000,0.00000000,0.00000000,0.00000000,0.00000000,0.00000000,0.00000000,0.000000,0.00000000,0.000000,0.00000000,0.00000000
2025-07-29,2161994.3366,0.01030000,136.86020000,8.983700,0.00000000,0.00000000,0.00000000,0.0000000,0.00000000,0.00000000,0.00000000,0.000000,0.00000000,0.00000000,0.00000000,0.00000000,0.00000000,0.00000000,0.00000000,0.000000,0.00000000,0.00000000,0.00000000,0.00000000,0.00000000,0.00000000,0.00000000,0.00000000,0.00000000,0.00000000,0.00000000,0.00000000,0.00000000,0.00000000,0.00000000,0.00000000,0.00000000,0.00000000,0.00000000,0.00000000,0.00000000,0.00000000,0.00000000,0.000000,0.00000000,0.000000,0.00000000,0.00000000
2025-07-28,2243588.6324,0.01030000,131.86020000,8.983700,0.00000000,0.00000000,0.00000000,0.0000000,0.00000000,0.00000000,0.00000000,0.000000,0.00000000,0.00000000,0.00000000,0.00000000,0.00000000,0.00000000,0.00000000,0.000000,0.00000000,0.00000000,0.00000000,0.00000000,0.00000000,0.00000000,0.00000000,0.00000000,0.00000000,0.00000000,0.00000000,0.00000000,0.00000000,0.00000000,0.00000000,0.00000000,0.00000000,0.00000000,0.00000000,0.00000000,0.00000000,0.00000000,0.00000000,0.000000,0.00000000,0.000000,0.00000000,0.00000000
2025-07-27,2243588.6324,0.01030000,131.86020000,8.983700,0.00000000,0.00000000,0.00000000,0.0000000,0.00000000,0.00000000,0.00000000,0.000000,0.00000000,0.00000000,0.00000000,0.00000000,0.00000000,0.00000000,0.00000000,0.000000,0.00000000,0.00000000,0.00000000,0.00000000,0.00000000,0.00000000,0.00000000,0.00000000,0.00000000,0.00000000,0.00000000,0.00000000,0.00000000,0.00000000,0.00000000,0.00000000,0.00000000,0.00000000,0.00000000,0.00000000,0.00000000,0.00000000,0.00000000,0.000000,0.00000000,0.000000,0.00000000,0.00000000
2025-07-26,2243588.6324,0.01030000,131.86020000,8.983700,0.00000000,0.00000000,0.00000000,0.0000000,0.00000000,0.00000000,0.00000000,0.000000,0.00000000,0.00000000,0.00000000,0.00000000,0.00000000,0.00000000,0.00000000,0.000000,0.00000000,0.00000000,0.00000000,0.00000000,0.00000000,0.00000000,0.00000000,0.00000000,0.00000000,0.00000000,0.00000000,0.00000000,0.00000000,0.00000000,0.00000000,0.00000000,0.00000000,0.00000000,0.00000000,0.00000000,0.00000000,0.00000000,0.00000000,0.000000,0.00000000,0.000000,0.00000000,0.00000000
2025-07-25,2243588.6324,0.01030000,131.86020000,8.983700,0.00000000,0.00000000,0.00000000,0.0000000,0.00000000,0.00000000,0.00000000,0.000000,0.00000000,0.00000000,0.00000000,0.00000000,0.00000000,0.00000000,0.00000000,0.000000,0.00000000,0.00000000,0.00000000,0.00000000,0.00000000,0.00000000,0.00000000,0.00000000,0.00000000,0.00000000,0.00000000,0.00000000,0.00000000,0.00000000,0.00000000,0.00000000,0.00000000,0.00000000,0.00000000,0.00000000,0.00000000,0.00000000,0.00000000,0.000000,0.00000000,0.000000,0.00000000,0.00000000
2025-07-24,2243588.6324,0.01030000,131.86020000,8.983700,0.00000000,0.00000000,0.00000000,0.0000000,0.00000000,0.00000000,0.00000000,0.000000,0.00000000,0.00000000,0.00000000,0.00000000,0.00000000,0.00000000,0.00000000,0.000000,0.00000000,0.00000000,0.00000000,0.00000000,0.00000000,0.00000000,0.00000000,0.00000000,0.00000000,0.00000000,0.00000000,0.00000000,0.00000000,0.00000000,0.00000000,0.00000000,0.00000000,0.00000000,0.00000000,0.00000000,0.00000000,0.00000000,0.00000000,0.000000,0.00000000,0.000000,0.00000000,0.00000000
2025-07-23,2243588.6324,0.01030000,131.86020000,8.983700,0.00000000,0.00000000,0.00000000,0.0000000,0.00000000,0.00000000,0.00000000,0.000000,0.00000000,0.00000000,0.00000000,0.00000000,0.00000000,0.00000000,0.00000000,0.000000,0.00000000,0.00000000,0.00000000,0.00000000,0.00000000,0.00000000,0.00000000,0.00000000,0.00000000,0.00000000,0.00000000,0.00000000,0.00000000,0.00000000,0.00000000,0.00000000,0.00000000,0.00000000,0.00000000,0.00000000,0.00000000,0.00000000,0.00000000,0.000000,0.00000000,0.000000,0.00000000,0.00000000
2025-07-22,2243588.6324,0.01030000,131.86020000,8.983700,0.00000000,0.00000000,0.00000000,0.0000000,0.00000000,0.00000000,0.00000000,0.000000,0.00000000,0.00000000,0.00000000,0.00000000,0.00000000,0.00000000,0.00000000,0.000000,0.00000000,0.00000000,0.00000000,0.00000000,0.00000000,0.00000000,0.00000000,0.00000000,0.00000000,0.00000000,0.00000000,0.00000000,0.00000000,0.00000000,0.00000000,0.00000000,0.00000000,0.00000000,0.00000000,0.00000000,0.00000000,0.00000000,0.00000000,0.000000,0.00000000,0.000000,0.00000000,0.00000000
2025-07-21,2243588.6324,0.01030000,131.86020000,8.983700,0.00000000,0.00000000,0.00000000,0.0000000,0.00000000,0.00000000,0.00000000,0.000000,0.00000000,0.00000000,0.00000000,0.00000000,0.00000000,0.00000000,0.00000000,0.000000,0.00000000,0.00000000,0.00000000,0.00000000,0.00000000,0.00000000,0.00000000,0.00000000,0.00000000,0.00000000,0.00000000,0.00000000,0.00000000,0.00000000,0.00000000,0.00000000,0.00000000,0.00000000,0.00000000,0.00000000,0.00000000,0.00000000,0.00000000,0.000000,0.00000000,0.000000,0.00000000,0.00000000
2025-07-20,2243588.6324,0.01030000,131.86020000,8.983700,0.00000000,0.00000000,0.00000000,0.0000000,0.00000000,0.00000000,0.00000000,0.000000,0.00000000,0.00000000,0.00000000,0.00000000,0.00000000,0.00000000,0.00000000,0.000000,0.00000000,0.00000000,0.00000000,0.00000000,0.00000000,0.00000000,0.00000000,0.00000000,0.00000000,0.00000000,0.00000000,0.00000000,0.00000000,0.00000000,0.00000000,0.00000000,0.00000000,0.00000000,0.00000000,0.00000000,0.00000000,0.00000000,0.00000000,0.000000,0.00000000,0.000000,0.00000000,0.00000000
2025-07-19,2243588.6324,0.01030000,131.86020000,8.983700,0.00000000,0.00000000,0.00000000,0.0000000,0.00000000,0.00000000,0.00000000,0.000000,0.00000000,0.00000000,0.00000000,0.00000000,0.00000000,0.00000000,0.00000000,0.000000,0.00000000,0.00000000,0.00000000,0.00000000,0.00000000,0.00000000,0.00000000,0.00000000,0.00000000,0.00000000,0.00000000,0.00000000,0.00000000,0.00000000,0.00000000,0.00000000,0.00000000,0.00000000,0.00000000,0.00000000,0.00000000,0.00000000,0.00000000,0.000000,0.00000000,0.000000,0.00000000,0.00000000
2025-07-18,2243588.6324,0.01030000,131.86020000,8.983700,0.00000000,0.00000000,0.00000000,0.0000000,0.00000000,0.00000000,0.00000000,0.000000,0.00000000,0.00000000,0.00000000,0.00000000,0.00000000,0.00000000,0.00000000,0.000000,0.00000000,0.00000000,0.00000000,0.00000000,0.00000000,0.00000000,0.00000000,0.00000000,0.00000000,0.00000000,0.00000000,0.00000000,0.00000000,0.00000000,0.00000000,0.00000000,0.00000000,0.00000000,0.00000000,0.00000000,0.00000000,0.00000000,0.00000000,0.000000,0.00000000,0.000000,0.00000000,0.00000000
2025-07-17,2243588.6324,0.01030000,131.86020000,8.983700,0.00000000,0.00000000,0.00000000,0.0000000,0.00000000,0.00000000,0.00000000,0.000000,0.00000000,0.00000000,0.00000000,0.00000000,0.00000000,0.00000000,0.00000000,0.000000,0.00000000,0.00000000,0.00000000,0.00000000,0.00000000,0.00000000,0.00000000,0.00000000,0.00000000,0.00000000,0.00000000,0.00000000,0.00000000,0.00000000,0.00000000,0.00000000,0.00000000,0.00000000,0.00000000,0.00000000,0.00000000,0.00000000,0.00000000,0.000000,0.00000000,0.000000,0.00000000,0.00000000
2025-07-16,2243588.6324,0.01030000,131.86020000,8.983700,0.00000000,0.00000000,0.00000000,0.0000000,0.00000000,0.00000000,0.00000000,0.000000,0.00000000,0.00000000,0.00000000,0.00000000,0.00000000,0.00000000,0.00000000,0.000000,0.00000000,0.00000000,0.00000000,0.00000000,0.00000000,0.00000000,0.00000000,0.00000000,0.00000000,0.00000000,0.00000000,0.00000000,0.00000000,0.00000000,0.00000000,0.00000000,0.00000000,0.00000000,0.00000000,0.00000000,0.00000000,0.00000000,0.00000000,0.000000,0.00000000,0.000000,0.00000000,0.00000000
2025-07-15,2243588.6324,0.01030000,131.86020000,8.983700,0.00000000,0.00000000,0.00000000,0.0000000,0.00000000,0.00000000,0.00000000,0.000000,0.00000000,0.00000000,0.00000000,0.00000000,0.00000000,0.00000000,0.00000000,0.000000,0.00000000,0.00000000,0.00000000,0.00000000,0.00000000,0.00000000,0.00000000,0.00000000,0.00000000,0.00000000,0.00000000,0.00000000,0.00000000,0.00000000,0.00000000,0.00000000,0.00000000,0.00000000,0.00000000,0.00000000,0.00000000,0.00000000,0.00000000,0.000000,0.00000000,0.000000,0.00000000,0.00000000
2025-07-14,2243588.6324,0.01030000,131.86020000,8.983700,0.00000000,0.00000000,0.00000000,0.0000000,0.00000000,0.00000000,0.00000000,0.000000,0.00000000,0.00000000,0.00000000,0.00000000,0.00000000,0.00000000,0.00000000,0.000000,0.00000000,0.00000000,0.00000000,0.00000000,0.00000000,0.00000000,0.00000000,0.00000000,0.00000000,0.00000000,0.00000000,0.00000000,0.00000000,0.00000000,0.00000000,0.00000000,0.00000000,0.00000000,0.00000000,0.00000000,0.00000000,0.00000000,0.00000000,0.000000,0.00000000,0.000000,0.00000000,0.00000000
2025-07-13,2243588.6324,0.01030000,131.86020000,8.983700,0.00000000,0.00000000,0.00000000,0.0000000,0.00000000,0.00000000,0.00000000,0.000000,0.00000000,0.00000000,0.00000000,0.00000000,0.00000000,0.00000000,0.00000000,0.000000,0.00000000,0.00000000,0.00000000,0.00000000,0.00000000,0.00000000,0.00000000,0.00000000,0.00000000,0.00000000,0.00000000,0.00000000,0.00000000,0.00000000,0.00000000,0.00000000,0.00000000,0.00000000,0.00000000,0.00000000,0.00000000,0.00000000,0.00000000,0.000000,0.00000000,0.000000,0.00000000,0.00000000
2025-07-12,2243588.6324,0.01030000,131.86020000,8.983700,0.00000000,0.00000000,0.00000000,0.0000000,0.00000000,0.00000000,0.00000000,0.000000,0.00000000,0.00000000,0.00000000,0.00000000,0.00000000,0.00000000,0.00000000,0.000000,0.00000000,0.00000000,0.00000000,0.00000000,0.00000000,0.00000000,0.00000000,0.00000000,0.00000000,0.00000000,0.00000000,0.00000000,0.00000000,0.00000000,0.00000000,0.00000000,0.00000000,0.00000000,0.00000000,0.00000000,0.00000000,0.00000000,0.00000000,0.000000,0.00000000,0.000000,0.00000000,0.00000000
2025-07-11,2243588.6324,0.01030000,131.86020000,8.983700,0.00000000,0.00000000,0.00000000,0.0000000,0.00000000,0.00000000,0.00000000,0.000000,0.00000000,0.00000000,0.00000000,0.00000000,0.00000000,0.00000000,0.00000000,0.000000,0.00000000,0.00000000,0.00000000,0.00000000,0.00000000,0.00000000,0.00000000,0.00000000,0.00000000,0.00000000,0.00000000,0.00000000,0.00000000,0.00000000,0.00000000,0.00000000,0.00000000,0.00000000,0.00000000,0.00000000,0.00000000,0.00000000,0.00000000,0.000000,0.00000000,0.000000,0.00000000,0.00000000
2025-07-10,2243588.6324,0.01030000,131.86020000,8.983700,0.00000000,0.00000000,0.00000000,0.0000000,0.00000000,0.00000000,0.00000000,0.000000,0.00000000,0.00000000,0.00000000,0.00000000,0.00000000,0.00000000,0.00000000,0.000000,0.00000000,0.00000000,0.00000000,0.00000000,0.00000000,0.00000000,0.00000000,0.00000000,0.00000000,0.00000000,0.00000000,0.00000000,0.00000000,0.00000000,0.00000000,0.00000000,0.00000000,0.00000000,0.00000000,0.00000000,0.00000000,0.00000000,0.00000000,0.000000,0.00000000,0.000000,0.00000000,0.00000000
2025-07-09,2243588.6324,0.01030000,131.86020000,8.983700,0.00000000,0.00000000,0.00000000,0.0000000,0.00000000,0.00000000,0.00000000,0.000000,0.00000000,0.00000000,0.00000000,0.00000000,0.00000000,0.00000000,0.00000000,0.000000,0.00000000,0.00000000,0.00000000,0.00000000,0.00000000,0.00000000,0.00000000,0.00000000,0.00000000,0.00000000,0.00000000,0.00000000,0.00000000,0.00000000,0.00000000,0.00000000,0.00000000,0.00000000,0.00000000,0.00000000,0.00000000,0.00000000,0.00000000,0.000000,0.00000000,0.000000,0.00000000,0.00000000
2025-07-08,2243588.6324,0.01030000,131.86020000,8.983700,0.00000000,0.00000000,0.00000000,0.0000000,0.00000000,0.00000000,0.00000000,0.000000,0.00000000,0.00000000,0.00000000,0.00000000,0.00000000,0.00000000,0.00000000,0.000000,0.00000000,0.00000000,0.00000000,0.00000000,0.00000000,0.00000000,0.00000000,0.00000000,0.00000000,0.00000000,0.00000000,0.00000000,0.00000000,0.00000000,0.00000000,0.00000000,0.00000000,0.00000000,0.00000000,0.00000000,0.00000000,0.00000000,0.00000000,0.000000,0.00000000,0.000000,0.00000000,0.00000000
2025-07-07,2243588.6324,0.01030000,131.86020000,8.983700,0.00000000,0.00000000,0.00000000,0.0000000,0.00000000,0.00000000,0.00000000,0.000000,0.00000000,0.00000000,0.00000000,0.00000000,0.00000000,0.00000000,0.00000000,0.000000,0.00000000,0.00000000,0.00000000,0.00000000,0.00000000,0.00000000,0.00000000,0.00000000,0.00000000,0.00000000,0.00000000,0.00000000,0.00000000,0.00000000,0.00000000,0.00000000,0.00000000,0.00000000,0.00000000,0.00000000,0.00000000,0.00000000,0.00000000,0.000000,0.00000000,0.000000,0.00000000,0.00000000
2025-07-06,2243588.6324,0.01030000,131.86020000,8.983700,0.00000000,0.00000000,0.00000000,0.0000000,0.00000000,0.00000000,0.00000000,0.000000,0.00000000,0.00000000,0.00000000,0.00000000,0.00000000,0.00000000,0.00000000,0.000000,0.00000000,0.00000000,0.00000000,0.00000000,0.00000000,0.00000000,0.00000000,0.00000000,0.00000000,0.00000000,0.00000000,0.00000000,0.00000000,0.00000000,0.00000000,0.00000000,0.00000000,0.00000000,0.00000000,0.00000000,0.00000000,0.00000000,0.00000000,0.000000,0.00000000,0.000000,0.00000000,0.00000000
2025-07-05,2243588.6324,0.01030000,131.86020000,8.983700,0.00000000,0.00000000,0.00000000,0.0000000,0.00000000,0.00000000,0.00000000,0.000000,0.00000000,0.00000000,0.00000000,0.00000000,0.00000000,0.00000000,0.00000000,0.000000,0.00000000,0.00000000,0.00000000,0.00000000,0.00000000,0.00000000,0.00000000,0.00000000,0.00000000,0.00000000,0.00000000,0.00000000,0.00000000,0.00000000,0.00000000,0.00000000,0.00000000,0.00000000,0.00000000,0.00000000,0.00000000,0.00000000,0.00000000,0.000000,0.00000000,0.000000,0.00000000,0.00000000
2025-07-04,2243588.6324,0.01030000,131.86020000,8.983700,0.00000000,0.00000000,0.00000000,0.0000000,0.00000000,0.00000000,0.00000000,0.000000,0.00000000,0.00000000,0.00000000,0.00000000,0.00000000,0.00000000,0.00000000,0.000000,0.00000000,0.00000000,0.00000000,0.00000000,0.00000000,0.00000000,0.00000000,0.00000000,0.00000000,0.00000000,0.00000000,0.00000000,0.00000000,0.00000000,0.00000000,0.00000000,0.00000000,0.00000000,0.00000000,0.00000000,0.00000000,0.00000000,0.00000000,0.000000,0.00000000,0.000000,0.00000000,0.00000000
2025-07-03,2243588.6324,0.01030000,131.86020000,8.983700,0.00000000,0.00000000,0.00000000,0.0000000,0.00000000,0.00000000,0.00000000,0.000000,0.00000000,0.00000000,0.00000000,0.00000000,0.00000000,0.00000000,0.00000000,0.000000,0.00000000,0.00000000,0.00000000,0.00000000,0.00000000,0.00000000,0.00000000,0.00000000,0.00000000,0.00000000,0.00000000,0.00000000,0.00000000,0.00000000,0.00000000,0.00000000,0.00000000,0.00000000,0.00000000,0.00000000,0.00000000,0.00000000,0.00000000,0.000000,0.00000000,0.000000,0.00000000,0.00000000
2025-07-02,2243588.6324,0.01030000,131.86020000,8.983700,0.00000000,0.00000000,0.00000000,0.0000000,0.00000000,0.00000000,0.00000000,0.000000,0.00000000,0.00000000,0.00000000,0.00000000,0.00000000,0.00000000,0.00000000,0.000000,0.00000000,0.00000000,0.00000000,0.00000000,0.00000000,0.00000000,0.00000000,0.00000000,0.00000000,0.00000000,0.00000000,0.00000000,0.00000000,0.00000000,0.00000000,0.00000000,0.00000000,0.00000000,0.00000000,0.00000000,0.00000000,0.00000000,0.00000000,0.000000,0.00000000,0.000000,0.00000000,0.00000000
2025-07-01,2243588.6324,0.01030000,131.86020000,8.983700,0.00000000,0.00000000,0.00000000,0.0000000,0.00000000,0.00000000,0.00000000,0.000000,0.00000000,0.00000000,0.00000000,0.00000000,0.00000000,0.00000000,0.00000000,0.000000,0.00000000,0.00000000,0.00000000,0.00000000,0.00000000,0.00000000,0.00000000,0.00000000,0.00000000,0.00000000,0.00000000,0.00000000,0.00000000,0.00000000,0.00000000,0.00000000,0.00000000,0.00000000,0.00000000,0.00000000,0.00000000,0.00000000,0.00000000,0.000000,0.00000000,0.000000,0.00000000,0.00000000
2025-06-30,2243588.6324,0.01030000,131.86020000,8.983700,0.00000000,0.00000000,0.00000000,0.0000000,0.00000000,0.00000000,0.00000000,0.000000,0.00000000,0.00000000,0.00000000,0.00000000,0.00000000,0.00000000,0.00000000,0.000000,0.00000000,0.00000000,0.00000000,0.00000000,0.00000000,0.00000000,0.00000000,0.00000000,0.00000000,0.00000000,0.00000000,0.00000000,0.00000000,0.00000000,0.00000000,0.00000000,0.00000000,0.00000000,0.00000000,0.00000000,0.00000000,0.00000000,0.00000000,0.000000,0.00000000,0.000000,0.00000000,0.00000000
2025-06-29,2243588.6324,0.01030000,131.86020000,8.983700,0.00000000,0.00000000,0.00000000,0.0000000,0.00000000,0.00000000,0.00000000,0.000000,0.00000000,0.00000000,0.00000000,0.00000000,0.00000000,0.00000000,0.00000000,0.000000,0.00000000,0.00000000,0.00000000,0.00000000,0.00000000,0.00000000,0.00000000,0.00000000,0.00000000,0.00000000,0.00000000,0.00000000,0.00000000,0.00000000,0.00000000,0.00000000,0.00000000,0.00000000,0.00000000,0.00000000,0.00000000,0.00000000,0.00000000,0.000000,0.00000000,0.000000,0.00000000,0.00000000
2025-06-28,2243588.6324,0.01030000,131.86020000,8.983700,0.00000000,0.00000000,0.00000000,0.0000000,0.00000000,0.00000000,0.00000000,0.000000,0.00000000,0.00000000,0.00000000,0.00000000,0.00000000,0.00000000,0.00000000,0.000000,0.00000000,0.00000000,0.00000000,0.00000000,0.00000000,0.00000000,0.00000000,0.00000000,0.00000000,0.00000000,0.00000000,0.00000000,0.00000000,0.00000000,0.00000000,0.00000000,0.00000000,0.00000000,0.00000000,0.00000000,0.00000000,0.00000000,0.00000000,0.000000,0.00000000,0.000000,0.00000000,0.00000000
2025-06-27,2243588.6324,0.01030000,131.86020000,8.983700,0.00000000,0.00000000,0.00000000,0.0000000,0.00000000,0.00000000,0.00000000,0.000000,0.00000000,0.00000000,0.00000000,0.00000000,0.00000000,0.00000000,0.00000000,0.000000,0.00000000,0.00000000,0.00000000,0.00000000,0.00000000,0.00000000,0.00000000,0.00000000,0.00000000,0.00000000,0.00000000,0.00000000,0.00000000,0.00000000,0.00000000,0.00000000,0.00000000,0.00000000,0.00000000,0.00000000,0.00000000,0.00000000,0.00000000,0.000000,0.00000000,0.000000,0.00000000,0.00000000
2025-06-26,2243588.6324,0.01030000,131.86020000,8.983700,0.00000000,0.00000000,0.00000000,0.0000000,0.00000000,0.00000000,0.00000000,0.000000,0.00000000,0.00000000,0.00000000,0.00000000,0.00000000,0.00000000,0.00000000,0.000000,0.00000000,0.00000000,0.00000000,0.00000000,0.00000000,0.00000000,0.00000000,0.00000000,0.00000000,0.00000000,0.00000000,0.00000000,0.00000000,0.00000000,0.00000000,0.00000000,0.00000000,0.00000000,0.00000000,0.00000000,0.00000000,0.00000000,0.00000000,0.000000,0.00000000,0.000000,0.00000000,0.00000000
2025-06-25,2243588.6324,0.01030000,131.86020000,8.983700,0.00000000,0.00000000,0.00000000,0.0000000,0.00000000,0.00000000,0.00000000,0.000000,0.00000000,0.00000000,0.00000000,0.00000000,0.00000000,0.00000000,0.00000000,0.000000,0.00000000,0.00000000,0.00000000,0.00000000,0.00000000,0.00000000,0.00000000,0.00000000,0.00000000,0.00000000,0.00000000,0.00000000,0.00000000,0.00000000,0.00000000,0.00000000,0.00000000,0.00000000,0.00000000,0.00000000,0.00000000,0.00000000,0.00000000,0.000000,0.00000000,0.000000,0.00000000,0.00000000
2025-06-24,2243588.6324,0.01030000,131.86020000,8.983700,0.00000000,0.00000000,0.00000000,0.0000000,0.00000000,0.00000000,0.00000000,0.000000,0.00000000,0.00000000,0.00000000,0.00000000,0.00000000,0.00000000,0.00000000,0.000000,0.00000000,0.00000000,0.00000000,0.00000000,0.00000000,0.00000000,0.00000000,0.00000000,0.00000000,0.00000000,0.00000000,0.00000000,0.00000000,0.00000000,0.00000000,0.00000000,0.00000000,0.00000000,0.00000000,0.00000000,0.00000000,0.00000000,0.00000000,0.000000,0.00000000,0.000000,0.00000000,0.00000000
2025-06-23,2243588.6324,0.01030000,131.86020000,8.983700,0.00000000,0.00000000,0.00000000,0.0000000,0.00000000,0.00000000,0.00000000,0.000000,0.00000000,0.00000000,0.00000000,0.00000000,0.00000000,0.00000000,0.00000000,0.000000,0.00000000,0.00000000,0.00000000,0.00000000,0.00000000,0.00000000,0.00000000,0.00000000,0.00000000,0.00000000,0.00000000,0.00000000,0.00000000,0.00000000,0.00000000,0.00000000,0.00000000,0.00000000,0.00000000,0.00000000,0.00000000,0.00000000,0.00000000,0.000000,0.00000000,0.000000,0.00000000,0.00000000
2025-06-22,2243588.6324,0.01030000,131.86020000,8.983700,0.00000000,0.00000000,0.00000000,0.0000000,0.00000000,0.00000000,0.00000000,0.000000,0.00000000,0.00000000,0.00000000,0.00000000,0.00000000,0.00000000,0.00000000,0.000000,0.00000000,0.00000000,0.00000000,0.00000000,0.00000000,0.00000000,0.00000000,0.00000000,0.00000000,0.00000000,0.00000000,0.00000000,0.00000000,0.00000000,0.00000000,0.00000000,0.00000000,0.00000000,0.00000000,0.00000000,0.00000000,0.00000000,0.00000000,0.000000,0.00000000,0.000000,0.00000000,0.00000000
2025-06-21,2361565.0324,0.01030000,121.86020000,8.983700,0.00000000,0.00000000,0.00000000,0.0000000,0.00000000,0.00000000,0.00000000,0.000000,0.00000000,0.00000000,0.00000000,0.00000000,0.00000000,0.00000000,0.00000000,0.000000,0.00000000,0.00000000,0.00000000,0.00000000,0.00000000,0.00000000,0.00000000,0.00000000,0.00000000,0.00000000,0.00000000,0.00000000,0.00000000,0.00000000,0.00000000,0.00000000,0.00000000,0.00000000,0.00000000,0.00000000,0.00000000,0.00000000,0.00000000,0.000000,0.00000000,0.000000,0.00000000,0.00000000
2025-06-20,2361565.0324,0.01030000,121.86020000,8.983700,0.00000000,0.00000000,0.00000000,0.0000000,0.00000000,0.00000000,0.00000000,0.000000,0.00000000,0.00000000,0.00000000,0.00000000,0.00000000,0.00000000,0.00000000,0.000000,0.00000000,0.00000000,0.00000000,0.00000000,0.00000000,0.00000000,0.00000000,0.00000000,0.00000000,0.00000000,0.00000000,0.00000000,0.00000000,0.00000000,0.00000000,0.00000000,0.00000000,0.00000000,0.00000000,0.00000000,0.00000000,0.00000000,0.00000000,0.000000,0.00000000,0.000000,0.00000000,0.00000000
2025-06-19,2361565.0324,0.01030000,121.86020000,8.983700,0.00000000,0.00000000,0.00000000,0.0000000,0.00000000,0.00000000,0.00000000,0.000000,0.00000000,0.00000000,0.00000000,0.00000000,0.00000000,0.00000000,0.00000000,0.000000,0.00000000,0.00000000,0.00000000,0.00000000,0.00000000,0.00000000,0.00000000,0.00000000,0.00000000,0.00000000,0.00000000,0.00000000,0.00000000,0.00000000,0.00000000,0.00000000,0.00000000,0.00000000,0.00000000,0.00000000,0.00000000,0.00000000,0.00000000,0.000000,0.00000000,0.000000,0.00000000,0.00000000
2025-06-18,2361565.0324,0.01030000,121.86020000,8.983700,0.00000000,0.00000000,0.00000000,0.0000000,0.00000000,0.00000000,0.00000000,0.000000,0.00000000,0.00000000,0.00000000,0.00000000,0.00000000,0.00000000,0.00000000,0.000000,0.00000000,0.00000000,0.00000000,0.00000000,0.00000000,0.00000000,0.00000000,0.00000000,0.00000000,0.00000000,0.00000000,0.00000000,0.00000000,0.00000000,0.00000000,0.00000000,0.00000000,0.00000000,0.00000000,0.00000000,0.00000000,0.00000000,0.00000000,0.000000,0.00000000,0.000000,0.00000000,0.00000000
2025-06-17,2361565.0324,0.01030000,121.86020000,8.983700,0.00000000,0.00000000,0.00000000,0.0000000,0.00000000,0.00000000,0.00000000,0.000000,0.00000000,0.00000000,0.00000000,0.00000000,0.00000000,0.00000000,0.00000000,0.000000,0.00000000,0.00000000,0.00000000,0.00000000,0.00000000,0.00000000,0.00000000,0.00000000,0.00000000,0.00000000,0.00000000,0.00000000,0.00000000,0.00000000,0.00000000,0.00000000,0.00000000,0.00000000,0.00000000,0.00000000,0.00000000,0.00000000,0.00000000,0.000000,0.00000000,0.000000,0.00000000,0.00000000
2025-06-16,2361565.0324,0.01030000,121.86020000,8.983700,0.00000000,0.00000000,0.00000000,0.0000000,0.00000000,0.00000000,0.00000000,0.000000,0.00000000,0.00000000,0.00000000,0.00000000,0.00000000,0.00000000,0.00000000,0.000000,0.00000000,0.00000000,0.00000000,0.00000000,0.00000000,0.00000000,0.00000000,0.00000000,0.00000000,0.00000000,0.00000000,0.00000000,0.00000000,0.00000000,0.00000000,0.00000000,0.00000000,0.00000000,0.00000000,0.00000000,0.00000000,0.00000000,0.00000000,0.000000,0.00000000,0.000000,0.00000000,0.00000000
2025-06-15,2361565.0324,0.01030000,121.86020000,8.983700,0.00000000,0.00000000,0.00000000,0.0000000,0.00000000,0.00000000,0.00000000,0.000000,0.00000000,0.00000000,0.00000000,0.00000000,0.00000000,0.00000000,0.00000000,0.000000,0.00000000,0.00000000,0.00000000,0.00000000,0.00000000,0.00000000,0.00000000,0.00000000,0.00000000,0.00000000,0.00000000,0.00000000,0.00000000,0.00000000,0.00000000,0.00000000,0.00000000,0.00000000,0.00000000,0.00000000,0.00000000,0.00000000,0.00000000,0.000000,0.00000000,0.000000,0.00000000,0.00000000
2025-06-14,2361565.0324,0.01030000,121.86020000,8.983700,0.00000000,0.00000000,0.00000000,0.0000000,0.00000000,0.00000000,0.00000000,0.000000,0.00000000,0.00000000,0.00000000,0.00000000,0.00000000,0.00000000,0.00000000,0.000000,0.00000000,0.00000000,0.00000000,0.00000000,0.00000000,0.00000000,0.00000000,0.00000000,0.00000000,0.00000000,0.00000000,0.00000000,0.00000000,0.00000000,0.00000000,0.00000000,0.00000000,0.00000000,0.00000000,0.00000000,0.00000000,0.00000000,0.00000000,0.000000,0.00000000,0.000000,0.00000000,0.00000000
2025-06-13,2361565.0324,0.01030000,121.86020000,8.983700,0.00000000,0.00000000,0.00000000,0.0000000,0.00000000,0.00000000,0.00000000,0.000000,0.00000000,0.00000000,0.00000000,0.00000000,0.00000000,0.00000000,0.00000000,0.000000,0.00000000,0.00000000,0.00000000,0.00000000,0.00000000,0.00000000,0.00000000,0.00000000,0.00000000,0.00000000,0.00000000,0.00000000,0.00000000,0.00000000,0.00000000,0.00000000,0.00000000,0.00000000,0.00000000,0.00000000,0.00000000,0.00000000,0.00000000,0.000000,0.00000000,0.000000,0.00000000,0.00000000
2025-06-12,2480541.2324,0.01030000,111.86020000,8.983700,0.00000000,0.00000000,0.00000000,0.0000000,0.00000000,0.00000000,0.00000000,0.000000,0.00000000,0.00000000,0.00000000,0.00000000,0.00000000,0.00000000,0.00000000,0.000000,0.00000000,0.00000000,0.00000000,0.00000000,0.00000000,0.00000000,0.00000000,0.00000000,0.00000000,0.00000000,0.00000000,0.00000000,0.00000000,0.00000000,0.00000000,0.00000000,0.00000000,0.00000000,0.00000000,0.00000000,0.00000000,0.00000000,0.00000000,0.000000,0.00000000,0.000000,0.00000000,0.00000000
2025-06-11,2480541.2324,0.01030000,111.86020000,8.983700,0.00000000,0.00000000,0.00000000,0.0000000,0.00000000,0.00000000,0.00000000,0.000000,0.00000000,0.00000000,0.00000000,0.00000000,0.00000000,0.00000000,0.00000000,0.000000,0.00000000,0.00000000,0.00000000,0.00000000,0.00000000,0.00000000,0.00000000,0.00000000,0.00000000,0.00000000,0.00000000,0.00000000,0.00000000,0.00000000,0.00000000,0.00000000,0.00000000,0.00000000,0.00000000,0.00000000,0.00000000,0.00000000,0.00000000,0.000000,0.00000000,0.000000,0.00000000,0.00000000
2025-06-10,2480541.2324,0.01030000,111.86020000,8.983700,0.00000000,0.00000000,0.00000000,0.0000000,0.00000000,0.00000000,0.00000000,0.000000,0.00000000,0.00000000,0.00000000,0.00000000,0.00000000,0.00000000,0.00000000,0.000000,0.00000000,0.00000000,0.00000000,0.00000000,0.00000000,0.00000000,0.00000000,0.00000000,0.00000000,0.00000000,0.00000000,0.00000000,0.00000000,0.00000000,0.00000000,0.00000000,0.00000000,0.00000000,0.00000000,0.00000000,0.00000000,0.00000000,0.00000000,0.000000,0.00000000,0.000000,0.00000000,0.00000000
2025-06-09,2480541.2324,0.01030000,111.86020000,8.983700,0.00000000,0.00000000,0.00000000,0.0000000,0.00000000,0.00000000,0.00000000,0.000000,0.00000000,0.00000000,0.00000000,0.00000000,0.00000000,0.00000000,0.00000000,0.000000,0.00000000,0.00000000,0.00000000,0.00000000,0.00000000,0.00000000,0.00000000,0.00000000,0.00000000,0.00000000,0.00000000,0.00000000,0.00000000,0.00000000,0.00000000,0.00000000,0.00000000,0.00000000,0.00000000,0.00000000,0.00000000,0.00000000,0.00000000,0.000000,0.00000000,0.000000,0.00000000,0.00000000
2025-06-08,2480541.2324,0.01030000,111.86020000,8.983700,0.00000000,0.00000000,0.00000000,0.0000000,0.00000000,0.00000000,0.00000000,0.000000,0.00000000,0.00000000,0.00000000,0.00000000,0.00000000,0.00000000,0.00000000,0.000000,0.00000000,0.00000000,0.00000000,0.00000000,0.00000000,0.00000000,0.00000000,0.00000000,0.00000000,0.00000000,0.00000000,0.00000000,0.00000000,0.00000000,0.00000000,0.00000000,0.00000000,0.00000000,0.00000000,0.00000000,0.00000000,0.00000000,0.00000000,0.000000,0.00000000,0.000000,0.00000000,0.00000000
2025-06-07,2480541.2324,0.01030000,111.86020000,8.983700,0.00000000,0.00000000,0.00000000,0.0000000,0.00000000,0.00000000,0.00000000,0.000000,0.00000000,0.00000000,0.00000000,0.00000000,0.00000000,0.00000000,0.00000000,0.000000,0.00000000,0.00000000,0.00000000,0.00000000,0.00000000,0.00000000,0.00000000,0.00000000,0.00000000,0.00000000,0.00000000,0.00000000,0.00000000,0.00000000,0.00000000,0.00000000,0.00000000,0.00000000,0.00000000,0.00000000,0.00000000,0.00000000,0.00000000,0.000000,0.00000000,0.000000,0.00000000,0.00000000
2025-06-06,2480541.2324,0.01030000,111.86020000,8.983700,0.00000000,0.00000000,0.00000000,0.0000000,0.00000000,0.00000000,0.00000000,0.000000,0.00000000,0.00000000,0.00000000,0.00000000,0.00000000,0.00000000,0.00000000,0.000000,0.00000000,0.00000000,0.00000000,0.00000000,0.00000000,0.00000000,0.00000000,0.00000000,0.00000000,0.00000000,0.00000000,0.00000000,0.00000000,0.00000000,0.00000000,0.00000000,0.00000000,0.00000000,0.00000000,0.00000000,0.00000000,0.00000000,0.00000000,0.000000,0.00000000,0.000000,0.00000000,0.00000000
2025-06-05,2480541.2324,0.01030000,111.86020000,8.983700,0.00000000,0.00000000,0.00000000,0.0000000,0.00000000,0.00000000,0.00000000,0.000000,0.00000000,0.00000000,0.00000000,0.00000000,0.00000000,0.00000000,0.00000000,0.000000,0.00000000,0.00000000,0.00000000,0.00000000,0.00000000,0.00000000,0.00000000,0.00000000,0.00000000,0.00000000,0.00000000,0.00000000,0.00000000,0.00000000,0.00000000,0.00000000,0.00000000,0.00000000,0.00000000,0.00000000,0.00000000,0.00000000,0.00000000,0.000000,0.00000000,0.000000,0.00000000,0.00000000
2025-06-04,2480541.2324,0.01030000,111.86020000,8.983700,0.00000000,0.00000000,0.00000000,0.0000000,0.00000000,0.00000000,0.00000000,0.000000,0.00000000,0.00000000,0.00000000,0.00000000,0.00000000,0.00000000,0.00000000,0.000000,0.00000000,0.00000000,0.00000000,0.00000000,0.00000000,0.00000000,0.00000000,0.00000000,0.00000000,0.00000000,0.00000000,0.00000000,0.00000000,0.00000000,0.00000000,0.00000000,0.00000000,0.00000000,0.00000000,0.00000000,0.00000000,0.00000000,0.00000000,0.000000,0.00000000,0.000000,0.00000000,0.00000000
2025-06-03,2480541.2324,0.01030000,111.86020000,8.983700,0.00000000,0.00000000,0.00000000,0.0000000,0.00000000,0.00000000,0.00000000,0.000000,0.00000000,0.00000000,0.00000000,0.00000000,0.00000000,0.00000000,0.00000000,0.000000,0.00000000,0.00000000,0.00000000,0.00000000,0.00000000,0.00000000,0.00000000,0.00000000,0.00000000,0.00000000,0.00000000,0.00000000,0.00000000,0.00000000,0.00000000,0.00000000,0.00000000,0.00000000,0.00000000,0.00000000,0.00000000,0.00000000,0.00000000,0.000000,0.00000000,0.000000,0.00000000,0.00000000
2025-06-02,2480541.2324,0.01030000,111.86020000,8.983700,0.00000000,0.00000000,0.00000000,0.0000000,0.00000000,0.00000000,0.00000000,0.000000,0.00000000,0.00000000,0.00000000,0.00000000,0.00000000,0.00000000,0.00000000,0.000000,0.00000000,0.00000000,0.00000000,0.00000000,0.00000000,0.00000000,0.00000000,0.00000000,0.00000000,0.00000000,0.00000000,0.00000000,0.00000000,0.00000000,0.00000000,0.00000000,0.00000000,0.00000000,0.00000000,0.00000000,0.00000000,0.00000000,0.00000000,0.000000,0.00000000,0.000000,0.00000000,0.00000000
2025-06-01,2480541.2324,0.01030000,111.86020000,8.983700,0.00000000,0.00000000,0.00000000,0.0000000,0.00000000,0.00000000,0.00000000,0.000000,0.00000000,0.00000000,0.00000000,0.00000000,0.00000000,0.00000000,0.00000000,0.000000,0.00000000,0.00000000,0.00000000,0.00000000,0.00000000,0.00000000,0.00000000,0.00000000,0.00000000,0.00000000,0.00000000,0.00000000,0.00000000,0.00000000,0.00000000,0.00000000,0.00000000,0.00000000,0.00000000,0.00000000,0.00000000,0.00000000,0.00000000,0.000000,0.00000000,0.000000,0.00000000,0.00000000
2025-05-31,2480541.2324,0.01030000,111.86020000,8.983700,0.00000000,0.00000000,0.00000000,0.0000000,0.00000000,0.00000000,0.00000000,0.000000,0.00000000,0.00000000,0.00000000,0.00000000,0.00000000,0.00000000,0.00000000,0.000000,0.00000000,0.00000000,0.00000000,0.00000000,0.00000000,0.00000000,0.00000000,0.00000000,0.00000000,0.00000000,0.00000000,0.00000000,0.00000000,0.00000000,0.00000000,0.00000000,0.00000000,0.00000000,0.00000000,0.00000000,0.00000000,0.00000000,0.00000000,0.000000,0.00000000,0.000000,0.00000000,0.00000000
2025-05-30,66795.4659,0.01030000,311.86020000,8.983700,0.00000000,0.00000000,0.00000000,0.0000000,0.00000000,0.00000000,0.00000000,0.000000,0.00000000,0.00000000,0.00000000,0.00000000,0.00000000,0.00000000,0.00000000,0.000000,0.00000000,0.00000000,0.00000000,0.00000000,0.00000000,0.00000000,0.00000000,0.00000000,0.00000000,0.00000000,0.00000000,0.00000000,0.00000000,0.00000000,0.00000000,0.00000000,0.00000000,0.00000000,0.00000000,0.00000000,0.00000000,0.00000000,0.00000000,0.000000,0.00000000,0.000000,0.00000000,0.00000000
2025-05-29,102262.7711,0.01030000,309.13140000,8.983700,0.00000000,0.00000000,0.00000000,0.0000000,0.00000000,0.00000000,0.00000000,0.000000,0.00000000,0.00000000,0.00000000,0.00000000,0.00000000,0.00000000,0.00000000,0.000000,0.00000000,0.00000000,0.00000000,0.00000000,0.00000000,0.00000000,0.00000000,0.00000000,0.00000000,0.00000000,0.00000000,0.00000000,0.00000000,0.00000000,0.00000000,0.00000000,0.00000000,0.00000000,0.00000000,0.00000000,0.00000000,0.00000000,0.00000000,0.000000,0.00000000,0.000000,0.00000000,0.00000000
2025-05-28,102262.7711,0.01030000,309.13140000,8.983700,0.00000000,0.00000000,0.00000000,0.0000000,0.00000000,0.00000000,0.00000000,0.000000,0.00000000,0.00000000,0.00000000,0.00000000,0.00000000,0.00000000,0.00000000,0.000000,0.00000000,0.00000000,0.00000000,0.00000000,0.00000000,0.00000000,0.00000000,0.00000000,0.00000000,0.00000000,0.00000000,0.00000000,0.00000000,0.00000000,0.00000000,0.00000000,0.00000000,0.00000000,0.00000000,0.00000000,0.00000000,0.00000000,0.00000000,0.000000,0.00000000,0.000000,0.00000000,0.00000000
2025-05-27,102262.7711,0.01030000,309.13140000,8.983700,0.00000000,0.00000000,0.00000000,0.0000000,0.00000000,0.00000000,0.00000000,0.000000,0.00000000,0.00000000,0.00000000,0.00000000,0.00000000,0.00000000,0.00000000,0.000000,0.00000000,0.00000000,0.00000000,0.00000000,0.00000000,0.00000000,0.00000000,0.00000000,0.00000000,0.00000000,0.00000000,0.00000000,0.00000000,0.00000000,0.00000000,0.00000000,0.00000000,0.00000000,0.00000000,0.00000000,0.00000000,0.00000000,0.00000000,0.000000,0.00000000,0.000000,0.00000000,0.00000000
2025-05-26,102262.7711,0.01030000,309.13140000,8.983700,0.00000000,0.00000000,0.00000000,0.0000000,0.00000000,0.00000000,0.00000000,0.000000,0.00000000,0.00000000,0.00000000,0.00000000,0.00000000,0.00000000,0.00000000,0.000000,0.00000000,0.00000000,0.00000000,0.00000000,0.00000000,0.00000000,0.00000000,0.00000000,0.00000000,0.00000000,0.00000000,0.00000000,0.00000000,0.00000000,0.00000000,0.00000000,0.00000000,0.00000000,0.00000000,0.00000000,0.00000000,0.00000000,0.00000000,0.000000,0.00000000,0.000000,0.00000000,0.00000000
2025-05-25,102262.7711,0.01030000,309.13140000,8.983700,0.00000000,0.00000000,0.00000000,0.0000000,0.00000000,0.00000000,0.00000000,0.000000,0.00000000,0.00000000,0.00000000,0.00000000,0.00000000,0.00000000,0.00000000,0.000000,0.00000000,0.00000000,0.00000000,0.00000000,0.00000000,0.00000000,0.00000000,0.00000000,0.00000000,0.00000000,0.00000000,0.00000000,0.00000000,0.00000000,0.00000000,0.00000000,0.00000000,0.00000000,0.00000000,0.00000000,0.00000000,0.00000000,0.00000000,0.000000,0.00000000,0.000000,0.00000000,0.00000000
2025-05-24,102262.7711,0.01030000,309.13140000,8.983700,0.00000000,0.00000000,0.00000000,0.0000000,0.00000000,0.00000000,0.00000000,0.000000,0.00000000,0.00000000,0.00000000,0.00000000,0.00000000,0.00000000,0.00000000,0.000000,0.00000000,0.00000000,0.00000000,0.00000000,0.00000000,0.00000000,0.00000000,0.00000000,0.00000000,0.00000000,0.00000000,0.00000000,0.00000000,0.00000000,0.00000000,0.00000000,0.00000000,0.00000000,0.00000000,0.00000000,0.00000000,0.00000000,0.00000000,0.000000,0.00000000,0.000000,0.00000000,0.00000000
2025-05-23,102262.7711,0.01030000,309.13140000,8.983700,0.00000000,0.00000000,0.00000000,0.0000000,0.00000000,0.00000000,0.00000000,0.000000,0.00000000,0.00000000,0.00000000,0.00000000,0.00000000,0.00000000,0.00000000,0.000000,0.00000000,0.00000000,0.00000000,0.00000000,0.00000000,0.00000000,0.00000000,0.00000000,0.00000000,0.00000000,0.00000000,0.00000000,0.00000000,0.00000000,0.00000000,0.00000000,0.00000000,0.00000000,0.00000000,0.00000000,0.00000000,0.00000000,0.00000000,0.000000,0.00000000,0.000000,0.00000000,0.00000000
2025-05-22,102262.7711,0.01030000,309.13140000,8.983700,0.00000000,0.00000000,0.00000000,0.0000000,0.00000000,0.00000000,0.00000000,0.000000,0.00000000,0.00000000,0.00000000,0.00000000,0.00000000,0.00000000,0.00000000,0.000000,0.00000000,0.00000000,0.00000000,0.00000000,0.00000000,0.00000000,0.00000000,0.00000000,0.00000000,0.00000000,0.00000000,0.00000000,0.00000000,0.00000000,0.00000000,0.00000000,0.00000000,0.00000000,0.00000000,0.00000000,0.00000000,0.00000000,0.00000000,0.000000,0.00000000,0.000000,0.00000000,0.00000000
2025-05-21,102262.7711,0.01030000,309.13140000,8.983700,0.00000000,0.00000000,0.00000000,0.0000000,0.00000000,0.00000000,0.00000000,0.000000,0.00000000,0.00000000,0.00000000,0.00000000,0.00000000,0.00000000,0.00000000,0.000000,0.00000000,0.00000000,0.00000000,0.00000000,0.00000000,0.00000000,0.00000000,0.00000000,0.00000000,0.00000000,0.00000000,0.00000000,0.00000000,0.00000000,0.00000000,0.00000000,0.00000000,0.00000000,0.00000000,0.00000000,0.00000000,0.00000000,0.00000000,0.000000,0.00000000,0.000000,0.00000000,0.00000000
2025-05-20,102262.7711,0.01030000,309.13140000,8.983700,0.00000000,0.00000000,0.00000000,0.0000000,0.00000000,0.00000000,0.00000000,0.000000,0.00000000,0.00000000,0.00000000,0.00000000,0.00000000,0.00000000,0.00000000,0.000000,0.00000000,0.00000000,0.00000000,0.00000000,0.00000000,0.00000000,0.00000000,0.00000000,0.00000000,0.00000000,0.00000000,0.00000000,0.00000000,0.00000000,0.00000000,0.00000000,0.00000000,0.00000000,0.00000000,0.00000000,0.00000000,0.00000000,0.00000000,0.000000,0.00000000,0.000000,0.00000000,0.00000000
2025-05-19,102262.7711,0.01030000,309.13140000,8.983700,0.00000000,0.00000000,0.00000000,0.0000000,0.00000000,0.00000000,0.00000000,0.000000,0.00000000,0.00000000,0.00000000,0.00000000,0.00000000,0.00000000,0.00000000,0.000000,0.00000000,0.00000000,0.00000000,0.00000000,0.00000000,0.00000000,0.00000000,0.00000000,0.00000000,0.00000000,0.00000000,0.00000000,0.00000000,0.00000000,0.00000000,0.00000000,0.00000000,0.00000000,0.00000000,0.00000000,0.00000000,0.00000000,0.00000000,0.000000,0.00000000,0.000000,0.00000000,0.00000000
2025-05-18,130257.1711,0.01030000,307.13140000,8.983700,0.00000000,0.00000000,0.00000000,0.0000000,0.00000000,0.00000000,0.00000000,0.000000,0.00000000,0.00000000,0.00000000,0.00000000,0.00000000,0.00000000,0.00000000,0.000000,0.00000000,0.00000000,0.00000000,0.00000000,0.00000000,0.00000000,0.00000000,0.00000000,0.00000000,0.00000000,0.00000000,0.00000000,0.00000000,0.00000000,0.00000000,0.00000000,0.00000000,0.00000000,0.00000000,0.00000000,0.00000000,0.00000000,0.00000000,0.000000,0.00000000,0.000000,0.00000000,0.00000000
2025-05-17,130257.1711,0.01030000,307.13140000,8.983700,0.00000000,0.00000000,0.00000000,0.0000000,0.00000000,0.00000000,0.00000000,0.000000,0.00000000,0.00000000,0.00000000,0.00000000,0.00000000,0.00000000,0.00000000,0.000000,0.00000000,0.00000000,0.00000000,0.00000000,0.00000000,0.00000000,0.00000000,0.00000000,0.00000000,0.00000000,0.00000000,0.00000000,0.00000000,0.00000000,0.00000000,0.00000000,0.00000000,0.00000000,0.00000000,0.00000000,0.00000000,0.00000000,0.00000000,0.000000,0.00000000,0.000000,0.00000000,0.00000000
2025-05-16,132160.7861,0.01030000,307.00000000,8.983700,0.00000000,0.00000000,0.00000000,0.0000000,0.00000000,0.00000000,0.00000000,0.000000,0.00000000,0.00000000,0.00000000,0.00000000,0.00000000,0.00000000,0.00000000,0.000000,0.00000000,0.00000000,0.00000000,0.00000000,0.00000000,0.00000000,0.00000000,0.00000000,0.00000000,0.00000000,0.00000000,0.00000000,0.00000000,0.00000000,0.00000000,0.00000000,0.00000000,0.00000000,0.00000000,0.00000000,0.00000000,0.00000000,0.00000000,0.000000,0.00000000,0.000000,0.00000000,0.00000000
2025-05-15,204800.7552,0.01030000,302.00000000,8.983700,0.00000000,0.00000000,0.00000000,0.0000000,0.00000000,0.00000000,0.00000000,0.000000,0.00000000,0.00000000,0.00000000,0.00000000,0.00000000,0.00000000,0.00000000,0.000000,0.00000000,0.00000000,0.00000000,0.00000000,0.00000000,0.00000000,0.00000000,0.00000000,0.00000000,0.00000000,0.00000000,0.00000000,0.00000000,0.00000000,0.00000000,0.00000000,0.00000000,0.00000000,0.00000000,0.00000000,0.00000000,0.00000000,0.00000000,0.000000,0.00000000,0.000000,0.00000000,0.00000000
2025-05-14,204800.7552,0.01030000,302.00000000,8.983700,0.00000000,0.00000000,0.00000000,0.0000000,0.00000000,0.00000000,0.00000000,0.000000,0.00000000,0.00000000,0.00000000,0.00000000,0.00000000,0.00000000,0.00000000,0.000000,0.00000000,0.00000000,0.00000000,0.00000000,0.00000000,0.00000000,0.00000000,0.00000000,0.00000000,0.00000000,0.00000000,0.00000000,0.00000000,0.00000000,0.00000000,0.00000000,0.00000000,0.00000000,0.00000000,0.00000000,0.00000000,0.00000000,0.00000000,0.000000,0.00000000,0.000000,0.00000000,0.00000000
2025-05-13,204800.7552,0.01030000,302.00000000,8.983700,0.00000000,0.00000000,0.00000000,0.0000000,0.00000000,0.00000000,0.00000000,0.000000,0.00000000,0.00000000,0.00000000,0.00000000,0.00000000,0.00000000,0.00000000,0.000000,0.00000000,0.00000000,0.00000000,0.00000000,0.00000000,0.00000000,0.00000000,0.00000000,0.00000000,0.00000000,0.00000000,0.00000000,0.00000000,0.00000000,0.00000000,0.00000000,0.00000000,0.00000000,0.00000000,0.00000000,0.00000000,0.00000000,0.00000000,0.000000,0.00000000,0.000000,0.00000000,0.00000000
2025-05-12,204800.7552,0.01030000,302.00000000,8.983700,0.00000000,0.00000000,0.00000000,0.0000000,0.00000000,0.00000000,0.00000000,0.000000,0.00000000,0.00000000,0.00000000,0.00000000,0.00000000,0.00000000,0.00000000,0.000000,0.00000000,0.00000000,0.00000000,0.00000000,0.00000000,0.00000000,0.00000000,0.00000000,0.00000000,0.00000000,0.00000000,0.00000000,0.00000000,0.00000000,0.00000000,0.00000000,0.00000000,0.00000000,0.00000000,0.00000000,0.00000000,0.00000000,0.00000000,0.000000,0.00000000,0.000000,0.00000000,0.00000000
2025-05-11,204800.7552,0.01030000,302.00000000,8.983700,0.00000000,0.00000000,0.00000000,0.0000000,0.00000000,0.00000000,0.00000000,0.000000,0.00000000,0.00000000,0.00000000,0.00000000,0.00000000,0.00000000,0.00000000,0.000000,0.00000000,0.00000000,0.00000000,0.00000000,0.00000000,0.00000000,0.00000000,0.00000000,0.00000000,0.00000000,0.00000000,0.00000000,0.00000000,0.00000000,0.00000000,0.00000000,0.00000000,0.00000000,0.00000000,0.00000000,0.00000000,0.00000000,0.00000000,0.000000,0.00000000,0.000000,0.00000000,0.00000000
2025-05-10,278312.5499,0.01030000,297.00000000,8.983700,0.00000000,0.00000000,0.00000000,0.0000000,0.00000000,0.00000000,0.00000000,0.000000,0.00000000,0.00000000,0.00000000,0.00000000,0.00000000,0.00000000,0.00000000,0.000000,0.00000000,0.00000000,0.00000000,0.00000000,0.00000000,0.00000000,0.00000000,0.00000000,0.00000000,0.00000000,0.00000000,0.00000000,0.00000000,0.00000000,0.00000000,0.00000000,0.00000000,0.00000000,0.00000000,0.00000000,0.00000000,0.00000000,0.00000000,0.000000,0.00000000,0.000000,0.00000000,0.00000000
2025-05-09,142164.4211,0.01030000,297.00000000,8.983700,0.00000000,0.00000000,0.00000000,0.0000000,0.00000000,0.00000000,0.00000000,0.000000,0.00000000,0.00000000,0.00000000,0.00000000,0.00000000,4130.75910000,0.00000000,0.000000,0.00000000,0.00000000,0.00000000,0.00000000,0.00000000,0.00000000,0.00000000,0.00000000,0.00000000,0.00000000,0.00000000,0.00000000,0.00000000,0.00000000,0.00000000,0.00000000,0.00000000,0.00000000,0.00000000,0.00000000,0.00000000,0.00000000,0.00000000,0.000000,0.00000000,0.000000,0.00000000,0.00000000
2025-05-08,73150.6211,0.01030000,302.00000000,8.983700,0.00000000,0.00000000,0.00000000,0.0000000,0.00000000,0.00000000,0.00000000,0.000000,0.00000000,0.00000000,0.00000000,0.00000000,0.00000000,4130.75910000,0.00000000,0.000000,0.00000000,0.00000000,0.00000000,0.00000000,0.00000000,0.00000000,0.00000000,0.00000000,0.00000000,0.00000000,0.00000000,0.00000000,0.00000000,0.00000000,0.00000000,0.00000000,0.00000000,0.00000000,0.00000000,0.00000000,0.00000000,0.00000000,0.00000000,0.000000,0.00000000,0.000000,0.00000000,0.00000000
2025-05-07,73150.6211,0.01030000,302.00000000,8.983700,0.00000000,0.00000000,0.00000000,0.0000000,0.00000000,0.00000000,0.00000000,0.000000,0.00000000,0.00000000,0.00000000,0.00000000,0.00000000,4130.75910000,0.00000000,0.000000,0.00000000,0.00000000,0.00000000,0.00000000,0.00000000,0.00000000,0.00000000,0.00000000,0.00000000,0.00000000,0.00000000,0.00000000,0.00000000,0.00000000,0.00000000,0.00000000,0.00000000,0.00000000,0.00000000,0.00000000,0.00000000,0.00000000,0.00000000,0.000000,0.00000000,0.000000,0.00000000,0.00000000
2025-05-06,7081.4993,0.01030000,307.00000000,8.983700,0.00000000,0.00000000,0.00000000,0.0000000,0.00000000,0.00000000,0.00000000,0.000000,0.00000000,0.00000000,0.00000000,0.00000000,0.00000000,4130.75910000,0.00000000,0.000000,0.00000000,0.00000000,0.00000000,0.00000000,0.00000000,0.00000000,0.00000000,0.00000000,0.00000000,0.00000000,0.00000000,0.00000000,0.00000000,0.00000000,0.00000000,0.00000000,0.00000000,0.00000000,0.00000000,0.00000000,0.00000000,0.00000000,0.00000000,0.000000,0.00000000,0.000000,0.00000000,0.00000000
2025-05-05,7081.4993,0.01030000,307.00000000,8.983700,0.00000000,0.00000000,0.00000000,0.0000000,0.00000000,0.00000000,0.00000000,0.000000,0.00000000,0.00000000,0.00000000,0.00000000,0.00000000,4130.75910000,0.00000000,0.000000,0.00000000,0.00000000,0.00000000,0.00000000,0.00000000,0.00000000,0.00000000,0.00000000,0.00000000,0.00000000,0.00000000,0.00000000,0.00000000,0.00000000,0.00000000,0.00000000,0.00000000,0.00000000,0.00000000,0.00000000,0.00000000,0.00000000,0.00000000,0.000000,0.00000000,0.000000,0.00000000,0.00000000
2025-05-04,68569.1993,0.01030000,302.00000000,8.983700,0.00000000,0.00000000,0.00000000,0.0000000,0.00000000,0.00000000,0.00000000,0.000000,0.00000000,0.00000000,0.00000000,0.00000000,0.00000000,4130.75910000,0.00000000,0.000000,0.00000000,0.00000000,0.00000000,0.00000000,0.00000000,0.00000000,0.00000000,0.00000000,0.00000000,0.00000000,0.00000000,0.00000000,0.00000000,0.00000000,0.00000000,0.00000000,0.00000000,0.00000000,0.00000000,0.00000000,0.00000000,0.00000000,0.00000000,0.000000,0.00000000,0.000000,0.00000000,0.00000000
2025-05-03,68569.1993,0.01030000,302.00000000,8.983700,0.00000000,0.00000000,0.00000000,0.0000000,0.00000000,0.00000000,0.00000000,0.000000,0.00000000,0.00000000,0.00000000,0.00000000,0.00000000,4130.75910000,0.00000000,0.000000,0.00000000,0.00000000,0.00000000,0.00000000,0.00000000,0.00000000,0.00000000,0.00000000,0.00000000,0.00000000,0.00000000,0.00000000,0.00000000,0.00000000,0.00000000,0.00000000,0.00000000,0.00000000,0.00000000,0.00000000,0.00000000,0.00000000,0.00000000,0.000000,0.00000000,0.000000,0.00000000,0.00000000
2025-05-02,131831.5443,0.01030000,297.00000000,8.983700,0.00000000,0.00000000,0.00000000,0.0000000,0.00000000,0.00000000,0.00000000,0.000000,0.00000000,0.00000000,0.00000000,0.00000000,0.00000000,4130.75910000,0.00000000,0.000000,0.00000000,0.00000000,0.00000000,0.00000000,0.00000000,0.00000000,0.00000000,0.00000000,0.00000000,0.00000000,0.00000000,0.00000000,0.00000000,0.00000000,0.00000000,0.00000000,0.00000000,0.00000000,0.00000000,0.00000000,0.00000000,0.00000000,0.00000000,0.000000,0.00000000,0.000000,0.00000000,0.00000000
2025-05-01,68026.2027,0.01030000,302.00000000,8.983700,0.00000000,0.00000000,0.00000000,0.0000000,0.00000000,0.00000000,0.00000000,0.000000,0.00000000,0.00000000,0.00000000,0.00000000,0.00000000,4130.75910000,0.00000000,0.000000,0.00000000,0.00000000,0.00000000,0.00000000,0.00000000,0.00000000,0.00000000,0.00000000,0.00000000,0.00000000,0.00000000,0.00000000,0.00000000,0.00000000,0.00000000,0.00000000,0.00000000,0.00000000,0.00000000,0.00000000,0.00000000,0.00000000,0.00000000,0.000000,0.00000000,0.000000,0.00000000,0.00000000
2025-04-30,68026.2027,0.01030000,302.00000000,8.983700,0.00000000,0.00000000,0.00000000,0.0000000,0.00000000,0.00000000,0.00000000,0.000000,0.00000000,0.00000000,0.00000000,0.00000000,0.00000000,4130.75910000,0.00000000,0.000000,0.00000000,0.00000000,0.00000000,0.00000000,0.00000000,0.00000000,0.00000000,0.00000000,0.00000000,0.00000000,0.00000000,0.00000000,0.00000000,0.00000000,0.00000000,0.00000000,0.00000000,0.00000000,0.00000000,0.00000000,0.00000000,0.00000000,0.00000000,0.000000,0.00000000,0.000000,0.00000000,0.00000000
2025-04-29,128014.2027,0.01030000,297.00000000,8.983700,0.00000000,0.00000000,0.00000000,0.0000000,0.00000000,0.00000000,0.00000000,0.000000,0.00000000,0.00000000,0.00000000,0.00000000,0.00000000,4130.75910000,0.00000000,0.000000,0.00000000,0.00000000,0.00000000,0.00000000,0.00000000,0.00000000,0.00000000,0.00000000,0.00000000,0.00000000,0.00000000,0.00000000,0.00000000,0.00000000,0.00000000,0.00000000,0.00000000,0.00000000,0.00000000,0.00000000,0.00000000,0.00000000,0.00000000,0.000000,0.00000000,0.000000,0.00000000,0.00000000
2025-04-28,128014.2027,0.01030000,297.00000000,8.983700,0.00000000,0.00000000,0.00000000,0.0000000,0.00000000,0.00000000,0.00000000,0.000000,0.00000000,0.00000000,0.00000000,0.00000000,0.00000000,4130.75910000,0.00000000,0.000000,0.00000000,0.00000000,0.00000000,0.00000000,0.00000000,0.00000000,0.00000000,0.00000000,0.00000000,0.00000000,0.00000000,0.00000000,0.00000000,0.00000000,0.00000000,0.00000000,0.00000000,0.00000000,0.00000000,0.00000000,0.00000000,0.00000000,0.00000000,0.000000,0.00000000,0.000000,0.00000000,0.00000000
2025-04-27,128014.2027,0.01030000,297.00000000,8.983700,0.00000000,0.00000000,0.00000000,0.0000000,0.00000000,0.00000000,0.00000000,0.000000,0.00000000,0.00000000,0.00000000,0.00000000,0.00000000,4130.75910000,0.00000000,0.000000,0.00000000,0.00000000,0.00000000,0.00000000,0.00000000,0.00000000,0.00000000,0.00000000,0.00000000,0.00000000,0.00000000,0.00000000,0.00000000,0.00000000,0.00000000,0.00000000,0.00000000,0.00000000,0.00000000,0.00000000,0.00000000,0.00000000,0.00000000,0.000000,0.00000000,0.000000,0.00000000,0.00000000
2025-04-26,128014.2027,0.01030000,297.00000000,8.983700,0.00000000,0.00000000,0.00000000,0.0000000,0.00000000,0.00000000,0.00000000,0.000000,0.00000000,0.00000000,0.00000000,0.00000000,0.00000000,4130.75910000,0.00000000,0.000000,0.00000000,0.00000000,0.00000000,0.00000000,0.00000000,0.00000000,0.00000000,0.00000000,0.00000000,0.00000000,0.00000000,0.00000000,0.00000000,0.00000000,0.00000000,0.00000000,0.00000000,0.00000000,0.00000000,0.00000000,0.00000000,0.00000000,0.00000000,0.000000,0.00000000,0.000000,0.00000000,0.00000000
2025-04-25,128014.2027,0.01030000,297.00000000,8.983700,0.00000000,0.00000000,0.00000000,0.0000000,0.00000000,0.00000000,0.00000000,0.000000,0.00000000,0.00000000,0.00000000,0.00000000,0.00000000,4130.75910000,0.00000000,0.000000,0.00000000,0.00000000,0.00000000,0.00000000,0.00000000,0.00000000,0.00000000,0.00000000,0.00000000,0.00000000,0.00000000,0.00000000,0.00000000,0.00000000,0.00000000,0.00000000,0.00000000,0.00000000,0.00000000,0.00000000,0.00000000,0.00000000,0.00000000,0.000000,0.00000000,0.000000,0.00000000,0.00000000
2025-04-24,128014.2027,0.01030000,297.00000000,8.983700,0.00000000,0.00000000,0.00000000,0.0000000,0.00000000,0.00000000,0.00000000,0.000000,0.00000000,0.00000000,0.00000000,0.00000000,0.00000000,4130.75910000,0.00000000,0.000000,0.00000000,0.00000000,0.00000000,0.00000000,0.00000000,0.00000000,0.00000000,0.00000000,0.00000000,0.00000000,0.00000000,0.00000000,0.00000000,0.00000000,0.00000000,0.00000000,0.00000000,0.00000000,0.00000000,0.00000000,0.00000000,0.00000000,0.00000000,0.000000,0.00000000,0.000000,0.00000000,0.00000000
2025-04-23,128014.2027,0.01030000,297.00000000,8.983700,0.00000000,0.00000000,0.00000000,0.0000000,0.00000000,0.00000000,0.00000000,0.000000,0.00000000,0.00000000,0.00000000,0.00000000,0.00000000,4130.75910000,0.00000000,0.000000,0.00000000,0.00000000,0.00000000,0.00000000,0.00000000,0.00000000,0.00000000,0.00000000,0.00000000,0.00000000,0.00000000,0.00000000,0.00000000,0.00000000,0.00000000,0.00000000,0.00000000,0.00000000,0.00000000,0.00000000,0.00000000,0.00000000,0.00000000,0.000000,0.00000000,0.000000,0.00000000,0.00000000
2025-04-22,128014.2027,0.01030000,297.00000000,8.983700,0.00000000,0.00000000,0.00000000,0.0000000,0.00000000,0.00000000,0.00000000,0.000000,0.00000000,0.00000000,0.00000000,0.00000000,0.00000000,4130.75910000,0.00000000,0.000000,0.00000000,0.00000000,0.00000000,0.00000000,0.00000000,0.00000000,0.00000000,0.00000000,0.00000000,0.00000000,0.00000000,0.00000000,0.00000000,0.00000000,0.00000000,0.00000000,0.00000000,0.00000000,0.00000000,0.00000000,0.00000000,0.00000000,0.00000000,0.000000,0.00000000,0.000000,0.00000000,0.00000000
2025-04-21,128014.2027,0.01030000,297.00000000,8.983700,0.00000000,0.00000000,0.00000000,0.0000000,0.00000000,0.00000000,0.00000000,0.000000,0.00000000,0.00000000,0.00000000,0.00000000,0.00000000,4130.75910000,0.00000000,0.000000,0.00000000,0.00000000,0.00000000,0.00000000,0.00000000,0.00000000,0.00000000,0.00000000,0.00000000,0.00000000,0.00000000,0.00000000,0.00000000,0.00000000,0.00000000,0.00000000,0.00000000,0.00000000,0.00000000,0.00000000,0.00000000,0.00000000,0.00000000,0.000000,0.00000000,0.000000,0.00000000,0.00000000
2025-04-20,128014.2027,0.01030000,297.00000000,8.983700,0.00000000,0.00000000,0.00000000,0.0000000,0.00000000,0.00000000,0.00000000,0.000000,0.00000000,0.00000000,0.00000000,0.00000000,0.00000000,4130.75910000,0.00000000,0.000000,0.00000000,0.00000000,0.00000000,0.00000000,0.00000000,0.00000000,0.00000000,0.00000000,0.00000000,0.00000000,0.00000000,0.00000000,0.00000000,0.00000000,0.00000000,0.00000000,0.00000000,0.00000000,0.00000000,0.00000000,0.00000000,0.00000000,0.00000000,0.000000,0.00000000,0.000000,0.00000000,0.00000000
2025-04-19,128014.2027,0.01030000,297.00000000,8.983700,0.00000000,0.00000000,0.00000000,0.0000000,0.00000000,0.00000000,0.00000000,0.000000,0.00000000,0.00000000,0.00000000,0.00000000,0.00000000,4130.75910000,0.00000000,0.000000,0.00000000,0.00000000,0.00000000,0.00000000,0.00000000,0.00000000,0.00000000,0.00000000,0.00000000,0.00000000,0.00000000,0.00000000,0.00000000,0.00000000,0.00000000,0.00000000,0.00000000,0.00000000,0.00000000,0.00000000,0.00000000,0.00000000,0.00000000,0.000000,0.00000000,0.000000,0.00000000,0.00000000
2025-04-18,128014.2027,0.01030000,297.00000000,8.983700,0.00000000,0.00000000,0.00000000,0.0000000,0.00000000,0.00000000,0.00000000,0.000000,0.00000000,0.00000000,0.00000000,0.00000000,0.00000000,4130.75910000,0.00000000,0.000000,0.00000000,0.00000000,0.00000000,0.00000000,0.00000000,0.00000000,0.00000000,0.00000000,0.00000000,0.00000000,0.00000000,0.00000000,0.00000000,0.00000000,0.00000000,0.00000000,0.00000000,0.00000000,0.00000000,0.00000000,0.00000000,0.00000000,0.00000000,0.000000,0.00000000,0.000000,0.00000000,0.00000000
2025-04-17,128014.2027,0.01030000,297.00000000,8.983700,0.00000000,0.00000000,0.00000000,0.0000000,0.00000000,0.00000000,0.00000000,0.000000,0.00000000,0.00000000,0.00000000,0.00000000,0.00000000,4130.75910000,0.00000000,0.000000,0.00000000,0.00000000,0.00000000,0.00000000,0.00000000,0.00000000,0.00000000,0.00000000,0.00000000,0.00000000,0.00000000,0.00000000,0.00000000,0.00000000,0.00000000,0.00000000,0.00000000,0.00000000,0.00000000,0.00000000,0.00000000,0.00000000,0.00000000,0.000000,0.00000000,0.000000,0.00000000,0.00000000
2025-04-16,233493.1027,0.01030000,287.00000000,8.983700,0.00000000,0.00000000,0.00000000,0.0000000,0.00000000,0.00000000,0.00000000,0.000000,0.00000000,0.00000000,0.00000000,0.00000000,0.00000000,4130.75910000,0.00000000,0.000000,0.00000000,0.00000000,0.00000000,0.00000000,0.00000000,0.00000000,0.00000000,0.00000000,0.00000000,0.00000000,0.00000000,0.00000000,0.00000000,0.00000000,0.00000000,0.00000000,0.00000000,0.00000000,0.00000000,0.00000000,0.00000000,0.00000000,0.00000000,0.000000,0.00000000,0.000000,0.00000000,0.00000000
2025-04-15,524387.3769,0.01030000,260.00000000,8.983700,0.00000000,0.00000000,0.00000000,0.0000000,0.00000000,0.00000000,0.00000000,0.000000,0.00000000,0.00000000,0.00000000,0.00000000,0.00000000,4130.75910000,0.00000000,0.000000,0.00000000,0.00000000,0.00000000,0.00000000,0.00000000,0.00000000,0.00000000,0.00000000,0.00000000,0.00000000,0.00000000,0.00000000,0.00000000,0.00000000,0.00000000,0.00000000,0.00000000,0.00000000,0.00000000,0.00000000,0.00000000,0.00000000,0.00000000,0.000000,0.00000000,0.000000,0.00000000,0.00000000
2025-04-14,962899.6569,0.01030000,220.00000000,8.983700,0.00000000,0.00000000,0.00000000,0.0000000,0.00000000,0.00000000,0.00000000,0.000000,0.00000000,0.00000000,0.00000000,0.00000000,0.00000000,4130.75910000,0.00000000,0.000000,0.00000000,0.00000000,0.00000000,0.00000000,0.00000000,0.00000000,0.00000000,0.00000000,0.00000000,0.00000000,0.00000000,0.00000000,0.00000000,0.00000000,0.00000000,0.00000000,0.00000000,0.00000000,0.00000000,0.00000000,0.00000000,0.00000000,0.00000000,0.000000,0.00000000,0.000000,0.00000000,0.00000000
2025-04-13,1296760.8713,0.01030000,190.00000000,8.983700,0.00000000,0.00000000,0.00000000,0.0000000,0.00000000,0.00000000,0.00000000,0.000000,0.00000000,0.00000000,0.00000000,0.00000000,0.00000000,4130.75910000,0.00000000,0.000000,0.00000000,0.00000000,0.00000000,0.00000000,0.00000000,0.00000000,0.00000000,0.00000000,0.00000000,0.00000000,0.00000000,0.00000000,0.00000000,0.00000000,0.00000000,0.00000000,0.00000000,0.00000000,0.00000000,0.00000000,0.00000000,0.00000000,0.00000000,0.000000,0.00000000,0.000000,0.00000000,0.00000000
2025-04-12,1522715.6713,0.01030000,170.00000000,8.983700,0.00000000,0.00000000,0.00000000,0.0000000,0.00000000,0.00000000,0.00000000,0.000000,0.00000000,0.00000000,0.00000000,0.00000000,0.00000000,4130.75910000,0.00000000,0.000000,0.00000000,0.00000000,0.00000000,0.00000000,0.00000000,0.00000000,0.00000000,0.00000000,0.00000000,0.00000000,0.00000000,0.00000000,0.00000000,0.00000000,0.00000000,0.00000000,0.00000000,0.00000000,0.00000000,0.00000000,0.00000000,0.00000000,0.00000000,0.000000,0.00000000,0.000000,0.00000000,0.00000000
2025-04-11,2510745.0259,0.01030000,80.00000000,8.983700,0.00000000,0.00000000,0.00000000,0.0000000,0.00000000,0.00000000,0.00000000,0.000000,0.00000000,0.00000000,0.00000000,0.00000000,0.00000000,4130.75910000,0.00000000,0.000000,0.00000000,0.00000000,0.00000000,0.00000000,0.00000000,0.00000000,0.00000000,0.00000000,0.00000000,0.00000000,0.00000000,0.00000000,0.00000000,0.00000000,0.00000000,0.00000000,0.00000000,0.00000000,0.00000000,0.00000000,0.00000000,0.00000000,0.00000000,0.000000,0.00000000,0.000000,0.00000000,0.00000000
2025-04-10,2506360.6943,0.01030000,80.00000000,8.983700,0.00000000,0.00000000,0.00000000,0.0000000,0.00000000,0.00000000,0.00000000,0.000000,0.00000000,0.00000000,0.00000000,0.00000000,0.00000000,4130.75910000,0.00000000,0.000000,0.00000000,0.00000000,0.00000000,0.00000000,0.00000000,0.00000000,0.00000000,0.00000000,0.00000000,0.00000000,0.00000000,0.00000000,0.00000000,0.00000000,0.00000000,0.00000000,0.00000000,0.00000000,0.00000000,0.00000000,0.00000000,0.00000000,0.00000000,0.000000,0.00000000,0.000000,0.00000000,0.00000000
2025-04-09,2506360.6943,0.01030000,80.00000000,8.983700,0.00000000,0.00000000,0.00000000,0.0000000,0.00000000,0.00000000,0.00000000,0.000000,0.00000000,0.00000000,0.00000000,0.00000000,0.00000000,4130.75910000,0.00000000,0.000000,0.00000000,0.00000000,0.00000000,0.00000000,0.00000000,0.00000000,0.00000000,0.00000000,0.00000000,0.00000000,0.00000000,0.00000000,0.00000000,0.00000000,0.00000000,0.00000000,0.00000000,0.00000000,0.00000000,0.00000000,0.00000000,0.00000000,0.00000000,0.000000,0.00000000,0.000000,0.00000000,0.00000000
2025-04-08,2506360.6943,0.01030000,80.00000000,8.983700,0.00000000,0.00000000,0.00000000,0.0000000,0.00000000,0.00000000,0.00000000,0.000000,0.00000000,0.00000000,0.00000000,0.00000000,0.00000000,4130.75910000,0.00000000,0.000000,0.00000000,0.00000000,0.00000000,0.00000000,0.00000000,0.00000000,0.00000000,0.00000000,0.00000000,0.00000000,0.00000000,0.00000000,0.00000000,0.00000000,0.00000000,0.00000000,0.00000000,0.00000000,0.00000000,0.00000000,0.00000000,0.00000000,0.00000000,0.000000,0.00000000,0.000000,0.00000000,0.00000000
2025-04-07,2830434.1230,0.01030000,50.00000000,8.983700,0.00000000,0.00000000,0.00000000,0.0000000,0.00000000,0.00000000,0.00000000,0.000000,0.00000000,0.00000000,0.00000000,0.00000000,0.00000000,4130.75910000,0.00000000,0.000000,0.00000000,0.00000000,0.00000000,0.00000000,0.00000000,0.00000000,0.00000000,0.00000000,0.00000000,0.00000000,0.00000000,0.00000000,0.00000000,0.00000000,0.00000000,0.00000000,0.00000000,0.00000000,0.00000000,0.00000000,0.00000000,0.00000000,0.00000000,0.000000,0.00000000,0.000000,0.00000000,0.00000000
2025-04-06,2394332.4545,0.01030000,85.10660000,8.983700,0.00000000,0.00000000,0.00000000,0.0000000,0.00000000,0.00000000,0.00000000,0.000000,0.00000000,0.00000000,0.00000000,0.00000000,0.00000000,4130.75910000,0.00000000,0.000000,0.00000000,0.00000000,0.00000000,0.00000000,0.00000000,0.00000000,0.00000000,0.00000000,0.00000000,0.00000000,0.00000000,0.00000000,0.00000000,0.00000000,0.00000000,0.00000000,0.00000000,0.00000000,0.00000000,0.00000000,0.00000000,0.00000000,0.00000000,0.000000,0.00000000,0.000000,0.00000000,0.00000000
2025-04-05,3402643.9618,0.01030000,0.00000000,8.983700,0.00000000,0.00000000,0.00000000,0.0000000,0.00000000,0.00000000,0.00000000,0.000000,0.00000000,0.00000000,0.00000000,0.00000000,0.00000000,4130.75910000,0.00000000,0.000000,0.00000000,0.00000000,0.00000000,0.00000000,0.00000000,0.00000000,0.00000000,0.00000000,0.00000000,0.00000000,0.00000000,0.00000000,0.00000000,0.00000000,0.00000000,0.00000000,0.00000000,0.00000000,0.00000000,0.00000000,0.00000000,0.00000000,0.00000000,0.000000,0.00000000,0.000000,0.00000000,0.00000000
2025-04-04,3402643.9618,0.01030000,0.00000000,8.983700,0.00000000,0.00000000,0.00000000,0.0000000,0.00000000,0.00000000,0.00000000,0.000000,0.00000000,0.00000000,0.00000000,0.00000000,0.00000000,4130.75910000,0.00000000,0.000000,0.00000000,0.00000000,0.00000000,0.00000000,0.00000000,0.00000000,0.00000000,0.00000000,0.00000000,0.00000000,0.00000000,0.00000000,0.00000000,0.00000000,0.00000000,0.00000000,0.00000000,0.00000000,0.00000000,0.00000000,0.00000000,0.00000000,0.00000000,0.000000,0.00000000,0.000000,0.00000000,0.00000000
2025-04-03,3402643.9618,0.01030000,0.00000000,8.983700,0.00000000,0.00000000,0.00000000,0.0000000,0.00000000,0.00000000,0.00000000,0.000000,0.00000000,0.00000000,0.00000000,0.00000000,0.00000000,4130.75910000,0.00000000,0.000000,0.00000000,0.00000000,0.00000000,0.00000000,0.00000000,0.00000000,0.00000000,0.00000000,0.00000000,0.00000000,0.00000000,0.00000000,0.00000000,0.00000000,0.00000000,0.00000000,0.00000000,0.00000000,0.00000000,0.00000000,0.00000000,0.00000000,0.00000000,0.000000,0.00000000,0.000000,0.00000000,0.00000000
2025-04-02,109.2982,0.01030000,283.68570000,8.983700,0.00000000,0.00000000,0.00000000,0.0000000,0.00000000,0.00000000,0.00000000,0.000000,0.00000000,0.00000000,0.00000000,0.00000000,0.00000000,4130.75910000,0.00000000,0.000000,0.00000000,0.00000000,0.00000000,0.00000000,0.00000000,0.00000000,0.00000000,0.00000000,0.00000000,0.00000000,0.00000000,0.00000000,0.00000000,0.00000000,0.00000000,0.00000000,0.00000000,0.00000000,0.00000000,0.00000000,0.00000000,0.00000000,0.00000000,0.000000,0.00000000,0.000000,0.00000000,0.00000000
2025-04-01,109.2982,0.01030000,283.68570000,8.983700,0.00000000,0.00000000,0.00000000,0.0000000,0.00000000,0.00000000,0.00000000,0.000000,0.00000000,0.00000000,0.00000000,0.00000000,0.00000000,4130.75910000,0.00000000,0.000000,0.00000000,0.00000000,0.00000000,0.00000000,0.00000000,0.00000000,0.00000000,0.00000000,0.00000000,0.00000000,0.00000000,0.00000000,0.00000000,0.00000000,0.00000000,0.00000000,0.00000000,0.00000000,0.00000000,0.00000000,0.00000000,0.00000000,0.00000000,0.000000,0.00000000,0.000000,0.00000000,0.00000000
2025-03-31,77731.1907,0.01030000,277.47570000,8.983700,0.00000000,0.00000000,0.00000000,0.0000000,0.00000000,0.00000000,0.00000000,0.000000,0.00000000,0.00000000,0.00000000,0.00000000,0.00000000,4130.75910000,0.00000000,0.000000,0.00000000,0.00000000,0.00000000,0.00000000,0.00000000,0.00000000,0.00000000,0.00000000,0.00000000,0.00000000,0.00000000,0.00000000,0.00000000,0.00000000,0.00000000,0.00000000,0.00000000,0.00000000,0.00000000,0.00000000,0.00000000,0.00000000,0.00000000,0.000000,0.00000000,0.000000,0.00000000,0.00000000
2025-03-30,77731.1907,0.01030000,277.47570000,8.983700,0.00000000,0.00000000,0.00000000,0.0000000,0.00000000,0.00000000,0.00000000,0.000000,0.00000000,0.00000000,0.00000000,0.00000000,0.00000000,4130.75910000,0.00000000,0.000000,0.00000000,0.00000000,0.00000000,0.00000000,0.00000000,0.00000000,0.00000000,0.00000000,0.00000000,0.00000000,0.00000000,0.00000000,0.00000000,0.00000000,0.00000000,0.00000000,0.00000000,0.00000000,0.00000000,0.00000000,0.00000000,0.00000000,0.00000000,0.000000,0.00000000,0.000000,0.00000000,0.00000000
2025-03-29,77731.1907,0.01030000,277.47570000,8.983700,0.00000000,0.00000000,0.00000000,0.0000000,0.00000000,0.00000000,0.00000000,0.000000,0.00000000,0.00000000,0.00000000,0.00000000,0.00000000,4130.75910000,0.00000000,0.000000,0.00000000,0.00000000,0.00000000,0.00000000,0.00000000,0.00000000,0.00000000,0.00000000,0.00000000,0.00000000,0.00000000,0.00000000,0.00000000,0.00000000,0.00000000,0.00000000,0.00000000,0.00000000,0.00000000,0.00000000,0.00000000,0.00000000,0.00000000,0.000000,0.00000000,0.000000,0.00000000,0.00000000
2025-03-28,242016.2695,0.01030000,264.82970000,8.983700,0.00000000,0.00000000,0.00000000,0.0000000,0.00000000,0.00000000,0.00000000,0.000000,0.00000000,0.00000000,0.00000000,0.00000000,0.00000000,4130.75910000,0.00000000,0.000000,0.00000000,0.00000000,0.00000000,0.00000000,0.00000000,0.00000000,0.00000000,0.00000000,0.00000000,0.00000000,0.00000000,0.00000000,0.00000000,0.00000000,0.00000000,0.00000000,0.00000000,0.00000000,0.00000000,0.00000000,0.00000000,0.00000000,0.00000000,0.000000,0.00000000,0.000000,0.00000000,0.00000000
2025-03-27,242016.2695,0.01030000,264.82970000,8.983700,0.00000000,0.00000000,0.00000000,0.0000000,0.00000000,0.00000000,0.00000000,0.000000,0.00000000,0.00000000,0.00000000,0.00000000,0.00000000,4130.75910000,0.00000000,0.000000,0.00000000,0.00000000,0.00000000,0.00000000,0.00000000,0.00000000,0.00000000,0.00000000,0.00000000,0.00000000,0.00000000,0.00000000,0.00000000,0.00000000,0.00000000,0.00000000,0.00000000,0.00000000,0.00000000,0.00000000,0.00000000,0.00000000,0.00000000,0.000000,0.00000000,0.000000,0.00000000,0.00000000
2025-03-26,242016.2695,0.01030000,264.82970000,8.983700,0.00000000,0.00000000,0.00000000,0.0000000,0.00000000,0.00000000,0.00000000,0.000000,0.00000000,0.00000000,0.00000000,0.00000000,0.00000000,4130.75910000,0.00000000,0.000000,0.00000000,0.00000000,0.00000000,0.00000000,0.00000000,0.00000000,0.00000000,0.00000000,0.00000000,0.00000000,0.00000000,0.00000000,0.00000000,0.00000000,0.00000000,0.00000000,0.00000000,0.00000000,0.00000000,0.00000000,0.00000000,0.00000000,0.00000000,0.000000,0.00000000,0.000000,0.00000000,0.00000000
2025-03-25,366509.5929,0.01030000,264.82970000,8.983700,0.00000000,0.00000000,0.00000000,0.0000000,0.00000000,0.00000000,0.00000000,0.000000,0.00000000,0.00000000,0.00000000,0.00000000,0.00000000,0.00000000,0.00000000,0.000000,0.00000000,0.00000000,0.00000000,0.00000000,0.00000000,0.00000000,0.00000000,0.00000000,0.00000000,0.00000000,0.00000000,0.00000000,0.00000000,0.00000000,0.00000000,0.00000000,0.00000000,0.00000000,0.00000000,0.00000000,0.00000000,0.00000000,0.00000000,0.000000,0.00000000,0.000000,0.00000000,0.00000000
2025-03-24,366509.5929,0.01030000,264.82970000,8.983700,0.00000000,0.00000000,0.00000000,0.0000000,0.00000000,0.00000000,0.00000000,0.000000,0.00000000,0.00000000,0.00000000,0.00000000,0.00000000,0.00000000,0.00000000,0.000000,0.00000000,0.00000000,0.00000000,0.00000000,0.00000000,0.00000000,0.00000000,0.00000000,0.00000000,0.00000000,0.00000000,0.00000000,0.00000000,0.00000000,0.00000000,0.00000000,0.00000000,0.00000000,0.00000000,0.00000000,0.00000000,0.00000000,0.00000000,0.000000,0.00000000,0.000000,0.00000000,0.00000000
2025-03-23,366509.5929,0.01030000,264.82970000,8.983700,0.00000000,0.00000000,0.00000000,0.0000000,0.00000000,0.00000000,0.00000000,0.000000,0.00000000,0.00000000,0.00000000,0.00000000,0.00000000,0.00000000,0.00000000,0.000000,0.00000000,0.00000000,0.00000000,0.00000000,0.00000000,0.00000000,0.00000000,0.00000000,0.00000000,0.00000000,0.00000000,0.00000000,0.00000000,0.00000000,0.00000000,0.00000000,0.00000000,0.00000000,0.00000000,0.00000000,0.00000000,0.00000000,0.00000000,0.000000,0.00000000,0.000000,0.00000000,0.00000000
2025-03-22,366509.5929,0.01030000,264.82970000,8.983700,0.00000000,0.00000000,0.00000000,0.0000000,0.00000000,0.00000000,0.00000000,0.000000,0.00000000,0.00000000,0.00000000,0.00000000,0.00000000,0.00000000,0.00000000,0.000000,0.00000000,0.00000000,0.00000000,0.00000000,0.00000000,0.00000000,0.00000000,0.00000000,0.00000000,0.00000000,0.00000000,0.00000000,0.00000000,0.00000000,0.00000000,0.00000000,0.00000000,0.00000000,0.00000000,0.00000000,0.00000000,0.00000000,0.00000000,0.000000,0.00000000,0.000000,0.00000000,0.00000000
2025-03-21,640774.3161,0.01030000,244.82970000,8.983700,0.00000000,0.00000000,0.00000000,0.0000000,0.00000000,0.00000000,0.00000000,0.000000,0.00000000,0.00000000,0.00000000,0.00000000,0.00000000,0.00000000,0.00000000,0.000000,0.00000000,0.00000000,0.00000000,0.00000000,0.00000000,0.00000000,0.00000000,0.00000000,0.00000000,0.00000000,0.00000000,0.00000000,0.00000000,0.00000000,0.00000000,0.00000000,0.00000000,0.00000000,0.00000000,0.00000000,0.00000000,0.00000000,0.00000000,0.000000,0.00000000,0.000000,0.00000000,0.00000000
2025-03-20,640774.3161,0.01030000,244.82970000,8.983700,0.00000000,0.00000000,0.00000000,0.0000000,0.00000000,0.00000000,0.00000000,0.000000,0.00000000,0.00000000,0.00000000,0.00000000,0.00000000,0.00000000,0.00000000,0.000000,0.00000000,0.00000000,0.00000000,0.00000000,0.00000000,0.00000000,0.00000000,0.00000000,0.00000000,0.00000000,0.00000000,0.00000000,0.00000000,0.00000000,0.00000000,0.00000000,0.00000000,0.00000000,0.00000000,0.00000000,0.00000000,0.00000000,0.00000000,0.000000,0.00000000,0.000000,0.00000000,0.00000000
2025-03-19,640774.3161,0.01030000,244.82970000,8.983700,0.00000000,0.00000000,0.00000000,0.0000000,0.00000000,0.00000000,0.00000000,0.000000,0.00000000,0.00000000,0.00000000,0.00000000,0.00000000,0.00000000,0.00000000,0.000000,0.00000000,0.00000000,0.00000000,0.00000000,0.00000000,0.00000000,0.00000000,0.00000000,0.00000000,0.00000000,0.00000000,0.00000000,0.00000000,0.00000000,0.00000000,0.00000000,0.00000000,0.00000000,0.00000000,0.00000000,0.00000000,0.00000000,0.00000000,0.000000,0.00000000,0.000000,0.00000000,0.00000000
2025-03-18,640774.3161,0.01030000,244.82970000,8.983700,0.00000000,0.00000000,0.00000000,0.0000000,0.00000000,0.00000000,0.00000000,0.000000,0.00000000,0.00000000,0.00000000,0.00000000,0.00000000,0.00000000,0.00000000,0.000000,0.00000000,0.00000000,0.00000000,0.00000000,0.00000000,0.00000000,0.00000000,0.00000000,0.00000000,0.00000000,0.00000000,0.00000000,0.00000000,0.00000000,0.00000000,0.00000000,0.00000000,0.00000000,0.00000000,0.00000000,0.00000000,0.00000000,0.00000000,0.000000,0.00000000,0.000000,0.00000000,0.00000000
2025-03-17,640774.3161,0.01030000,244.82970000,8.983700,0.00000000,0.00000000,0.00000000,0.0000000,0.00000000,0.00000000,0.00000000,0.000000,0.00000000,0.00000000,0.00000000,0.00000000,0.00000000,0.00000000,0.00000000,0.000000,0.00000000,0.00000000,0.00000000,0.00000000,0.00000000,0.00000000,0.00000000,0.00000000,0.00000000,0.00000000,0.00000000,0.00000000,0.00000000,0.00000000,0.00000000,0.00000000,0.00000000,0.00000000,0.00000000,0.00000000,0.00000000,0.00000000,0.00000000,0.000000,0.00000000,0.000000,0.00000000,0.00000000
2025-03-16,640774.3161,0.01030000,244.82970000,8.983700,0.00000000,0.00000000,0.00000000,0.0000000,0.00000000,0.00000000,0.00000000,0.000000,0.00000000,0.00000000,0.00000000,0.00000000,0.00000000,0.00000000,0.00000000,0.000000,0.00000000,0.00000000,0.00000000,0.00000000,0.00000000,0.00000000,0.00000000,0.00000000,0.00000000,0.00000000,0.00000000,0.00000000,0.00000000,0.00000000,0.00000000,0.00000000,0.00000000,0.00000000,0.00000000,0.00000000,0.00000000,0.00000000,0.00000000,0.000000,0.00000000,0.000000,0.00000000,0.00000000
2025-03-15,640774.3161,0.01030000,244.82970000,8.983700,0.00000000,0.00000000,0.00000000,0.0000000,0.00000000,0.00000000,0.00000000,0.000000,0.00000000,0.00000000,0.00000000,0.00000000,0.00000000,0.00000000,0.00000000,0.000000,0.00000000,0.00000000,0.00000000,0.00000000,0.00000000,0.00000000,0.00000000,0.00000000,0.00000000,0.00000000,0.00000000,0.00000000,0.00000000,0.00000000,0.00000000,0.00000000,0.00000000,0.00000000,0.00000000,0.00000000,0.00000000,0.00000000,0.00000000,0.000000,0.00000000,0.000000,0.00000000,0.00000000
2025-03-14,640774.3161,0.01030000,244.82970000,8.983700,0.00000000,0.00000000,0.00000000,0.0000000,0.00000000,0.00000000,0.00000000,0.000000,0.00000000,0.00000000,0.00000000,0.00000000,0.00000000,0.00000000,0.00000000,0.000000,0.00000000,0.00000000,0.00000000,0.00000000,0.00000000,0.00000000,0.00000000,0.00000000,0.00000000,0.00000000,0.00000000,0.00000000,0.00000000,0.00000000,0.00000000,0.00000000,0.00000000,0.00000000,0.00000000,0.00000000,0.00000000,0.00000000,0.00000000,0.000000,0.00000000,0.000000,0.00000000,0.00000000
2025-03-13,357.3255,0.01030000,244.82970000,8.983700,0.00000000,0.00000000,0.00000000,0.0000000,0.00000000,0.00000000,0.00000000,0.000000,0.00000000,0.00000000,0.00000000,0.00000000,0.00000000,25158.70070000,0.00000000,0.000000,0.00000000,0.00000000,0.00000000,0.00000000,0.00000000,0.00000000,0.00000000,0.00000000,0.00000000,0.00000000,0.00000000,0.00000000,0.00000000,0.00000000,0.00000000,0.00000000,0.00000000,0.00000000,0.00000000,0.00000000,0.00000000,0.00000000,0.00000000,0.000000,0.00000000,0.000000,0.00000000,0.00000000
2025-03-12,197.0986,0.01030000,244.82970000,8.983700,0.00000000,0.00000000,0.00000000,0.0000000,0.00000000,0.00000000,0.00000000,0.000000,0.00000000,0.00000000,0.00000000,0.00000000,0.00000000,24949.42560000,0.00000000,0.000000,0.00000000,0.00000000,0.00000000,0.00000000,0.00000000,0.00000000,0.00000000,0.00000000,0.00000000,0.00000000,0.00000000,0.00000000,0.00000000,0.00000000,0.00000000,0.00000000,0.00000000,0.00000000,0.00000000,0.00000000,0.00000000,0.00000000,0.00000000,0.000000,0.00000000,0.000000,0.00000000,0.00000000
2025-03-11,197.0986,0.01030000,244.82970000,8.983700,0.00000000,0.00000000,0.00000000,0.0000000,0.00000000,0.00000000,0.00000000,0.000000,0.00000000,0.00000000,0.00000000,0.00000000,0.00000000,24949.42560000,0.00000000,0.000000,0.00000000,0.00000000,0.00000000,0.00000000,0.00000000,0.00000000,0.00000000,0.00000000,0.00000000,0.00000000,0.00000000,0.00000000,0.00000000,0.00000000,0.00000000,0.00000000,0.00000000,0.00000000,0.00000000,0.00000000,0.00000000,0.00000000,0.00000000,0.000000,0.00000000,0.000000,0.00000000,0.00000000
2025-03-10,197.0986,0.01030000,244.82970000,8.983700,0.00000000,0.00000000,0.00000000,0.0000000,0.00000000,0.00000000,0.00000000,0.000000,0.00000000,0.00000000,0.00000000,0.00000000,0.00000000,24949.42560000,0.00000000,0.000000,0.00000000,0.00000000,0.00000000,0.00000000,0.00000000,0.00000000,0.00000000,0.00000000,0.00000000,0.00000000,0.00000000,0.00000000,0.00000000,0.00000000,0.00000000,0.00000000,0.00000000,0.00000000,0.00000000,0.00000000,0.00000000,0.00000000,0.00000000,0.000000,0.00000000,0.000000,0.00000000,0.00000000
2025-03-09,197.0986,0.01030000,244.82970000,8.983700,0.00000000,0.00000000,0.00000000,0.0000000,0.00000000,0.00000000,0.00000000,0.000000,0.00000000,0.00000000,0.00000000,0.00000000,0.00000000,24949.42560000,0.00000000,0.000000,0.00000000,0.00000000,0.00000000,0.00000000,0.00000000,0.00000000,0.00000000,0.00000000,0.00000000,0.00000000,0.00000000,0.00000000,0.00000000,0.00000000,0.00000000,0.00000000,0.00000000,0.00000000,0.00000000,0.00000000,0.00000000,0.00000000,0.00000000,0.000000,0.00000000,0.000000,0.00000000,0.00000000
2025-03-08,197.0986,0.01030000,244.82970000,8.983700,0.00000000,0.00000000,0.00000000,0.0000000,0.00000000,0.00000000,0.00000000,0.000000,0.00000000,0.00000000,0.00000000,0.00000000,0.00000000,24949.42560000,0.00000000,0.000000,0.00000000,0.00000000,0.00000000,0.00000000,0.00000000,0.00000000,0.00000000,0.00000000,0.00000000,0.00000000,0.00000000,0.00000000,0.00000000,0.00000000,0.00000000,0.00000000,0.00000000,0.00000000,0.00000000,0.00000000,0.00000000,0.00000000,0.00000000,0.000000,0.00000000,0.000000,0.00000000,0.00000000
2025-03-07,197.0986,0.01030000,244.82970000,8.983700,0.00000000,0.00000000,0.00000000,0.0000000,0.00000000,0.00000000,0.00000000,0.000000,0.00000000,0.00000000,0.00000000,0.00000000,0.00000000,24949.42560000,0.00000000,0.000000,0.00000000,0.00000000,0.00000000,0.00000000,0.00000000,0.00000000,0.00000000,0.00000000,0.00000000,0.00000000,0.00000000,0.00000000,0.00000000,0.00000000,0.00000000,0.00000000,0.00000000,0.00000000,0.00000000,0.00000000,0.00000000,0.00000000,0.00000000,0.000000,0.00000000,0.000000,0.00000000,0.00000000
2025-03-06,197.0986,0.01030000,244.82970000,8.983700,0.00000000,0.00000000,0.00000000,0.0000000,0.00000000,0.00000000,0.00000000,0.000000,0.00000000,0.00000000,0.00000000,0.00000000,0.00000000,24949.42560000,0.00000000,0.000000,0.00000000,0.00000000,0.00000000,0.00000000,0.00000000,0.00000000,0.00000000,0.00000000,0.00000000,0.00000000,0.00000000,0.00000000,0.00000000,0.00000000,0.00000000,0.00000000,0.00000000,0.00000000,0.00000000,0.00000000,0.00000000,0.00000000,0.00000000,0.000000,0.00000000,0.000000,0.00000000,0.00000000
2025-03-05,197.0986,0.01030000,244.82970000,8.983700,0.00000000,0.00000000,0.00000000,0.0000000,0.00000000,0.00000000,0.00000000,0.000000,0.00000000,0.00000000,0.00000000,0.00000000,0.00000000,24949.42560000,0.00000000,0.000000,0.00000000,0.00000000,0.00000000,0.00000000,0.00000000,0.00000000,0.00000000,0.00000000,0.00000000,0.00000000,0.00000000,0.00000000,0.00000000,0.00000000,0.00000000,0.00000000,0.00000000,0.00000000,0.00000000,0.00000000,0.00000000,0.00000000,0.00000000,0.000000,0.00000000,0.000000,0.00000000,0.00000000
2025-03-04,140096.1818,0.01030000,235.42960000,8.983700,0.00000000,0.00000000,0.00000000,0.0000000,0.00000000,0.00000000,0.00000000,0.000000,0.00000000,0.00000000,0.00000000,0.00000000,0.00000000,24949.42560000,0.00000000,0.000000,0.00000000,0.00000000,0.00000000,0.00000000,0.00000000,0.00000000,0.00000000,0.00000000,0.00000000,0.00000000,0.00000000,0.00000000,0.00000000,0.00000000,0.00000000,0.00000000,0.00000000,0.00000000,0.00000000,0.00000000,0.00000000,0.00000000,0.00000000,0.000000,0.00000000,0.000000,0.00000000,0.00000000
2025-03-03,140096.1818,0.01030000,235.42960000,8.983700,0.00000000,0.00000000,0.00000000,0.0000000,0.00000000,0.00000000,0.00000000,0.000000,0.00000000,0.00000000,0.00000000,0.00000000,0.00000000,24949.42560000,0.00000000,0.000000,0.00000000,0.00000000,0.00000000,0.00000000,0.00000000,0.00000000,0.00000000,0.00000000,0.00000000,0.00000000,0.00000000,0.00000000,0.00000000,0.00000000,0.00000000,0.00000000,0.00000000,0.00000000,0.00000000,0.00000000,0.00000000,0.00000000,0.00000000,0.000000,0.00000000,0.000000,0.00000000,0.00000000
2025-03-02,96.1818,0.01030000,235.42960000,8.983700,0.00000000,0.00000000,0.00000000,0.0000000,0.00000000,0.00000000,0.00000000,0.000000,0.00000000,0.00000000,0.00000000,0.00000000,0.00000000,24949.42560000,0.00000000,0.000000,0.00000000,0.00000000,0.00000000,0.00000000,0.00000000,0.00000000,0.00000000,0.00000000,0.00000000,0.00000000,0.00000000,0.00000000,0.00000000,0.00000000,0.00000000,0.00000000,0.00000000,0.00000000,0.00000000,0.00000000,0.00000000,0.00000000,0.00000000,0.000000,0.00000000,0.000000,0.00000000,0.00000000
2025-03-01,96.1818,0.01030000,235.42960000,8.983700,0.00000000,0.00000000,0.00000000,0.0000000,0.00000000,0.00000000,0.00000000,0.000000,0.00000000,0.00000000,0.00000000,0.00000000,0.00000000,24949.42560000,0.00000000,0.000000,0.00000000,0.00000000,0.00000000,0.00000000,0.00000000,0.00000000,0.00000000,0.00000000,0.00000000,0.00000000,0.00000000,0.00000000,0.00000000,0.00000000,0.00000000,0.00000000,0.00000000,0.00000000,0.00000000,0.00000000,0.00000000,0.00000000,0.00000000,0.000000,0.00000000,0.000000,0.00000000,0.00000000
2025-02-28,96.1818,0.01030000,235.42960000,8.983700,0.00000000,0.00000000,0.00000000,0.0000000,0.00000000,0.00000000,0.00000000,0.000000,0.00000000,0.00000000,0.00000000,0.00000000,0.00000000,24949.42560000,0.00000000,0.000000,0.00000000,0.00000000,0.00000000,0.00000000,0.00000000,0.00000000,0.00000000,0.00000000,0.00000000,0.00000000,0.00000000,0.00000000,0.00000000,0.00000000,0.00000000,0.00000000,0.00000000,0.00000000,0.00000000,0.00000000,0.00000000,0.00000000,0.00000000,0.000000,0.00000000,0.000000,0.00000000,0.00000000
2025-02-27,96.1818,0.01030000,235.42960000,8.983700,0.00000000,0.00000000,0.00000000,0.0000000,0.00000000,0.00000000,0.00000000,0.000000,0.00000000,0.00000000,0.00000000,0.00000000,0.00000000,24949.42560000,0.00000000,0.000000,0.00000000,0.00000000,0.00000000,0.00000000,0.00000000,0.00000000,0.00000000,0.00000000,0.00000000,0.00000000,0.00000000,0.00000000,0.00000000,0.00000000,0.00000000,0.00000000,0.00000000,0.00000000,0.00000000,0.00000000,0.00000000,0.00000000,0.00000000,0.000000,0.00000000,0.000000,0.00000000,0.00000000
2025-02-26,96.1818,0.01030000,235.42960000,8.983700,0.00000000,0.00000000,0.00000000,0.0000000,0.00000000,0.00000000,0.00000000,0.000000,0.00000000,0.00000000,0.00000000,0.00000000,0.00000000,24949.42560000,0.00000000,0.000000,0.00000000,0.00000000,0.00000000,0.00000000,0.00000000,0.00000000,0.00000000,0.00000000,0.00000000,0.00000000,0.00000000,0.00000000,0.00000000,0.00000000,0.00000000,0.00000000,0.00000000,0.00000000,0.00000000,0.00000000,0.00000000,0.00000000,0.00000000,0.000000,0.00000000,0.000000,0.00000000,0.00000000
2025-02-25,96.1818,0.01030000,235.42960000,8.983700,0.00000000,0.00000000,0.00000000,0.0000000,0.00000000,0.00000000,0.00000000,0.000000,0.00000000,0.00000000,0.00000000,0.00000000,0.00000000,24949.42560000,0.00000000,0.000000,0.00000000,0.00000000,0.00000000,0.00000000,0.00000000,0.00000000,0.00000000,0.00000000,0.00000000,0.00000000,0.00000000,0.00000000,0.00000000,0.00000000,0.00000000,0.00000000,0.00000000,0.00000000,0.00000000,0.00000000,0.00000000,0.00000000,0.00000000,0.000000,0.00000000,0.000000,0.00000000,0.00000000
2025-02-24,96.1818,0.01030000,235.42960000,8.983700,0.00000000,0.00000000,0.00000000,0.0000000,0.00000000,0.00000000,0.00000000,0.000000,0.00000000,0.00000000,0.00000000,0.00000000,0.00000000,24949.42560000,0.00000000,0.000000,0.00000000,0.00000000,0.00000000,0.00000000,0.00000000,0.00000000,0.00000000,0.00000000,0.00000000,0.00000000,0.00000000,0.00000000,0.00000000,0.00000000,0.00000000,0.00000000,0.00000000,0.00000000,0.00000000,0.00000000,0.00000000,0.00000000,0.00000000,0.000000,0.00000000,0.000000,0.00000000,0.00000000
2025-02-23,96.1818,0.01030000,235.42960000,8.983700,0.00000000,0.00000000,0.00000000,0.0000000,0.00000000,0.00000000,0.00000000,0.000000,0.00000000,0.00000000,0.00000000,0.00000000,0.00000000,24949.42560000,0.00000000,0.000000,0.00000000,0.00000000,0.00000000,0.00000000,0.00000000,0.00000000,0.00000000,0.00000000,0.00000000,0.00000000,0.00000000,0.00000000,0.00000000,0.00000000,0.00000000,0.00000000,0.00000000,0.00000000,0.00000000,0.00000000,0.00000000,0.00000000,0.00000000,0.000000,0.00000000,0.000000,0.00000000,0.00000000
2025-02-22,96.1818,0.01030000,235.42960000,8.983700,0.00000000,0.00000000,0.00000000,0.0000000,0.00000000,0.00000000,0.00000000,0.000000,0.00000000,0.00000000,0.00000000,0.00000000,0.00000000,24949.42560000,0.00000000,0.000000,0.00000000,0.00000000,0.00000000,0.00000000,0.00000000,0.00000000,0.00000000,0.00000000,0.00000000,0.00000000,0.00000000,0.00000000,0.00000000,0.00000000,0.00000000,0.00000000,0.00000000,0.00000000,0.00000000,0.00000000,0.00000000,0.00000000,0.00000000,0.000000,0.00000000,0.000000,0.00000000,0.00000000
2025-02-21,96.1818,0.01030000,235.42960000,8.983700,0.00000000,0.00000000,0.00000000,0.0000000,0.00000000,0.00000000,0.00000000,0.000000,0.00000000,0.00000000,0.00000000,0.00000000,0.00000000,24949.42560000,0.00000000,0.000000,0.00000000,0.00000000,0.00000000,0.00000000,0.00000000,0.00000000,0.00000000,0.00000000,0.00000000,0.00000000,0.00000000,0.00000000,0.00000000,0.00000000,0.00000000,0.00000000,0.00000000,0.00000000,0.00000000,0.00000000,0.00000000,0.00000000,0.00000000,0.000000,0.00000000,0.000000,0.00000000,0.00000000
2025-02-20,96.1818,0.01030000,235.42960000,8.983700,0.00000000,0.00000000,0.00000000,0.0000000,0.00000000,0.00000000,0.00000000,0.000000,0.00000000,0.00000000,0.00000000,0.00000000,0.00000000,24949.42560000,0.00000000,0.000000,0.00000000,0.00000000,0.00000000,0.00000000,0.00000000,0.00000000,0.00000000,0.00000000,0.00000000,0.00000000,0.00000000,0.00000000,0.00000000,0.00000000,0.00000000,0.00000000,0.00000000,0.00000000,0.00000000,0.00000000,0.00000000,0.00000000,0.00000000,0.000000,0.00000000,0.000000,0.00000000,0.00000000
2025-02-19,96.1818,0.01030000,235.42960000,8.983700,0.00000000,0.00000000,0.00000000,0.0000000,0.00000000,0.00000000,0.00000000,0.000000,0.00000000,0.00000000,0.00000000,0.00000000,0.00000000,24949.42560000,0.00000000,0.000000,0.00000000,0.00000000,0.00000000,0.00000000,0.00000000,0.00000000,0.00000000,0.00000000,0.00000000,0.00000000,0.00000000,0.00000000,0.00000000,0.00000000,0.00000000,0.00000000,0.00000000,0.00000000,0.00000000,0.00000000,0.00000000,0.00000000,0.00000000,0.000000,0.00000000,0.000000,0.00000000,0.00000000
2025-02-18,96.1818,0.01030000,235.42960000,8.983700,0.00000000,0.00000000,0.00000000,0.0000000,0.00000000,0.00000000,0.00000000,0.000000,0.00000000,0.00000000,0.00000000,0.00000000,0.00000000,24949.42560000,0.00000000,0.000000,0.00000000,0.00000000,0.00000000,0.00000000,0.00000000,0.00000000,0.00000000,0.00000000,0.00000000,0.00000000,0.00000000,0.00000000,0.00000000,0.00000000,0.00000000,0.00000000,0.00000000,0.00000000,0.00000000,0.00000000,0.00000000,0.00000000,0.00000000,0.000000,0.00000000,0.000000,0.00000000,0.00000000
2025-02-17,96.1818,0.01030000,235.42960000,8.983700,0.00000000,0.00000000,0.00000000,0.0000000,0.00000000,0.00000000,0.00000000,0.000000,0.00000000,0.00000000,0.00000000,0.00000000,0.00000000,24949.42560000,0.00000000,0.000000,0.00000000,0.00000000,0.00000000,0.00000000,0.00000000,0.00000000,0.00000000,0.00000000,0.00000000,0.00000000,0.00000000,0.00000000,0.00000000,0.00000000,0.00000000,0.00000000,0.00000000,0.00000000,0.00000000,0.00000000,0.00000000,0.00000000,0.00000000,0.000000,0.00000000,0.000000,0.00000000,0.00000000
2025-02-16,96.1818,0.01030000,235.42960000,8.983700,0.00000000,0.00000000,0.00000000,0.0000000,0.00000000,0.00000000,0.00000000,0.000000,0.00000000,0.00000000,0.00000000,0.00000000,0.00000000,24949.42560000,0.00000000,0.000000,0.00000000,0.00000000,0.00000000,0.00000000,0.00000000,0.00000000,0.00000000,0.00000000,0.00000000,0.00000000,0.00000000,0.00000000,0.00000000,0.00000000,0.00000000,0.00000000,0.00000000,0.00000000,0.00000000,0.00000000,0.00000000,0.00000000,0.00000000,0.000000,0.00000000,0.000000,0.00000000,0.00000000
2025-02-15,96.1818,0.01030000,235.42960000,8.983700,0.00000000,0.00000000,0.00000000,0.0000000,0.00000000,0.00000000,0.00000000,0.000000,0.00000000,0.00000000,0.00000000,0.00000000,0.00000000,24949.42560000,0.00000000,0.000000,0.00000000,0.00000000,0.00000000,0.00000000,0.00000000,0.00000000,0.00000000,0.00000000,0.00000000,0.00000000,0.00000000,0.00000000,0.00000000,0.00000000,0.00000000,0.00000000,0.00000000,0.00000000,0.00000000,0.00000000,0.00000000,0.00000000,0.00000000,0.000000,0.00000000,0.000000,0.00000000,0.00000000
2025-02-14,96.1818,0.01030000,235.42960000,8.983700,0.00000000,0.00000000,0.00000000,0.0000000,0.00000000,0.00000000,0.00000000,0.000000,0.00000000,0.00000000,0.00000000,0.00000000,0.00000000,24949.42560000,0.00000000,0.000000,0.00000000,0.00000000,0.00000000,0.00000000,0.00000000,0.00000000,0.00000000,0.00000000,0.00000000,0.00000000,0.00000000,0.00000000,0.00000000,0.00000000,0.00000000,0.00000000,0.00000000,0.00000000,0.00000000,0.00000000,0.00000000,0.00000000,0.00000000,0.000000,0.00000000,0.000000,0.00000000,0.00000000
2025-02-13,96.1818,0.01030000,235.42960000,8.983700,0.00000000,0.00000000,0.00000000,0.0000000,0.00000000,0.00000000,0.00000000,0.000000,0.00000000,0.00000000,0.00000000,0.00000000,0.00000000,24949.42560000,0.00000000,0.000000,0.00000000,0.00000000,0.00000000,0.00000000,0.00000000,0.00000000,0.00000000,0.00000000,0.00000000,0.00000000,0.00000000,0.00000000,0.00000000,0.00000000,0.00000000,0.00000000,0.00000000,0.00000000,0.00000000,0.00000000,0.00000000,0.00000000,0.00000000,0.000000,0.00000000,0.000000,0.00000000,0.00000000
2025-02-12,96.1818,0.01030000,235.42960000,8.983700,0.00000000,0.00000000,0.00000000,0.0000000,0.00000000,0.00000000,0.00000000,0.000000,0.00000000,0.00000000,0.00000000,0.00000000,0.00000000,24949.42560000,0.00000000,0.000000,0.00000000,0.00000000,0.00000000,0.00000000,0.00000000,0.00000000,0.00000000,0.00000000,0.00000000,0.00000000,0.00000000,0.00000000,0.00000000,0.00000000,0.00000000,0.00000000,0.00000000,0.00000000,0.00000000,0.00000000,0.00000000,0.00000000,0.00000000,0.000000,0.00000000,0.000000,0.00000000,0.00000000
2025-02-11,96.1818,0.01030000,235.42960000,8.983700,0.00000000,0.00000000,0.00000000,0.0000000,0.00000000,0.00000000,0.00000000,0.000000,0.00000000,0.00000000,0.00000000,0.00000000,0.00000000,24949.42560000,0.00000000,0.000000,0.00000000,0.00000000,0.00000000,0.00000000,0.00000000,0.00000000,0.00000000,0.00000000,0.00000000,0.00000000,0.00000000,0.00000000,0.00000000,0.00000000,0.00000000,0.00000000,0.00000000,0.00000000,0.00000000,0.00000000,0.00000000,0.00000000,0.00000000,0.000000,0.00000000,0.000000,0.00000000,0.00000000
2025-02-10,96.1818,0.01030000,235.42960000,8.983700,0.00000000,0.00000000,0.00000000,0.0000000,0.00000000,0.00000000,0.00000000,0.000000,0.00000000,0.00000000,0.00000000,0.00000000,0.00000000,24949.42560000,0.00000000,0.000000,0.00000000,0.00000000,0.00000000,0.00000000,0.00000000,0.00000000,0.00000000,0.00000000,0.00000000,0.00000000,0.00000000,0.00000000,0.00000000,0.00000000,0.00000000,0.00000000,0.00000000,0.00000000,0.00000000,0.00000000,0.00000000,0.00000000,0.00000000,0.000000,0.00000000,0.000000,0.00000000,0.00000000
2025-02-09,96.1818,0.01030000,235.42960000,8.983700,0.00000000,0.00000000,0.00000000,0.0000000,0.00000000,0.00000000,0.00000000,0.000000,0.00000000,0.00000000,0.00000000,0.00000000,0.00000000,24949.42560000,0.00000000,0.000000,0.00000000,0.00000000,0.00000000,0.00000000,0.00000000,0.00000000,0.00000000,0.00000000,0.00000000,0.00000000,0.00000000,0.00000000,0.00000000,0.00000000,0.00000000,0.00000000,0.00000000,0.00000000,0.00000000,0.00000000,0.00000000,0.00000000,0.00000000,0.000000,0.00000000,0.000000,0.00000000,0.00000000
2025-02-08,96.1818,0.01030000,235.42960000,8.983700,0.00000000,0.00000000,0.00000000,0.0000000,0.00000000,0.00000000,0.00000000,0.000000,0.00000000,0.00000000,0.00000000,0.00000000,0.00000000,24949.42560000,0.00000000,0.000000,0.00000000,0.00000000,0.00000000,0.00000000,0.00000000,0.00000000,0.00000000,0.00000000,0.00000000,0.00000000,0.00000000,0.00000000,0.00000000,0.00000000,0.00000000,0.00000000,0.00000000,0.00000000,0.00000000,0.00000000,0.00000000,0.00000000,0.00000000,0.000000,0.00000000,0.000000,0.00000000,0.00000000
2025-02-07,96.1818,0.01030000,235.42960000,8.983700,0.00000000,0.00000000,0.00000000,0.0000000,0.00000000,0.00000000,0.00000000,0.000000,0.00000000,0.00000000,0.00000000,0.00000000,0.00000000,24949.42560000,0.00000000,0.000000,0.00000000,0.00000000,0.00000000,0.00000000,0.00000000,0.00000000,0.00000000,0.00000000,0.00000000,0.00000000,0.00000000,0.00000000,0.00000000,0.00000000,0.00000000,0.00000000,0.00000000,0.00000000,0.00000000,0.00000000,0.00000000,0.00000000,0.00000000,0.000000,0.00000000,0.000000,0.00000000,0.00000000
2025-02-06,96.1818,0.01030000,235.42960000,8.983700,0.00000000,0.00000000,0.00000000,0.0000000,0.00000000,0.00000000,0.00000000,0.000000,0.00000000,0.00000000,0.00000000,0.00000000,0.00000000,24949.42560000,0.00000000,0.000000,0.00000000,0.00000000,0.00000000,0.00000000,0.00000000,0.00000000,0.00000000,0.00000000,0.00000000,0.00000000,0.00000000,0.00000000,0.00000000,0.00000000,0.00000000,0.00000000,0.00000000,0.00000000,0.00000000,0.00000000,0.00000000,0.00000000,0.00000000,0.000000,0.00000000,0.000000,0.00000000,0.00000000
2025-02-05,96.1818,0.01030000,235.42960000,8.983700,0.00000000,0.00000000,0.00000000,0.0000000,0.00000000,0.00000000,0.00000000,0.000000,0.00000000,0.00000000,0.00000000,0.00000000,0.00000000,24949.42560000,0.00000000,0.000000,0.00000000,0.00000000,0.00000000,0.00000000,0.00000000,0.00000000,0.00000000,0.00000000,0.00000000,0.00000000,0.00000000,0.00000000,0.00000000,0.00000000,0.00000000,0.00000000,0.00000000,0.00000000,0.00000000,0.00000000,0.00000000,0.00000000,0.00000000,0.000000,0.00000000,0.000000,0.00000000,0.00000000
2025-02-04,96.1818,0.01030000,235.42960000,8.983700,0.00000000,0.00000000,0.00000000,0.0000000,0.00000000,0.00000000,0.00000000,0.000000,0.00000000,0.00000000,0.00000000,0.00000000,0.00000000,24949.42560000,0.00000000,0.000000,0.00000000,0.00000000,0.00000000,0.00000000,0.00000000,0.00000000,0.00000000,0.00000000,0.00000000,0.00000000,0.00000000,0.00000000,0.00000000,0.00000000,0.00000000,0.00000000,0.00000000,0.00000000,0.00000000,0.00000000,0.00000000,0.00000000,0.00000000,0.000000,0.00000000,0.000000,0.00000000,0.00000000
2025-02-03,96.1818,0.01030000,235.42960000,8.983700,0.00000000,0.00000000,0.00000000,0.0000000,0.00000000,0.00000000,0.00000000,0.000000,0.00000000,0.00000000,0.00000000,0.00000000,0.00000000,24949.42560000,0.00000000,0.000000,0.00000000,0.00000000,0.00000000,0.00000000,0.00000000,0.00000000,0.00000000,0.00000000,0.00000000,0.00000000,0.00000000,0.00000000,0.00000000,0.00000000,0.00000000,0.00000000,0.00000000,0.00000000,0.00000000,0.00000000,0.00000000,0.00000000,0.00000000,0.000000,0.00000000,0.000000,0.00000000,0.00000000
2025-02-02,96.1818,0.01030000,235.42960000,8.983700,0.00000000,0.00000000,0.00000000,0.0000000,0.00000000,0.00000000,0.00000000,0.000000,0.00000000,0.00000000,0.00000000,0.00000000,0.00000000,24949.42560000,0.00000000,0.000000,0.00000000,0.00000000,0.00000000,0.00000000,0.00000000,0.00000000,0.00000000,0.00000000,0.00000000,0.00000000,0.00000000,0.00000000,0.00000000,0.00000000,0.00000000,0.00000000,0.00000000,0.00000000,0.00000000,0.00000000,0.00000000,0.00000000,0.00000000,0.000000,0.00000000,0.000000,0.00000000,0.00000000
2025-02-01,96.1818,0.01030000,235.42960000,8.983700,0.00000000,0.00000000,0.00000000,0.0000000,0.00000000,0.00000000,0.00000000,0.000000,0.00000000,0.00000000,0.00000000,0.00000000,0.00000000,24949.42560000,0.00000000,0.000000,0.00000000,0.00000000,0.00000000,0.00000000,0.00000000,0.00000000,0.00000000,0.00000000,0.00000000,0.00000000,0.00000000,0.00000000,0.00000000,0.00000000,0.00000000,0.00000000,0.00000000,0.00000000,0.00000000,0.00000000,0.00000000,0.00000000,0.00000000,0.000000,0.00000000,0.000000,0.00000000,0.00000000
2025-01-31,96.1818,0.01030000,235.42960000,8.983700,0.00000000,0.00000000,0.00000000,0.0000000,0.00000000,0.00000000,0.00000000,0.000000,0.00000000,0.00000000,0.00000000,0.00000000,0.00000000,24949.42560000,0.00000000,0.000000,0.00000000,0.00000000,0.00000000,0.00000000,0.00000000,0.00000000,0.00000000,0.00000000,0.00000000,0.00000000,0.00000000,0.00000000,0.00000000,0.00000000,0.00000000,0.00000000,0.00000000,0.00000000,0.00000000,0.00000000,0.00000000,0.00000000,0.00000000,0.000000,0.00000000,0.000000,0.00000000,0.00000000
2025-01-30,96.1818,0.01030000,235.42960000,8.983700,0.00000000,0.00000000,0.00000000,0.0000000,0.00000000,0.00000000,0.00000000,0.000000,0.00000000,0.00000000,0.00000000,0.00000000,0.00000000,24949.42560000,0.00000000,0.000000,0.00000000,0.00000000,0.00000000,0.00000000,0.00000000,0.00000000,0.00000000,0.00000000,0.00000000,0.00000000,0.00000000,0.00000000,0.00000000,0.00000000,0.00000000,0.00000000,0.00000000,0.00000000,0.00000000,0.00000000,0.00000000,0.00000000,0.00000000,0.000000,0.00000000,0.000000,0.00000000,0.00000000
2025-01-29,96.1818,0.01030000,235.42960000,8.983700,0.00000000,0.00000000,0.00000000,0.0000000,0.00000000,0.00000000,0.00000000,0.000000,0.00000000,0.00000000,0.00000000,0.00000000,0.00000000,24949.42560000,0.00000000,0.000000,0.00000000,0.00000000,0.00000000,0.00000000,0.00000000,0.00000000,0.00000000,0.00000000,0.00000000,0.00000000,0.00000000,0.00000000,0.00000000,0.00000000,0.00000000,0.00000000,0.00000000,0.00000000,0.00000000,0.00000000,0.00000000,0.00000000,0.00000000,0.000000,0.00000000,0.000000,0.00000000,0.00000000
2025-01-28,96.1818,0.01030000,235.42960000,8.983700,0.00000000,0.00000000,0.00000000,0.0000000,0.00000000,0.00000000,0.00000000,0.000000,0.00000000,0.00000000,0.00000000,0.00000000,0.00000000,24949.42560000,0.00000000,0.000000,0.00000000,0.00000000,0.00000000,0.00000000,0.00000000,0.00000000,0.00000000,0.00000000,0.00000000,0.00000000,0.00000000,0.00000000,0.00000000,0.00000000,0.00000000,0.00000000,0.00000000,0.00000000,0.00000000,0.00000000,0.00000000,0.00000000,0.00000000,0.000000,0.00000000,0.000000,0.00000000,0.00000000
2025-01-27,96.1818,0.01030000,235.42960000,8.983700,0.00000000,0.00000000,0.00000000,0.0000000,0.00000000,0.00000000,0.00000000,0.000000,0.00000000,0.00000000,0.00000000,0.00000000,0.00000000,24949.42560000,0.00000000,0.000000,0.00000000,0.00000000,0.00000000,0.00000000,0.00000000,0.00000000,0.00000000,0.00000000,0.00000000,0.00000000,0.00000000,0.00000000,0.00000000,0.00000000,0.00000000,0.00000000,0.00000000,0.00000000,0.00000000,0.00000000,0.00000000,0.00000000,0.00000000,0.000000,0.00000000,0.000000,0.00000000,0.00000000
2025-01-26,96.1818,0.01030000,235.42960000,8.983700,0.00000000,0.00000000,0.00000000,0.0000000,0.00000000,0.00000000,0.00000000,0.000000,0.00000000,0.00000000,0.00000000,0.00000000,0.00000000,24949.42560000,0.00000000,0.000000,0.00000000,0.00000000,0.00000000,0.00000000,0.00000000,0.00000000,0.00000000,0.00000000,0.00000000,0.00000000,0.00000000,0.00000000,0.00000000,0.00000000,0.00000000,0.00000000,0.00000000,0.00000000,0.00000000,0.00000000,0.00000000,0.00000000,0.00000000,0.000000,0.00000000,0.000000,0.00000000,0.00000000
2025-01-25,96.1818,0.01030000,235.42960000,8.983700,0.00000000,0.00000000,0.00000000,0.0000000,0.00000000,0.00000000,0.00000000,0.000000,0.00000000,0.00000000,0.00000000,0.00000000,0.00000000,24949.42560000,0.00000000,0.000000,0.00000000,0.00000000,0.00000000,0.00000000,0.00000000,0.00000000,0.00000000,0.00000000,0.00000000,0.00000000,0.00000000,0.00000000,0.00000000,0.00000000,0.00000000,0.00000000,0.00000000,0.00000000,0.00000000,0.00000000,0.00000000,0.00000000,0.00000000,0.000000,0.00000000,0.000000,0.00000000,0.00000000
2025-01-24,96.1818,0.01030000,235.42960000,8.983700,0.00000000,0.00000000,0.00000000,0.0000000,0.00000000,0.00000000,0.00000000,0.000000,0.00000000,0.00000000,0.00000000,0.00000000,0.00000000,24949.42560000,0.00000000,0.000000,0.00000000,0.00000000,0.00000000,0.00000000,0.00000000,0.00000000,0.00000000,0.00000000,0.00000000,0.00000000,0.00000000,0.00000000,0.00000000,0.00000000,0.00000000,0.00000000,0.00000000,0.00000000,0.00000000,0.00000000,0.00000000,0.00000000,0.00000000,0.000000,0.00000000,0.000000,0.00000000,0.00000000
2025-01-23,96.1818,0.01030000,235.42960000,8.983700,0.00000000,0.00000000,0.00000000,0.0000000,0.00000000,0.00000000,0.00000000,0.000000,0.00000000,0.00000000,0.00000000,0.00000000,0.00000000,24949.42560000,0.00000000,0.000000,0.00000000,0.00000000,0.00000000,0.00000000,0.00000000,0.00000000,0.00000000,0.00000000,0.00000000,0.00000000,0.00000000,0.00000000,0.00000000,0.00000000,0.00000000,0.00000000,0.00000000,0.00000000,0.00000000,0.00000000,0.00000000,0.00000000,0.00000000,0.000000,0.00000000,0.000000,0.00000000,0.00000000
2025-01-22,96.1818,0.01030000,235.42960000,8.983700,0.00000000,0.00000000,0.00000000,0.0000000,0.00000000,0.00000000,0.00000000,0.000000,0.00000000,0.00000000,0.00000000,0.00000000,0.00000000,24949.42560000,0.00000000,0.000000,0.00000000,0.00000000,0.00000000,0.00000000,0.00000000,0.00000000,0.00000000,0.00000000,0.00000000,0.00000000,0.00000000,0.00000000,0.00000000,0.00000000,0.00000000,0.00000000,0.00000000,0.00000000,0.00000000,0.00000000,0.00000000,0.00000000,0.00000000,0.000000,0.00000000,0.000000,0.00000000,0.00000000
2025-01-21,96.1818,0.01030000,235.42960000,8.983700,0.00000000,0.00000000,0.00000000,0.0000000,0.00000000,0.00000000,0.00000000,0.000000,0.00000000,0.00000000,0.00000000,0.00000000,0.00000000,24949.42560000,0.00000000,0.000000,0.00000000,0.00000000,0.00000000,0.00000000,0.00000000,0.00000000,0.00000000,0.00000000,0.00000000,0.00000000,0.00000000,0.00000000,0.00000000,0.00000000,0.00000000,0.00000000,0.00000000,0.00000000,0.00000000,0.00000000,0.00000000,0.00000000,0.00000000,0.000000,0.00000000,0.000000,0.00000000,0.00000000
2025-01-20,96.1818,0.01030000,235.42960000,8.983700,0.00000000,0.00000000,0.00000000,0.0000000,0.00000000,0.00000000,0.00000000,0.000000,0.00000000,0.00000000,0.00000000,0.00000000,0.00000000,24949.42560000,0.00000000,0.000000,0.00000000,0.00000000,0.00000000,0.00000000,0.00000000,0.00000000,0.00000000,0.00000000,0.00000000,0.00000000,0.00000000,0.00000000,0.00000000,0.00000000,0.00000000,0.00000000,0.00000000,0.00000000,0.00000000,0.00000000,0.00000000,0.00000000,0.00000000,0.000000,0.00000000,0.000000,0.00000000,0.00000000
2025-01-19,96.1818,0.01030000,235.42960000,8.983700,0.00000000,0.00000000,0.00000000,0.0000000,0.00000000,0.00000000,0.00000000,0.000000,0.00000000,0.00000000,0.00000000,0.00000000,0.00000000,24949.42560000,0.00000000,0.000000,0.00000000,0.00000000,0.00000000,0.00000000,0.00000000,0.00000000,0.00000000,0.00000000,0.00000000,0.00000000,0.00000000,0.00000000,0.00000000,0.00000000,0.00000000,0.00000000,0.00000000,0.00000000,0.00000000,0.00000000,0.00000000,0.00000000,0.00000000,0.000000,0.00000000,0.000000,0.00000000,0.00000000
2025-01-18,96.1818,0.01030000,235.42960000,8.983700,0.00000000,0.00000000,0.00000000,0.0000000,0.00000000,0.00000000,0.00000000,0.000000,0.00000000,0.00000000,0.00000000,0.00000000,0.00000000,24949.42560000,0.00000000,0.000000,0.00000000,0.00000000,0.00000000,0.00000000,0.00000000,0.00000000,0.00000000,0.00000000,0.00000000,0.00000000,0.00000000,0.00000000,0.00000000,0.00000000,0.00000000,0.00000000,0.00000000,0.00000000,0.00000000,0.00000000,0.00000000,0.00000000,0.00000000,0.000000,0.00000000,0.000000,0.00000000,0.00000000
2025-01-17,96.1818,0.01030000,235.42960000,8.983700,0.00000000,0.00000000,0.00000000,0.0000000,0.00000000,0.00000000,0.00000000,0.000000,0.00000000,0.00000000,0.00000000,0.00000000,0.00000000,24949.42560000,0.00000000,0.000000,0.00000000,0.00000000,0.00000000,0.00000000,0.00000000,0.00000000,0.00000000,0.00000000,0.00000000,0.00000000,0.00000000,0.00000000,0.00000000,0.00000000,0.00000000,0.00000000,0.00000000,0.00000000,0.00000000,0.00000000,0.00000000,0.00000000,0.00000000,0.000000,0.00000000,0.000000,0.00000000,0.00000000
2025-01-16,96.1818,0.01030000,235.42960000,8.983700,0.00000000,0.00000000,0.00000000,0.0000000,0.00000000,0.00000000,0.00000000,0.000000,0.00000000,0.00000000,0.00000000,0.00000000,0.00000000,24949.42560000,0.00000000,0.000000,0.00000000,0.00000000,0.00000000,0.00000000,0.00000000,0.00000000,0.00000000,0.00000000,0.00000000,0.00000000,0.00000000,0.00000000,0.00000000,0.00000000,0.00000000,0.00000000,0.00000000,0.00000000,0.00000000,0.00000000,0.00000000,0.00000000,0.00000000,0.000000,0.00000000,0.000000,0.00000000,0.00000000
2025-01-15,96.1818,0.01030000,235.42960000,8.983700,0.00000000,0.00000000,0.00000000,0.0000000,0.00000000,0.00000000,0.00000000,0.000000,0.00000000,0.00000000,0.00000000,0.00000000,0.00000000,24949.42560000,0.00000000,0.000000,0.00000000,0.00000000,0.00000000,0.00000000,0.00000000,0.00000000,0.00000000,0.00000000,0.00000000,0.00000000,0.00000000,0.00000000,0.00000000,0.00000000,0.00000000,0.00000000,0.00000000,0.00000000,0.00000000,0.00000000,0.00000000,0.00000000,0.00000000,0.000000,0.00000000,0.000000,0.00000000,0.00000000
2025-01-14,96.1818,0.01030000,235.42960000,8.983700,0.00000000,0.00000000,0.00000000,0.0000000,0.00000000,0.00000000,0.00000000,0.000000,0.00000000,0.00000000,0.00000000,0.00000000,0.00000000,24949.42560000,0.00000000,0.000000,0.00000000,0.00000000,0.00000000,0.00000000,0.00000000,0.00000000,0.00000000,0.00000000,0.00000000,0.00000000,0.00000000,0.00000000,0.00000000,0.00000000,0.00000000,0.00000000,0.00000000,0.00000000,0.00000000,0.00000000,0.00000000,0.00000000,0.00000000,0.000000,0.00000000,0.000000,0.00000000,0.00000000
2025-01-13,96.1818,0.01030000,235.42960000,8.983700,0.00000000,0.00000000,0.00000000,0.0000000,0.00000000,0.00000000,0.00000000,0.000000,0.00000000,0.00000000,0.00000000,0.00000000,0.00000000,24949.42560000,0.00000000,0.000000,0.00000000,0.00000000,0.00000000,0.00000000,0.00000000,0.00000000,0.00000000,0.00000000,0.00000000,0.00000000,0.00000000,0.00000000,0.00000000,0.00000000,0.00000000,0.00000000,0.00000000,0.00000000,0.00000000,0.00000000,0.00000000,0.00000000,0.00000000,0.000000,0.00000000,0.000000,0.00000000,0.00000000
2025-01-12,96.1818,0.01030000,235.42960000,8.983700,0.00000000,0.00000000,0.00000000,0.0000000,0.00000000,0.00000000,0.00000000,0.000000,0.00000000,0.00000000,0.00000000,0.00000000,0.00000000,24949.42560000,0.00000000,0.000000,0.00000000,0.00000000,0.00000000,0.00000000,0.00000000,0.00000000,0.00000000,0.00000000,0.00000000,0.00000000,0.00000000,0.00000000,0.00000000,0.00000000,0.00000000,0.00000000,0.00000000,0.00000000,0.00000000,0.00000000,0.00000000,0.00000000,0.00000000,0.000000,0.00000000,0.000000,0.00000000,0.00000000
2025-01-11,96.1818,0.01030000,235.42960000,8.983700,0.00000000,0.00000000,0.00000000,0.0000000,0.00000000,0.00000000,0.00000000,0.000000,0.00000000,0.00000000,0.00000000,0.00000000,0.00000000,24949.42560000,0.00000000,0.000000,0.00000000,0.00000000,0.00000000,0.00000000,0.00000000,0.00000000,0.00000000,0.00000000,0.00000000,0.00000000,0.00000000,0.00000000,0.00000000,0.00000000,0.00000000,0.00000000,0.00000000,0.00000000,0.00000000,0.00000000,0.00000000,0.00000000,0.00000000,0.000000,0.00000000,0.000000,0.00000000,0.00000000
2025-01-10,96.1818,0.01030000,235.42960000,8.983700,0.00000000,0.00000000,0.00000000,0.0000000,0.00000000,0.00000000,0.00000000,0.000000,0.00000000,0.00000000,0.00000000,0.00000000,0.00000000,24949.42560000,0.00000000,0.000000,0.00000000,0.00000000,0.00000000,0.00000000,0.00000000,0.00000000,0.00000000,0.00000000,0.00000000,0.00000000,0.00000000,0.00000000,0.00000000,0.00000000,0.00000000,0.00000000,0.00000000,0.00000000,0.00000000,0.00000000,0.00000000,0.00000000,0.00000000,0.000000,0.00000000,0.000000,0.00000000,0.00000000
2025-01-09,96.1818,0.01030000,235.42960000,8.983700,0.00000000,0.00000000,0.00000000,0.0000000,0.00000000,0.00000000,0.00000000,0.000000,0.00000000,0.00000000,0.00000000,0.00000000,0.00000000,24949.42560000,0.00000000,0.000000,0.00000000,0.00000000,0.00000000,0.00000000,0.00000000,0.00000000,0.00000000,0.00000000,0.00000000,0.00000000,0.00000000,0.00000000,0.00000000,0.00000000,0.00000000,0.00000000,0.00000000,0.00000000,0.00000000,0.00000000,0.00000000,0.00000000,0.00000000,0.000000,0.00000000,0.000000,0.00000000,0.00000000
2025-01-08,96.1818,0.01030000,235.42960000,8.983700,0.00000000,0.00000000,0.00000000,0.0000000,0.00000000,0.00000000,0.00000000,0.000000,0.00000000,0.00000000,0.00000000,0.00000000,0.00000000,24949.42560000,0.00000000,0.000000,0.00000000,0.00000000,0.00000000,0.00000000,0.00000000,0.00000000,0.00000000,0.00000000,0.00000000,0.00000000,0.00000000,0.00000000,0.00000000,0.00000000,0.00000000,0.00000000,0.00000000,0.00000000,0.00000000,0.00000000,0.00000000,0.00000000,0.00000000,0.000000,0.00000000,0.000000,0.00000000,0.00000000
2025-01-07,96.1818,0.01030000,235.42960000,8.983700,0.00000000,0.00000000,0.00000000,0.0000000,0.00000000,0.00000000,0.00000000,0.000000,0.00000000,0.00000000,0.00000000,0.00000000,0.00000000,24949.42560000,0.00000000,0.000000,0.00000000,0.00000000,0.00000000,0.00000000,0.00000000,0.00000000,0.00000000,0.00000000,0.00000000,0.00000000,0.00000000,0.00000000,0.00000000,0.00000000,0.00000000,0.00000000,0.00000000,0.00000000,0.00000000,0.00000000,0.00000000,0.00000000,0.00000000,0.000000,0.00000000,0.000000,0.00000000,0.00000000
2025-01-06,96.1818,0.01030000,235.42960000,8.983700,0.00000000,0.00000000,0.00000000,0.0000000,0.00000000,0.00000000,0.00000000,0.000000,0.00000000,0.00000000,0.00000000,0.00000000,0.00000000,24949.42560000,0.00000000,0.000000,0.00000000,0.00000000,0.00000000,0.00000000,0.00000000,0.00000000,0.00000000,0.00000000,0.00000000,0.00000000,0.00000000,0.00000000,0.00000000,0.00000000,0.00000000,0.00000000,0.00000000,0.00000000,0.00000000,0.00000000,0.00000000,0.00000000,0.00000000,0.000000,0.00000000,0.000000,0.00000000,0.00000000
2025-01-05,96.1818,0.01030000,235.42960000,8.983700,0.00000000,0.00000000,0.00000000,0.0000000,0.00000000,0.00000000,0.00000000,0.000000,0.00000000,0.00000000,0.00000000,0.00000000,0.00000000,24949.42560000,0.00000000,0.000000,0.00000000,0.00000000,0.00000000,0.00000000,0.00000000,0.00000000,0.00000000,0.00000000,0.00000000,0.00000000,0.00000000,0.00000000,0.00000000,0.00000000,0.00000000,0.00000000,0.00000000,0.00000000,0.00000000,0.00000000,0.00000000,0.00000000,0.00000000,0.000000,0.00000000,0.000000,0.00000000,0.00000000
2025-01-04,96.1818,0.01030000,235.42960000,8.983700,0.00000000,0.00000000,0.00000000,0.0000000,0.00000000,0.00000000,0.00000000,0.000000,0.00000000,0.00000000,0.00000000,0.00000000,0.00000000,24949.42560000,0.00000000,0.000000,0.00000000,0.00000000,0.00000000,0.00000000,0.00000000,0.00000000,0.00000000,0.00000000,0.00000000,0.00000000,0.00000000,0.00000000,0.00000000,0.00000000,0.00000000,0.00000000,0.00000000,0.00000000,0.00000000,0.00000000,0.00000000,0.00000000,0.00000000,0.000000,0.00000000,0.000000,0.00000000,0.00000000
2025-01-03,96.1818,0.01030000,235.42960000,8.983700,0.00000000,0.00000000,0.00000000,0.0000000,0.00000000,0.00000000,0.00000000,0.000000,0.00000000,0.00000000,0.00000000,0.00000000,0.00000000,24949.42560000,0.00000000,0.000000,0.00000000,0.00000000,0.00000000,0.00000000,0.00000000,0.00000000,0.00000000,0.00000000,0.00000000,0.00000000,0.00000000,0.00000000,0.00000000,0.00000000,0.00000000,0.00000000,0.00000000,0.00000000,0.00000000,0.00000000,0.00000000,0.00000000,0.00000000,0.000000,0.00000000,0.000000,0.00000000,0.00000000
2025-01-02,96.1818,0.01030000,235.42960000,8.983700,0.00000000,0.00000000,0.00000000,0.0000000,0.00000000,0.00000000,0.00000000,0.000000,0.00000000,0.00000000,0.00000000,0.00000000,0.00000000,24949.42560000,0.00000000,0.000000,0.00000000,0.00000000,0.00000000,0.00000000,0.00000000,0.00000000,0.00000000,0.00000000,0.00000000,0.00000000,0.00000000,0.00000000,0.00000000,0.00000000,0.00000000,0.00000000,0.00000000,0.00000000,0.00000000,0.00000000,0.00000000,0.00000000,0.00000000,0.000000,0.00000000,0.000000,0.00000000,0.00000000
2025-01-01,96.1818,0.01030000,235.42960000,8.983700,0.00000000,0.00000000,0.00000000,0.0000000,0.00000000,0.00000000,0.00000000,0.000000,0.00000000,0.00000000,0.00000000,0.00000000,0.00000000,24949.42560000,0.00000000,0.000000,0.00000000,0.00000000,0.00000000,0.00000000,0.00000000,0.00000000,0.00000000,0.00000000,0.00000000,0.00000000,0.00000000,0.00000000,0.00000000,0.00000000,0.00000000,0.00000000,0.00000000,0.00000000,0.00000000,0.00000000,0.00000000,0.00000000,0.00000000,0.000000,0.00000000,0.000000,0.00000000,0.00000000